MAKE,MODEL,YEAR
KIA,FORTE,2018
KIA,FORTE,2017
KIA,SORENTO HYBRID,2023
KIA,SORENTO PHEV,2023
KIA,SORENTO,2024
KIA,SORENTO HYBRID,2024
KIA,SORENTO PHEV,2024
KIA,K5,2023
KIA,K5,2024
KIA,FORTE,2023
KIA,FORTE,2024
KIA,SOUL,2024
KIA,SOUL,2023
KIA,SORENTO,2023
MERCEDES-BENZ,AMG G63,2023
MERCEDES-BENZ,AMG G63,2019
MERCEDES-BENZ,AMG G63,2021
MERCEDES-BENZ,AMG G63,2024
MERCEDES-BENZ,AMG G63,2022
MERCEDES-BENZ,AMG G63,2020
MERCEDES-BENZ,EQB 350 4MATIC,2023
MERCEDES-BENZ,EQB 350 4MATIC,2022
MERCEDES-BENZ,EQB 350 4MATIC,2024
MERCEDES-BENZ,GLB 250,2020
MERCEDES-BENZ,GLB 250,2021
MERCEDES-BENZ,GLB 250,2022
MERCEDES-BENZ,GLB 250,2023
MERCEDES-BENZ,GLB 250,2024
MERCEDES-BENZ,GLB 250,2025
MERCEDES-BENZ,AMG GLB35,2021
MERCEDES-BENZ,AMG GLB35,2022
MERCEDES-BENZ,AMG GLB35,2023
MERCEDES-BENZ,AMG GLB35,2024
MERCEDES-BENZ,AMG GLB35,2025
MERCEDES,EQA,2021
MERCEDES-BENZ,GLE 350 4MATIC,2025
MERCEDES-BENZ,GLE 350,2024
MERCEDES-BENZ,GLE 450 E,2024
MERCEDES-BENZ,GLE 450E 4MATIC,2025
MERCEDES-BENZ,GLE 350,2020
MERCEDES-BENZ,GLE 350,2021
MERCEDES-BENZ,GLE 350,2023
MERCEDES-BENZ,GLE 450,2020
MERCEDES-BENZ,GLE 450,2021
MERCEDES-BENZ,GLE 450,2022
MERCEDES-BENZ,GLE 450,2023
MERCEDES-BENZ,GLE 450,2024
MERCEDES-BENZ,AMG GLE53,2021
MERCEDES-BENZ,AMG GLE53,2022
MERCEDES-BENZ,AMG GLE53,2023
MERCEDES-BENZ,AMG GLE53,2024
MERCEDES-BENZ,GLE 580,2024
MERCEDES-BENZ,GLE 580,2020
MERCEDES-BENZ,GLE 580,2021
MERCEDES-BENZ,GLE 580,2022
MERCEDES-BENZ,GLE 580,2023
MERCEDES-BENZ,AMG GLE63 S,2021
MERCEDES-BENZ,A 220,2020
MERCEDES-BENZ,A 220,2021
MERCEDES-BENZ,A 220,2022
MERCEDES-BENZ,AMG A35,2020
MERCEDES-BENZ,AMG A35,2021
MERCEDES-BENZ,CLA 250,2020
MERCEDES-BENZ,CLA 250,2021
MERCEDES-BENZ,CLA 250,2022
MERCEDES-BENZ,CLA 250,2023
MERCEDES-BENZ,AMG CLA35,2020
MERCEDES-BENZ,CLA 250,2024
MERCEDES-BENZ,A 220,2019
MERCEDES-BENZ,AMG GLE63 S,2024
MERCEDES-BENZ,AMG GLE63 S,2023
MERCEDES-BENZ,AMG GLE63 S,2022
MERCEDES-BENZ,AMG CLA45,2020
MERCEDES-BENZ,AMG CLA35,2024
MERCEDES-BENZ,AMG CLA35,2023
MERCEDES-BENZ,AMG CLA35,2022
MERCEDES-BENZ,AMG CLA35,2021
MERCEDES-BENZ,GLE 350,2022
MERCEDES-BENZ,AMG CLA45,2021
MERCEDES-BENZ,AMG CLA45,2022
MERCEDES-BENZ,AMG CLA45,2023
MERCEDES-BENZ,AMG CLA45,2024
MERCEDES-BENZ,EQB 250+,2023
MERCEDES-BENZ,EQB 250+,2024
MERCEDES-BENZ,EQB 300 4MATIC,2022
MERCEDES-BENZ,EQB 300 4MATIC,2023
MERCEDES-BENZ,EQB 300 4MATIC,2024
MERCEDES-BENZ,AMG GLA45,2021
MERCEDES-BENZ,AMG GLA 35,2025
MERCEDES-BENZ,AMG GLA 35,2024
MERCEDES-BENZ,AMG GLA35,2023
MERCEDES-BENZ,AMG GLA35,2022
MERCEDES-BENZ,AMG GLA35,2021
MERCEDES-BENZ,GLA 250,2025
MERCEDES-BENZ,GLA 250,2024
MERCEDES-BENZ,GLA 250,2023
MERCEDES-BENZ,GLA 250,2022
MERCEDES-BENZ,GLA 250,2021
MERCEDES-MAYBACH,GLS 600,2024
MERCEDES-MAYBACH,GLS 600,2023
MERCEDES-MAYBACH,GLS 600,2022
MERCEDES-MAYBACH,GLS 600,2021
MERCEDES-BENZ,AMG GLS63,2024
MERCEDES-BENZ,AMG GLS63,2023
MERCEDES-BENZ,AMG GLS63,2022
MERCEDES-BENZ,AMG GLS63,2021
MERCEDES-BENZ,GLS 580,2023
MERCEDES-BENZ,GLS 580,2022
MERCEDES-BENZ,GLS580,2021
MERCEDES-BENZ,GLS 580,2020
MERCEDES-BENZ,GLS 580,2024
MERCEDES-BENZ,GLS 450,2024
MERCEDES-BENZ,GLS 450,2023
MERCEDES-BENZ,GLS 450,2022
MERCEDES-BENZ,GLS450,2021
MERCEDES-BENZ,GLS 450,2020
MERCEDES-BENZ,AMG GLA45,2023
MERCEDES-BENZ,AMG GLA45,2022
MERCEDES-BENZ,GLC 300 COUPE,2024
MERCEDES-BENZ,GLC 300,2024
MERCEDES-BENZ,GLC 300,2023
MERCEDES-BENZ,E 450,2020
MERCEDES-BENZ,CLS 450,2021
MERCEDES-BENZ,CLS 450,2020
MERCEDES-BENZ,AMG GT43,2021
MERCEDES-BENZ,AMG GT43,2022
MERCEDES-BENZ,CLS 450,2022
MERCEDES-BENZ,CLS 450,2023
MERCEDES-BENZ,AMG CLS53,2020
MERCEDES-BENZ,AMG CLS53,2021
MERCEDES-BENZ,E 450,2021
MERCEDES-BENZ,E 450,2022
MERCEDES-BENZ,E 450,2023
MERCEDES-BENZ,AMG E53,2020
MERCEDES-BENZ,AMG E53,2021
MERCEDES-BENZ,AMG E53,2022
MERCEDES-BENZ,AMG E53,2023
MERCEDES-BENZ,AMG GT43,2023
MERCEDES-BENZ,AMG GT53,2020
MERCEDES-BENZ,AMG GT53,2021
MERCEDES-BENZ,AMG GT53,2022
MERCEDES-BENZ,AMG GT53,2023
MERCEDES-BENZ,AMG GT63,2020
MERCEDES-BENZ,AMG GT63,2021
MERCEDES-BENZ,AMG GT63,2022
MERCEDES-BENZ,AMG GT63,2023
MERCEDES-BENZ,AMG GT63S,2020
MERCEDES-BENZ,AMG GT63S,2021
MERCEDES-BENZ,AMG GT63 S,2022
MERCEDES-BENZ,AMG GT63 S,2023
MERCEDES-BENZ,E 350,2020
MERCEDES-BENZ,E 350,2021
MERCEDES-BENZ,E 350,2022
MERCEDES-BENZ,E 350,2023
MERCEDES-BENZ,AMG E63S,2020
MERCEDES-BENZ,AMG E63S,2021
MERCEDES-BENZ,AMG E63 S,2023
KIA,CADENZA,2016
KIA,CADENZA,2015
KIA,SORENTO,2015
KIA,SEDONA,2015
KIA,CADENZA,2014
KIA,SORENTO,2014
KIA,SEDONA,2016
KIA,CADENZA,2017
KIA,SOUL,2019
KIA,SOUL,2018
KIA,SOUL,2017
MERCEDES-BENZ,GLC350E,2019
MERCEDES-BENZ,GLC 350 E,2018
MERCEDES-BENZ,GLC 350 E,2020
KIA,NIRO,2020
KIA,TELLURIDE,2021
KIA,K5,2021
KIA,NIRO,2021
KIA,SELTOS,2021
KIA,NIRO PHEV,2021
KIA,TELLURIDE,2020
KIA,SORENTO,2020
KIA,NIRO PHEV,2020
KIA,SORENTO,2021
KIA,NIRO EV,2020
KIA,SOUL,2020
KIA,CADENZA,2020
KIA,CADENZA,2021
KIA,SOUL,2021
KIA,NIRO EV,2021
MERCEDES-BENZ,AMG GLC43,2018
MERCEDES-BENZ,GLC 300,2022
MERCEDES-BENZ,GLC 300,2021
MERCEDES-BENZ,GLC 300,2020
MERCEDES-BENZ,AMG GLC43,2022
MERCEDES-BENZ,AMG GLC43,2021
MERCEDES-BENZ,AMG GLC63 S,2021
MERCEDES-BENZ,AMG GLC63 S,2020
MERCEDES-BENZ,AMG GLC63S,2019
MERCEDES-BENZ,AMG GLC63S,2018
MERCEDES-BENZ,AMG GLC43,2023
MERCEDES-BENZ,AMG GLC43,2020
MERCEDES-BENZ,GLC 300,2019
MERCEDES-BENZ,AMG GLC43,2019
MERCEDES-BENZ,GLC 300,2018
MERCEDES-BENZ,AMG GLC63,2021
MERCEDES-BENZ,GLC300,2017
MERCEDES-BENZ,GLC300,2016
MERCEDES-BENZ,AMG GLC43,2017
MERCEDES-BENZ,AMG GLC63,2020
MERCEDES-BENZ,AMG GLC63,2019
MERCEDES-BENZ,AMG GLC63,2018
MERCEDES-BENZ,AMG S65,2018
MERCEDES-BENZ,S 550,2018
MERCEDES-BENZ,S 450,2018
MERCEDES-BENZ,AMG S63,2018
MERCEDES-MAYBACH,S 560,2018
MERCEDES-MAYBACH,S 650,2018
MERCEDES-BENZ,G 550,2022
MERCEDES-BENZ,G 550,2021
MERCEDES-BENZ,EQS 450+,2022
MERCEDES-BENZ,AMG EQS 53,2022
MERCEDES-BENZ,EQS 450,2022
MERCEDES-BENZ,EQS 580,2022
MERCEDES-BENZ,AMG EQS,2022
MERCEDES-BENZ,AMG GLA45,2020
MERCEDES-BENZ,AMG GLA45 S,2021
MERCEDES-BENZ,AMG GLA 45S,2024
MERCEDES-BENZ,GLA 250,2020
MERCEDES-BENZ,AMG C63 S E,2024
MERCEDES-BENZ,AMG GLC63,2022
MERCEDES-BENZ,GLC 350,2020
MERCEDES-BENZ,GLC 350,2019
MERCEDES-BENZ,GLC 350,2018
MERCEDES-BENZ,GLC 350 E,2021
MERCEDES-BENZ,GLC,2016
MERCEDES-BENZ,AMG C43,2024
MERCEDES-BENZ,C 300,2024
MERCEDES-BENZ,GLC 350 E 4MATIC,2025
MERCEDES-BENZ,AMG GLC63 S E,2024
MERCEDES-BENZ,AMG GLC43,2024
MERCEDES-BENZ,AMG GLC63 S,2023
MERCEDES-BENZ,AMG GLC63 S,2022
MERCEDES-BENZ,AMG GLC43,2016
KIA,OPTIMA PHEV,2019
KIA,OPTIMA HYBRID,2020
KIA,OPTIMA PHEV,2020
KIA,OPTIMA HYBRID,2019
KIA,SORENTO,2013
KIA,SORENTO,2011
KIA,SORENTO,2012
KIA,K5,2025
JEEP,GRAND CHEROKEE,2022
JEEP,GRAND CHEROKEE,2021
JEEP,GRAND CHEROKEE,2024
DODGE,HORNET,2024
DODGE,HORNET,2025
ALFA ROMEO,TONALE,2023
ALFA ROMEO,TONALE,2024
ALFA ROMEO,TONALE,2025
JEEP,GRAND CHEROKEE,2023
JEEP,WRANGLER,2021
JEEP,COMPASS,2025
JEEP,COMPASS,2024
JEEP,COMPASS,2023
JEEP,COMPASS,2022
JEEP,COMPASS,2021
RAM,PROMASTER,2025
RAM,PROMASTER,2024
RAM,PROMASTER,2023
JEEP,WRANGLER,2025
JEEP,WRANGLER,2024
JEEP,WRANGLER,2023
JEEP,WRANGLER,2022
DODGE,HORNET,2023
JEEP,GRAND CHEROKEE,2025
TRIUMPH,TIGER 1200 GT PRO,2025
TRIUMPH,TIGER 1200 RALLY EXPLORER,2025
TRIUMPH,TIGER 1200 RALLY EXPLORER,2024
TRIUMPH,TIGER 1200 RALLY PRO,2025
TRIUMPH,TIGER 1200 RALLY PRO,2024
TRIUMPH,TIGER 1200 GT PRO,2024
TRIUMPH,TIGER 1200 GT EXPLORER,2024
TRIUMPH,TIGER 1200 GT EXPLORER,2025
TRIUMPH,TIGER 1200 RALLY PRO,2023
TRIUMPH,TIGER 1200 RALLY PRO,2022
TRIUMPH,TIGER 1200 GT EXPLORER,2023
TRIUMPH,TIGER 1200 GT EXPLORER,2022
TRIUMPH,TIGER 1200 RALLY EXPLORER,2023
TRIUMPH,TIGER 1200 RALLY EXPLORER,2022
TRIUMPH,TIGER 1200 GT,2022
TRIUMPH,TIGER 1200 GT,2023
TRIUMPH,TIGER 1200 GT PRO,2023
TRIUMPH,TIGER 1200 GT PRO,2022
TRIUMPH,SCRAMBLER 400 X,2024
TRIUMPH,SCRAMBLER 400 X,2025
TRIUMPH,TRIDENT 660 TRIPLE TRIBUT,2025
TRIUMPH,TIGER 900 GT,2021
TRIUMPH,THRUXTON 909ME,2004
TRIUMPH,SPRINT ST (NT),2004
TRIUMPH,SPRINT ST (NT),2003
TRIUMPH,SPRINT ST (NT),2002
TRIUMPH,SPRINT RS (NR),2004
TRIUMPH,SPRINT RS (NR),2003
TRIUMPH,SPRINT RS (NR),2002
TRIUMPH,SPEEDMASTER 908ML,2004
TRIUMPH/DATATOOL,S 4 ALARM KIT/IMMOBILIZER,9999
TRIUMPH,955 I DAYTONA,2000
TRIUMPH,955 I DAYTONA,2001
TRIUMPH,ADVENTURER (SN),2000
TRIUMPH,ADVENTURER (SN),2001
TRIUMPH,BONNEVILLE 908MD,2001
TRIUMPH,BONNEVILLE 908MD,2002
TRIUMPH,BONNEVILLE 908MD,2003
TRIUMPH,BONNEVILLE 908MD,2004
TRIUMPH,BONNEVILLE 908MD,2005
TRIUMPH,BONNEVILLE 908MH-BL,2004
TRIUMPH,BONNEVILLE 908MH-BLACK,2004
TRIUMPH,BONNEVILLE 908MH-BLACK EN,2004
TRIUMPH,BONNEVILLE 908MH-BLACK EN,2005
TRIUMPH,BONNEVILLE AMERICA,2005
TRIUMPH,BONNEVILLE T100 908MF,2002
TRIUMPH,BONNEVILLE T100 908MF,2003
TRIUMPH,BONNEVILLE T100 908MF,2004
TRIUMPH,SPEEDMASTER 908ML,2003
TRIUMPH,SPEED TRIPLE 955I,2001
TRIUMPH,SPEED TRIPLE 955I,2000
TRIUMPH,SPEED TRIPLE (NC) SGL,2004
TRIUMPH,DAYTONA 600 T806LW,2004
TRIUMPH,DAYTONA 955 (NB) SGL,2002
TRIUMPH,DAYTONA 955 (NB) SGL,2003
TRIUMPH,DAYTONA 955 (NB) SGL,2004
TRIUMPH,DAYTONA 955 (NB) SGL,2005
TRIUMPH,DAYTONA 955 (NS),2002
TRIUMPH,LEGEND TT,2001
TRIUMPH,SPEED FOUR T806LB,2002
TRIUMPH,SPEED FOUR T806LB,2003
TRIUMPH,SPEED FOUR T806LB,2004
TRIUMPH,SPEED TRIPLE (NC) SGL,2003
TRIUMPH,SPEED TRIPLE (NC) SGL,2002
TRIUMPH,SPEED FOUR T806LB,2005
TRIUMPH,TIGER 900 RALLY,2021
TRIUMPH,TIGER 850,2022
TRIUMPH,TIGER 900 GT,2022
TRIUMPH,TIGER 900 RALLY PRO,2022
TRIUMPH,TIGER 900 RALLY,2022
TRIUMPH,BONNEVILLE SPEEDMASTER,2022
TRIUMPH,SPEED TRIPLE RR,2022
TRIUMPH,TRIDENT 660,2023
TRIUMPH,TIGER SPORT,2023
TRIUMPH,TIGER 900 GT PRO,2023
TRIUMPH,THRUXTON RS,2023
TRIUMPH,STREET TRIPLE RS,2023
TRIUMPH,SPEED TWIN,2023
TRIUMPH,SCRAMBLER 1200 XC,2023
TRIUMPH,ROCKET 3 R,2023
TRIUMPH,ROCKET 3 GT,2023
TRIUMPH,TIGER 900 RALLY PRO,2023
TRIUMPH,TIGER 900 RALLY,2023
TRIUMPH,TIGER 900 GT,2023
TRIUMPH,TIGER 850 SPORT,2023
TRIUMPH,SPEED TWIN 900,2023
TRIUMPH,SPEED TRIPLE RS,2023
TRIUMPH,SPEED TRIPLE RR,2023
TRIUMPH,SCRAMBLER 900,2023
TRIUMPH,SCRAMBLER 1200 XE,2023
TRIUMPH,BONNEVILLE T120,2023
TRIUMPH,BONNEVILLE T100,2023
TRIUMPH,BONNEVILLE SPEEDMASTER,2023
TRIUMPH,BONNEVILLE BOBBER,2023
TRIUMPH,THRUXTON RS,2022
TRIUMPH,TIGER 900 GT PRO,2022
TRIUMPH,STREET TWIN GOLDLINE,2022
TRIUMPH,STREET SCRAMBLER,2018
TRIUMPH,STREET TRIPLE R,2018
TRIUMPH,STREET TRIPLE RS,2024
TRIUMPH,STREET TRIPLE R,2024
TRIUMPH,STREET TRIPLE MOTO2 TM ED,2024
TRIUMPH,TIGER SPORT,2022
TRIUMPH,TIGER 850 SPORT,2024
TRIUMPH,TIGER 900 RALLY,2024
TRIUMPH,TIGER 900 GT,2024
TRIUMPH,TRIDENT 660,2024
TRIUMPH,ROCKET 3 STORM R,2025
TRIUMPH,ROCKET 3 STORM GT,2025
TRIUMPH,DAYTONA 660,2025
TRIUMPH,DAYTONA 660,2024
TRIUMPH,BONNEVILLE T120,2025
TRIUMPH,SPEED TWIN 900,2025
TRIUMPH,SCRAMBLER 900,2025
TRIUMPH,BONNEVILLE T100,2025
TRIUMPH,THRUXTON RS,2025
TRIUMPH,TIGER 900 GT PRO,2020
TRIUMPH,TIGER 900 GT LOW,2022
TRIUMPH,TIGER 900 BOND EDITION,2023
TRIUMPH,TIGER 850 SPORT,2022
TRIUMPH,TIGER 850 SPORT,2021
TRIUMPH,TIGER 900 RALLY PRO,2020
TRIUMPH,TIGER 900 RALLY PRO,2021
TRIUMPH,TIGER 900 GT LOW,2020
TRIUMPH,TIGER 900 GT LOW,2023
TRIUMPH,TIGER 900 GT LOW,2021
TRIUMPH,TIGER 900 RALLY ARAGON ED,2024
TRIUMPH,AMERICA LT A3,2015
TRIUMPH,AMERICA A3,2016
TRIUMPH,AMERICA LT A3,2016
TRIUMPH,BONNEVILLE T214 SE,2015
TRIUMPH,BONNEVILLE NEWCHURCH,2015
TRIUMPH,BONNEVILLE T100 A3,2015
TRIUMPH,BONNEVILLE T100 BUD EKIN,2020
TRIUMPH,BONNEVILLE T120 BUD EKIN,2020
TRIUMPH,BONNEVILLE T120 DIAMOND,2020
TRIUMPH,BONNEVILLE T120 BLACK,2023
TRIUMPH,BONNEVILLE T120 BLACK,2024
TRIUMPH,TIGER 900 RALLY PRO,2025
TRIUMPH,TIGER 900 GT PRO,2025
TRIUMPH,TIGER 850 SPORT,2025
TRIUMPH,STREET TRIPLE RS,2025
TRIUMPH,STREET TRIPLE R,2025
TRIUMPH,SCRAMBLER 1200 XE,2025
TRIUMPH,SCRAMBLER 1200 X,2025
TRIUMPH,BONNEVILLE T120 ELVIS EDI,2025
TRIUMPH,BONNEVILLE T120 BLACK,2025
TRIUMPH,BONNEVILLE SPEEDMASTER,2025
TRIUMPH,BONNEVILLE T120 DGR,2024
TRIUMPH,DAYTONA MOTO 2 765,2021
TRIUMPH,DAYTONA 675 ABS B1,2015
TRIUMPH,DAYTONA 675 R ABS B1,2016
TRIUMPH,ROCKET III ROADSTER ABS A,2016
TRIUMPH,ROCKET III ROADSTER ABS A,2017
TRIUMPH,ROCKET III ROADSTER ABS A,2018
TRIUMPH,STREET SCRAMBLER SANDSTOR,2022
TRIUMPH,SPEED TRIPLE ABS A1,2015
TRIUMPH,SPEED TWIN BREITLING EDIT,2023
TRIUMPH,SPEED 400,2025
TRIUMPH,BREITLING SPEED TRIPLE RR,2025
TRIUMPH,STREET TRIPLE ABS B1,2015
TRIUMPH,STREET TRIPLE R ABS B1,2015
TRIUMPH,STREET TRIPLE RX ABS B1,2015
TRIUMPH,STREET TRIPLE R ABS B1,2016
TRIUMPH,STREET TRIPLE R LOW SEAT,2018
TRIUMPH,STREET TRIPLE R LOW,2020
TRIUMPH,STREET TRIPLE R LOW,2021
TRIUMPH,STREET TRIPLE R LOW,2022
TRIUMPH,THUNDERBIRD STORM ABS B1,2015
TRIUMPH,THUNDERBIRD COMMANDER ABS,2016
TRIUMPH,TIGER 800 XRX,2015
TRIUMPH,TIGER EXPLORER ABS A1,2015
TRIUMPH,TIGER 800 XRT,2016
TRIUMPH,TIGER 1200 XRT,2020
TRIUMPH,TIGER 900 GT PRO,2021
TRIUMPH,SPEED TRIPLE RR,2024
TRIUMPH,SPEED TRIPLE RS,2024
TRIUMPH,SPEED TWIN,2024
TRIUMPH,SPEED TWIN 900,2024
TRIUMPH,THRUXTON RS,2024
TRIUMPH,TIGER SPORT,2024
TRIUMPH,TIGER 900 GT ARAGON EDITI,2024
TRIUMPH,TIGER SPORT 660,2025
TRIUMPH,EXPLORER XRT,2016
TRIUMPH,EXPLORER XCX LRH,2016
TRIUMPH,STREET TRIPLE R LOW SEAT,2019
TRIUMPH,BONNEVILLE T100 BLACK,2019
TRIUMPH,BONNEVILLE T120 BLACK,2019
TRIUMPH,BONNEVILLE T100 BLACK,2018
TRIUMPH,BONNEVILLE T120 BLACK,2018
TRIUMPH,BONNEVILLE BOBBER BLACK,2019
TRIUMPH,TIGER 800 XRX LOW,2019
TRIUMPH,TIGER 1200 XRX LRH,2018
TRIUMPH,TIGER 1200 XRX LRH,2019
TRIUMPH,TIGER 800 XRX LRH,2016
TRIUMPH,BONNEVILLE T120 ACE,2020
TRIUMPH,THRUXTON RS,2020
TRIUMPH,BONNEVILLE BOBBER TFC,2020
TRIUMPH,THRUXTON RS SHOWCASE,2020
TRIUMPH,BONNEVILLE SPEEDMASTER,2020
TRIUMPH,BONNEVILLE T100 BLACK,2020
TRIUMPH,TROPHY SE,2014
TRIUMPH,BONNEVILLE,2012
TRIUMPH,SCRAMBLER,2012
TRIUMPH,BONNEVILLE T100,2012
TRIUMPH,THRUXTON,2012
TRIUMPH,SPEEDMASTER,2012
TRIUMPH,BONNEVILLE T100,2013
TRIUMPH,ROCKET III TOURING,2013
TRIUMPH,THRUXTON,2013
TRIUMPH,SPEEDMASTER,2013
TRIUMPH,SCRAMBLER,2013
TRIUMPH,BONNEVILLE T100,2014
TRIUMPH,TIGER 800 XRX,2019
TRIUMPH,SCRAMBLER,2014
TRIUMPH,THRUXTON,2014
TRIUMPH,SPEEDMASTER,2014
TRIUMPH,THRUXTON A2,2015
TRIUMPH,SCRAMBLER A2,2015
TRIUMPH,SPEEDMASTER A3,2015
TRIUMPH,SPEEDMASTER A3,2016
TRIUMPH,SCRAMBLER A2,2016
TRIUMPH,THRUXTON,2016
TRIUMPH,STREET TWIN,2016
TRIUMPH,BONNEVILLE T120,2016
TRIUMPH,BONNEVILLE T120,2017
TRIUMPH,STREET TWIN,2017
TRIUMPH,SCRAMBLER A2,2017
TRIUMPH,BONNEVILLE T100,2017
TRIUMPH,STREET CUP,2017
TRIUMPH,THRUXTON,2017
TRIUMPH,BONNEVILLE BOBBER,2017
TRIUMPH,STREET TWIN,2018
TRIUMPH,BONNEVILLE T100,2018
TRIUMPH,STREET CUP,2018
TRIUMPH,BONNEVILLE T120,2018
TRIUMPH,BONNEVILLE BOBBER,2018
TRIUMPH,THRUXTON,2018
TRIUMPH,BONNEVILLE SPEEDMASTER,2018
TRIUMPH,TIGER 800 XRT,2018
TRIUMPH,TIGER 800 XCA,2018
TRIUMPH,BONNEVILLE BOBBER,2019
TRIUMPH,BONNEVILLE SPEEDMASTER,2019
TRIUMPH,BONNEVILLE T100,2019
TRIUMPH,BONNEVILLE T120,2019
TRIUMPH,TIGER 800 XR,2018
TRIUMPH,TIGER 800 XRX,2018
TRIUMPH,SPEED TRIPLE S,2019
TRIUMPH,SPEED TWIN,2019
TRIUMPH,STREET TWIN,2019
TRIUMPH,TIGER 1200 XCA,2019
TRIUMPH,TIGER 1200 XCX,2019
TRIUMPH,TIGER 1200 XRT,2019
TRIUMPH,TIGER 1200 XRX,2019
TRIUMPH,TIGER 800 XCA,2019
TRIUMPH,TIGER 800 XCX,2019
TRIUMPH,TIGER 800 XR,2019
TRIUMPH,TIGER 800 XRT,2019
TRIUMPH,EXPLORER XCX,2016
TRIUMPH,SPEED TRIPLE R,2016
TRIUMPH,SPEED TRIPLE S,2016
TRIUMPH,TIGER 800 XCA,2016
TRIUMPH,TIGER 800 XCX,2016
TRIUMPH,TIGER 800 XRX,2016
TRIUMPH,EXPLORER XCA,2017
TRIUMPH,EXPLORER XCX,2017
TRIUMPH,EXPLORER XR,2017
TRIUMPH,EXPLORER XRT,2017
TRIUMPH,EXPLORER XRX,2017
TRIUMPH,SPEED TRIPLE R,2017
TRIUMPH,SPEED TRIPLE S,2017
TRIUMPH,TIGER 800 XCA,2017
TRIUMPH,TIGER 800 XCX,2017
TRIUMPH,TIGER 800 XR,2017
TRIUMPH,TIGER 800 XRX,2017
TRIUMPH,TIGER 1200 XCA,2018
TRIUMPH,TRIUMPH,2000
TRIUMPH,LEGEND,2000
TRIUMPH,SPEED TRIPLE,2000
TRIUMPH,TT600,2000
TRIUMPH,LEGEND,2001
TRIUMPH,SPEED TRIPLE,2001
TRIUMPH,TT600,2001
TRIUMPH,SPEED TRIPLE,2002
TRIUMPH,TROPHY,2000
TRIUMPH,BONNEVILLE,2000
TRIUMPH,DAYTONA,2001
TRIUMPH,DAYTONA,2002
TRIUMPH,DAYTONA CENTENNIAL,2002
TRIUMPH,DAYTONA CENTENNIAL,2001
TRIUMPH,AMERICA,2002
TRIUMPH,AMERICA,2003
TRIUMPH,AMERICA,2004
TRIUMPH,SPEEDMASTER,2002
TRIUMPH,TT600,2002
TRIUMPH,TT600,2003
TRIUMPH,DAYTONA T595,2000
TRIUMPH,DAYTONA T595,2001
TRIUMPH,DAYTONA T595,2002
TRIUMPH,DAYTONA T595,2003
TRIUMPH,DAYTONA T595,2004
TRIUMPH,DAYTONA 955,2000
TRIUMPH,DAYTONA 955,2001
TRIUMPH,DAYTONA 955,2003
TRIUMPH,DAYTONA 955,2004
TRIUMPH,SPEED TRIPLE,2003
TRIUMPH,SPEED TRIPLE,2004
TRIUMPH,BONNEVILLE AMERICA,2004
TRIUMPH,BONNEVILLE T100,2004
TRIUMPH,BONNEVILLE BLACK,2004
TRIUMPH,SPRINT ST,2000
TRIUMPH,DAYTONA 955I,2000
TRIUMPH,SPRINT RS,2000
TRIUMPH,TIGER,2000
TRIUMPH,LEGEND TT,2000
TRIUMPH,TROPHY 900,2000
TRIUMPH,ADVENTURER,2000
TRIUMPH,THUNDERBIRD,2000
TRIUMPH,TROPHY 1200,2000
TRIUMPH,THUNDERBIRD SPORT,2000
TRIUMPH,DAYTONA 955I,2001
TRIUMPH,SPRINT ST,2001
TRIUMPH,SPRINT RS,2001
TRIUMPH,TROPHY 1200,2001
TRIUMPH,TIGER,2001
TRIUMPH,DAYTONA 955,2002
TRIUMPH,BONNEVILLE AMERICA,2002
TRIUMPH,TIGER,2002
TRIUMPH,SPRINT ST,2002
TRIUMPH,SPRINT RS,2002
TRIUMPH,SPEED FOUR,2002
TRIUMPH,BONNEVILLE AMERICA,2003
TRIUMPH,SPEEDMASTER,2003
TRIUMPH,SPEED FOUR,2003
TRIUMPH,SPRINT ST,2003
TRIUMPH,TIGER,2003
TRIUMPH,DAYTONA 600,2004
TRIUMPH,SPRINT RS,2003
TRIUMPH,SPRINT RS,2004
TRIUMPH,SPEED FOUR,2004
TRIUMPH,TIGER,2004
TRIUMPH,SPEEDMASTER,2004
TRIUMPH,BONNEVILLE,2004
TRIUMPH,SPRINT ST,2004
TRIUMPH,THRUXTON,2004
TRIUMPH,ROCKET III,2005
TRIUMPH,SPEED TRIPLE,2005
TRIUMPH,SPRINT ST ABS,2005
TRIUMPH,DAYTONA 955I,2005
TRIUMPH,BONNEVILLE,2001
TRIUMPH,BONNEVILLE T100,2005
TRIUMPH,ROCKET,2006
TRIUMPH,ROCKET III CLASSIC,2006
TRIUMPH,ROCKET III SPECIAL EDITIO,2006
TRIUMPH,BONNEVILLE,2002
TRIUMPH,BONNEVILLE,2003
TRIUMPH,BONNEVILLE,2005
TRIUMPH,BONNEVILLE,2006
TRIUMPH,TIGER,2006
TRIUMPH,SPEED TRIPLE 1050CCM,2006
TRIUMPH,SPRINT ST 1050CCM,2006
TRIUMPH,SPRINT ST,2006
TRIUMPH,SPEED TRIPLE,2006
TRIUMPH,DAYTONA 955I,2006
TRIUMPH,SPRINT ST ABS,2006
TRIUMPH,DAYTONA TRIPLE 675,2006
TRIUMPH,SPRINT ST 1050,2006
TRIUMPH,SPRINT ST 1050,2007
TRIUMPH,SPRINT ST ABS,2007
TRIUMPH,ROCKET III,2006
TRIUMPH,ROCKET III,2004
TRIUMPH,ROCKET III CLASSIC,2005
TRIUMPH,ROCKET III CLASSIC,2004
TRIUMPH,ROCKET III CLASSIC,2007
TRIUMPH,TRIUMPH ROCKET III,2005
TRIUMPH,TRIUMPH ROCKET III,2006
TRIUMPH,TRIUMPH ROCKET III,2007
TRIUMPH,ROCKET III,2007
TRIUMPH,ROCKET III,2008
TRIUMPH,ROCKET III CLASSIC TOURIN,2008
TRIUMPH,ROCKET III CLASSIC TOURIN,2007
TRIUMPH,ROCKET III CLASSIC TOURIN,2006
TRIUMPH,ROCKET III CLASSIC TOURIN,2005
TRIUMPH,ROCKET III CLASSIC TOURIN,2004
TRIUMPH,BONNEVILLE,2008
TRIUMPH,THRUXTON,2008
TRIUMPH,DAYTONA TRIPLE 675,2008
TRIUMPH,THRUXTON,2007
TRIUMPH,DAYTONA TRIPLE 675,2007
TRIUMPH,SCRAMBLER,2007
TRIUMPH,BONNEVILLE,2007
TRIUMPH,SPEEDMASTER,2007
TRIUMPH,SPRINT ST,2005
TRIUMPH,ROCKET III CLASSIC,2008
TRIUMPH,SPRINT ST 1050,2005
TRIUMPH,SPRINT ST 1050,2008
TRIUMPH,TIGER 1050,2004
TRIUMPH,TIGER 1050,2005
TRIUMPH,TIGER 1050,2006
TRIUMPH,TIGER 1050,2007
TRIUMPH,TIGER 1050,2008
TRIUMPH,ROCKET III TOURING,2008
TRIUMPH,BONNEVILLE T100,2008
TRIUMPH,DAYTONA 675,2008
TRIUMPH,SCRAMBLER,2008
TRIUMPH,STREET TRIPLE 675,2008
TRIUMPH,SPEEDMASTER,2008
TRIUMPH,BONNEVILLE T100,2007
TRIUMPH,DAYTONA 675,2007
TRIUMPH,SPRINT ST,2007
TRIUMPH,BONNEVILLE T100,2006
TRIUMPH,SPEEDMASTER,2006
TRIUMPH,THRUXTON,2006
TRIUMPH,SCRAMBLER,2006
TRIUMPH,DAYTONA 675,2006
TRIUMPH,SPEED TRIPLE,2008
TRIUMPH,SPEED TRIPLE 1050CCM,2005
TRIUMPH,SPEED TRIPLE 1050CCM,2007
TRIUMPH,SPEED TRIPLE 1050CCM,2008
TRIUMPH,ROCKET III,2009
TRIUMPH,SCRAMBLER,2009
TRIUMPH,ROCKET III TOURING,2009
TRIUMPH,BONNEVILLE T100 50TH ANNI,2009
TRIUMPH,ROCKET III CLASSIC,2009
TRIUMPH,BONNEVILLE T100,2009
TRIUMPH,SPRINT ST 1050CCM,2009
TRIUMPH,SPEEDMASTER,2009
TRIUMPH,STREET TRIPLE 675,2009
TRIUMPH,THRUXTON,2009
TRIUMPH,SPRINT ST ABS,2009
TRIUMPH,DAYTONA TRIPLE 675,2009
TRIUMPH,BONNEVILLE,2010
TRIUMPH,SCRAMBLER,2010
TRIUMPH,BONNEVILLE T100,2010
TRIUMPH,THRUXTON,2010
TRIUMPH,SPEEDMASTER,2010
TRIUMPH,BONNEVILLE,2009
TRIUMPH,SPRINT ST 1050,2009
TRIUMPH,TIGER 1050 CCM,2009
TRIUMPH,TIGER 1050 CCM ABS,2009
TRIUMPH,BONNEVILLE AMERICA,2009
TRIUMPH,BONNEVILLE BLACK ENGINE,2009
TRIUMPH,BONNEVILLE BLACK ENGINE,2008
TRIUMPH,BONNEVILLE AMERICA,2008
TRIUMPH,TIGER 1050 CCM,2008
TRIUMPH,TIGER 1050 CCM ABS,2008
TRIUMPH,BONNEVILLE T100,2002
TRIUMPH,BONNEVILLE T100,2003
TRIUMPH,TIGER,2005
TRIUMPH,THUNDERBIRD,2001
TRIUMPH,THUNDERBIRD,2002
TRIUMPH,THUNDERBIRD,2003
TRIUMPH,THRUXTON,2005
TRIUMPH,DAYTONA 675 A1,2011
TRIUMPH,SPRINT ST ABS,2011
TRIUMPH,SPEED TRIPLE 1050CCM,2011
TRIUMPH,TIGER 1050 ABS SE,2011
TRIUMPH,STREET TRIPLE 675,2011
TRIUMPH,ROCKET III ROADSTER ABS A,2011
TRIUMPH,THRUXTON,2011
TRIUMPH,THUNDERBIRD ABS A1,2011
TRIUMPH,BONNEVILLE T100,2011
TRIUMPH,BONNEVILLE,2011
TRIUMPH,TIGER 1050 CCM ABS,2011
TRIUMPH,ROCKET III TOURING ABS A1,2011
TRIUMPH,THUNDERBIRD A1,2011
TRIUMPH,BONNEVILLE AMERICA,2011
TRIUMPH,SPEEDMASTER,2011
TRIUMPH,SCRAMBLER,2011
TRIUMPH,ROCKET III TOURING,2011
TRIUMPH,BONNEVILLE BLACK ENGINE,2011
TRIUMPH,TIGER 1050 ABS SE,2010
TRIUMPH,THUNDERBIRD A1,2010
TRIUMPH,SPEED TRIPLE 1050CCM,2010
TRIUMPH,DAYTONA 675 A1,2010
TRIUMPH,THUNDERBIRD ABS A1,2010
TRIUMPH,BONNEVILLE BLACK ENGINE,2010
TRIUMPH,STREET TRIPLE 675,2010
TRIUMPH,TIGER 1050 CCM ABS,2010
TRIUMPH,TIGER 1050 CCM,2010
TRIUMPH,BONNEVILLE AMERICA,2010
TRIUMPH,SPRINT ST ABS,2010
TRIUMPH,ROCKET III TOURING,2010
TRIUMPH,ROCKET III ROADSTER ABS A,2010
TRIUMPH,SPRINT ST 1050CCM,2010
TRIUMPH,SPEED TRIPLE 1050CCM,2009
TRIUMPH,DAYTONA 675 A1,2009
TRIUMPH,SPRINT ST,2010
TRIUMPH,SPRINT GT,2010
TRIUMPH,THUNDERBIRD,2010
TRIUMPH,TIGER 800,2011
TRIUMPH,SPRINT GT,2011
TRIUMPH,SPRINT GT,2012
TRIUMPH,TIGER 800,2012
TRIUMPH,TIGER 800 XC,2011
TRIUMPH,TIGER 800 XC,2012
TRIUMPH,TIGER 1200 XCX,2018
TRIUMPH,TIGER 1200 XRT,2018
TRIUMPH,TIGER 1200 XRX,2018
TRIUMPH,TIGER 800 XCX,2018
TRIUMPH,BONNEVILLE BOBBER,2020
TRIUMPH,BONNEVILLE T100,2020
TRIUMPH,BONNEVILLE T120,2020
TRIUMPH,SPEED TWIN,2020
TRIUMPH,STREET SCRAMBLER,2020
TRIUMPH,STREET TWIN,2020
TRIUMPH,THRUXTON TFC,2020
TRIUMPH,STREET TRIPLE RS,2019
TRIUMPH,QUICKSHIFTER ASSEMBLY,9999
TRIUMPH,SPEED TRIPLE RS,2019
TRIUMPH,STREET TRIPLE RS,2020
TRIUMPH,ROCKET 3 GT,2020
TRIUMPH,ROCKET 3 R,2020
TRIUMPH,ROCKET 3 TFC,2020
TRIUMPH,THRUXTON R,2016
TRIUMPH,THRUXTON R,2019
TRIUMPH,THRUXTON R,2017
TRIUMPH,THRUXTON R,2018
TRIUMPH,DAYTONA MOTO 2 765,2020
TRIUMPH,BONNEVILLE BOBBER BLACK,2020
TRIUMPH,BONNEVILLE T120 BLACK,2020
TRIUMPH,SCRAMBLER 1200 XC,2020
TRIUMPH,SCRAMBLER 1200 XE,2020
TRIUMPH,STREET TRIPLE S,2019
TRIUMPH,STREET SCRAMBLER,2019
TRIUMPH,STREET TRIPLE R,2019
TRIUMPH,TIGER 900,2020
TRIUMPH,STREET TRIPLE RS,2018
TRIUMPH,TIGER 1200 XR,2018
TRIUMPH,TIGER 1200 XR,2019
TRIUMPH,SPEED TRIPLE S,2020
TRIUMPH,SPEED TRIPLE RS,2020
TRIUMPH,TIGER 1200 XCA,2020
TRIUMPH,TIGER 1200 XCX,2020
TRIUMPH,TIGER 1200 ALPINE EDITION,2020
TRIUMPH,TIGER 1200 DESERT EDITION,2020
TRIUMPH,TIGER 900,2021
TRIUMPH,SCRAMBLER 1200 BOND EDITI,2021
TRIUMPH,STREET TRIPLE RS,2021
TRIUMPH,TIGER,2012
TRIUMPH,AMERICA,2012
TRIUMPH,DAYTONA 675,2009
TRIUMPH,STREET TRIPLE,2006
TRIUMPH,STREET TRIPLE,2007
TRIUMPH,STREET TRIPLE,2008
TRIUMPH,STREET TRIPLE,2009
TRIUMPH,TIGER 800 XC,2013
TRIUMPH,TROPHY,2013
TRIUMPH,DAYTONA 675,2011
TRIUMPH,DAYTONA 675,2012
TRIUMPH,STREET TRIPLE,2011
TRIUMPH,STREET TRIPLE,2012
TRIUMPH,THUNDERBIRD,2012
TRIUMPH,THUNDERBIRD STORM,2012
TRIUMPH,TIGER 800,2013
TRIUMPH,TIGER 1050,2012
TRIUMPH,TIGER 1050,2013
TRIUMPH,SPEED TRIPLE,2012
TRIUMPH,SPEED TRIPLE,2013
TRIUMPH,STREET TRIPLE,2013
TRIUMPH,DAYTONA 675,2013
TRIUMPH,EXPLORER,2012
TRIUMPH,EXPLORER,2013
TRIUMPH,EXPLORER XC,2013
TRIUMPH,EXPLORER XC,2012
TRIUMPH,SPRINT GT,2013
TRIUMPH,SPRINT ST,2013
TRIUMPH,SPRINT ST,2012
TRIUMPH,TIGER SPORT,2012
TRIUMPH,TIGER SPORT,2013
TRIUMPH,ROCKET 3 GT,2021
TRIUMPH,ROCKET 3 R,2021
TRIUMPH,STREET TRIPLE R,2020
TRIUMPH,STREET TRIPLE R,2021
TRIUMPH,TIGER 900 GT,2020
TRIUMPH,TIGER 900 RALLY,2020
TRIUMPH,redundant TRIDENT 660,2022
TRIUMPH,SPEED TWIN,2022
TRIUMPH,THRUXTON RS,2021
TRIUMPH,STREET TWIN,2021
TRIUMPH,SPEED TWIN,2021
TRIUMPH,BONNEVILLE T120 BLACK,2022
TRIUMPH,BONNEVILLE T100,2022
TRIUMPH,BONNEVILLE T120,2022
TRIUMPH,STREET TRIPLE R,2022
TRIUMPH,BONNEVILLE BOBBER,2022
TRIUMPH,SCRAMBLER 1200 GREAT ESCA,2022
TRIUMPH,SPEED TRIPLE RS,2022
TRIUMPH,SCRAMBLER 1200 XC,2019
TRIUMPH,SCRAMBLER 1200 XC,2021
TRIUMPH,SCRAMBLER 1200 XC,2022
TRIUMPH,SCRAMBLER 1200 XE,2019
TRIUMPH,SCRAMBLER 1200 XE,2022
TRIUMPH,STREET SCRAMBLER,2022
TRIUMPH,ROCKET 3 GT,2022
TRIUMPH,ROCKET 3 R,2022
TRIUMPH,STREET TRIPLE RS,2022
TRIUMPH,STREET TWIN,2022
TRIUMPH,TRIDENT 660,2022
TRIUMPH,TROPHY,2012
TRIUMPH,TROPHY SE,2012
TRIUMPH,TROPHY SE,2013
TRIUMPH,TIGER,2013
TRIUMPH,TIGER,2014
TRIUMPH,TROPHY,2014
TRIUMPH,ROCKET III C20XB,2005
TRIUMPH,ROCKET III CLASSIC TOURIN,2013
TRIUMPH,THUNDERBIRD,2013
TRIUMPH,THUNDERBIRD,2014
TRIUMPH,THUNDERBIRD LT ABS A1,2015
TRIUMPH,TIGER 800,2014
TRIUMPH,TIGER 800 XCX,2015
TRIUMPH,THRUXTON ACE,2015
TRIUMPH,BONNEVILLE,2014
TRIUMPH,BONNEVILLE A3,2015
TRIUMPH,THUNDERBIRD ABS,2014
TRIUMPH,THUNDERBIRD COMMANDER ABS,2015
TRIUMPH,TIGER 800 ABS,2014
TRIUMPH,TIGER 800 ABS A1,2015
TRIUMPH,AMERICA,2014
TRIUMPH,AMERICA A3,2015
TRIUMPH,ROCKET III TOURING,2014
TRIUMPH,ROCKET III X,2015
TRIUMPH,ROCKET III ROADSTER,2014
TRIUMPH,ROCKET III ROADSTER ABS A,2015
TRIUMPH,THUNDERBIRD STORM,2014
TRIUMPH,THUNDERBIRD NIGHTSTORM,2015
TRIUMPH,ROCKET III TOURING ABS,2014
TRIUMPH,ROCKET III TOURING ABS A2,2015
TRIUMPH,BONNEVILLE T100 BLACK A3,2015
TRIUMPH,EXPLORER,2011
TRIUMPH,EXPLORER,2014
TRIUMPH,DAYTONA 675 R,2014
TRIUMPH,DAYTONA 675 R ABS B1,2015
TRIUMPH,SPEED TRIPLE R,2014
TRIUMPH,SPEED TRIPLE R ABS A1,2015
TRIUMPH,BONNEVILLE T100 BLACK A3,2016
TRIUMPH,BONNEVILLE T100 BLACK,2017
TRIUMPH,ADJUSTABLE BRAKE LEVER,9999
TRIUMPH,TIGER 900 GT PRO,2024
TRIUMPH,TIGER 900 RALLY PRO,2024
TRIUMPH,SPEED 400,2024
TRIUMPH,SCRAMBLER 1200 X,2024
TRIUMPH,SCRAMBLER 1200 XE,2024
TRIUMPH,ROCKET 3 R BLACK EDITION,2023
TRIUMPH,ROCKET 3 R BLACK EDITION,2024
TRIUMPH,ROCKET 3 GT BLACK EDITION,2024
TRIUMPH,ROCKET 3 GT BLACK EDITION,2023
TRIUMPH,ROCKET 3 R BLACK EDITION,2022
TRIUMPH,ROCKET 3 GT BLACK EDITION,2022
TRIUMPH,BONNEVILLE T100,2024
TRIUMPH,BONNEVILLE T120,2024
TRIUMPH,TIGER SPORT 660,2024
TRIUMPH,TIGER SPORT 660,2023
TRIUMPH,TIGER SPORT 660,2022
TRIUMPH,redundant TRIDENT 660,2024
TRIUMPH,redundant TRIDENT 660,2023
TRIUMPH,BONNEVILLE BOBBER,2024
TRIUMPH,TROPHY SE A1,2015
TRIUMPH,BONNEVILLE SPEEDMASTER,2024
TRIUMPH,ROCKET 3 GT,2024
TRIUMPH,ROCKET 3 R,2024
TRIUMPH,SCRAMBLER 900,2024
TRIUMPH,TIGER 800 XRX LOW,2018
TRIUMPH,BONNEVILLE BOBBER BLACK,2018
TRIUMPH,DAYTONA 675,2014
TRIUMPH,DAYTONA 675 R ABS B1,2017
TRIUMPH,DAYTONA 675 ABS B1,2016
TRIUMPH,TIGER EXPLORER SPOKE ABS,2015
TRIUMPH,TIGER EXPLORER XC,2014
TRIUMPH,TIGER EXPLORER XC,2013
TRIUMPH,STREET TRIPLE S,2018
TRIUMPH,TIGER 800 XCX LRH,2017
TRIUMPH,TIGER 800 XC,2016
TRIUMPH,TIGER 800XC ABS A1,2015
TRIUMPH,TRIUMPH,2018
TRIUMPH,TRIUMPH,2017
TRIUMPH,TRIUMPH,2016
TRIUMPH,TRIUMPH,2015
TRIUMPH,TRIUMPH,2014
TRIUMPH,TRIUMPH,2013
TRIUMPH,TRIUMPH,2012
TRIUMPH,TRIUMPH,2011
TRIUMPH,TRIUMPH,2010
TRIUMPH,TRIUMPH,2009
TRIUMPH,TRIUMPH,2008
TRIUMPH,TRIUMPH,2004
TRIUMPH,TRIUMPH,2003
TRIUMPH,TRIUMPH,2002
TRIUMPH,TRIUMPH,2001
TRIUMPH,TROPHY SE A1,2017
TRIUMPH,TROPHY SE A1,2016
TRIUMPH,EXPLORER XRX LRH,2016
TRIUMPH,EXPLORER XCA,2016
TRIUMPH,STREET TRIPLE ABS B1,2016
TRIUMPH,STREET TRIPLE R ABS B1,2017
TRIUMPH,BONNEVILLE,2013
TRIUMPH,BONNEVILLE T120 BLACK,2017
TRIUMPH,TIGER 800 XRX LRH,2017
TRIUMPH,ROCKET III TOURING,2012
TRIUMPH,ROCKET III TOURING ABS A2,2017
TRIUMPH,ROCKET III TOURING ABS A2,2016
TRIUMPH,THUNDERBIRD STORM ABS A1,2017
TRIUMPH,THUNDERBIRD STORM ABS A1,2016
TRIUMPH,THUNDERBIRD STORM,2013
TRIUMPH,THUNDERBIRD STORM,2011
TRIUMPH,THUNDERBIRD LT ABS A1,2017
TRIUMPH,THUNDERBIRD LT ABS A1,2016
TRIUMPH,EXPLORER XCX LRH,2017
TRIUMPH,EXPLORER XRX LRH,2017
TRIUMPH,TIGER 800 XRT,2017
TRIUMPH,STREET TRIPLE RX ABS SE,2016
TRIUMPH,TIGER 800 XCX LRH,2016
TRIUMPH,TIGER 800 XR,2016
TRIUMPH,THRUXTON A2,2016
TRIUMPH,BONNEVILLE T120 BLACK,2016
TRIUMPH,SPRINT ST ABS,2008
TRIUMPH,SPRINT ST 1050CCM,2008
TRIUMPH,TIGER 1050 CCM ABS,2007
TRIUMPH,TIGER 1050 CCM,2007
TRIUMPH,SPRINT ST 1050CCM,2007
TRIUMPH,BONNEVILLE AMERICA,2007
TRIUMPH,BONNEVILLE BLACK ENGINE,2007
TRIUMPH,BONNEVILLE BLACK ENGINE,2006
TRIUMPH,BONNEVILLE AMERICA,2006
TRIUMPH,SPEED FOUR,2006
TRIUMPH,DAYTONA 955,2006
TRIUMPH,SPRINT ST 1050CCM,2005
TRIUMPH,SPEEDMASTER,2005
TRIUMPH,DAYTONA 650,2005
TRIUMPH,DAYTONA 955 SGL,2005
TRIUMPH,BONNEVILLE BLACK ENGINE,2005
TRIUMPH,SPEED FOUR,2005
TRIUMPH,DAYTONA 955 SGL,2004
TRIUMPH,SPEED TRIPLE SGL,2004
TRIUMPH,BONNEVILLE BLACK ENGINE,2004
TRIUMPH,DAYTONA 955 SGL,2003
TRIUMPH,SPEED TRIPLE SGL,2003
TRIUMPH,DAYTONA 955 SGL,2002
TRIUMPH,SPEED TRIPLE SGL,2002
TRIUMPH,ADVENTURER,2001
TRIUMPH,TT 600,2003
TRIUMPH,TT 600,2002
TRIUMPH,TT 600,2001
TRIUMPH,TT 600,2000
TRIUMPH,TROPHY 900,2001
TRIUMPH,TROPHY 1200,2003
TRIUMPH,TROPHY 1200,2002
TRIUMPH,TIGER (NE),2005
TRIUMPH,TIGER (NE),2004
TRIUMPH,TIGER (NE),2003
TRIUMPH,TIGER (NE),2002
TRIUMPH,TIGER (NE),2001
TRIUMPH,TIGER (INJECTION),2001
TRIUMPH,TIGER (INJECTION),2000
TRIUMPH,THUNDERBIRD SPORT,2004
TRIUMPH,THUNDERBIRD SPORT,2003
TRIUMPH,THRUXTON 909ME,2005
MERCEDES-BENZ,AMG G65,2017
MERCEDES-BENZ,AMG G65,2016
MERCEDES-BENZ,AMG G65,2018
ALFA ROMEO,STELVIO,2018
ALFA ROMEO,STELVIO,2025
ALFA ROMEO,STELVIO,2022
ALFA ROMEO,STELVIO,2024
ALFA ROMEO,GIULIA,2025
ALFA ROMEO,STELVIO,2021
ALFA ROMEO,GIULIA,2024
ALFA ROMEO,GIULIA,2023
ALFA ROMEO,GIULIA,2022
ALFA ROMEO,GIULIA,2020
ALFA ROMEO,STELVIO,2019
ALFA ROMEO,STELVIO,2020
ALFA ROMEO,GIULIA,2021
ALFA ROMEO,STELVIO,2023
ALFA ROMEO,GIULIA,2018
ALFA ROMEO,GIULIA,2019
RAM,2500,2025
RAM,2500,2024
RAM,2500,2023
DODGE,DURANGO,2025
DODGE,DURANGO,2024
RAM,4500,2023
RAM,4500,2024
RAM,4500,2025
RAM,5500,2023
RAM,5500,2024
RAM,3500,2024
RAM,3500,2025
RAM,5500,2025
RAM,3500,2023
JEEP,WRANGLER,2019
JEEP,WRANGLER,2020
JEEP,WRANGLER,2018
CHRYSLER,PACIFICA,2025
ALFA ROMEO,GIULIA,2017
DODGE,DART,2016
RAM,1500,2025
RAM,1500,2024
RAM,1500,2023
RAM,1500,2022
JEEP,WRANGLER,2017
JEEP,WRANGLER,2016
RAM,1500,2021
RAM,1500,2020
RAM,1500,2019
RAM,1500,2018
RAM,1500,2017
RAM,1500,2016
CHRYSLER,VOYAGER,2025
CHRYSLER,VOYAGER,2024
CHRYSLER,VOYAGER,2021
CHRYSLER,VOYAGER,2023
CHRYSLER,VOYAGER,2022
CHRYSLER,VOYAGER,2020
JEEP,CHEROKEE,2023
JEEP,CHEROKEE,2022
JEEP,CHEROKEE,2021
JEEP,CHEROKEE,2020
JEEP,CHEROKEE,2017
JEEP,CHEROKEE,2018
JEEP,CHEROKEE,2019
CHRYSLER,PACIFICA,2017
CHRYSLER,PACIFICA,2018
CHRYSLER,PACIFICA,2019
CHRYSLER,PACIFICA,2020
CHRYSLER,PACIFICA,2021
CHRYSLER,PACIFICA,2022
CHRYSLER,PACIFICA,2024
CHRYSLER,PACIFICA,2023
JEEP,CHEROKEE,2016
JEEP,CHEROKEE,2015
CHRYSLER,200,2017
CHRYSLER,200,2016
KIA,SOUL,2022
KIA,FORTE,2022
KIA,CARNIVAL,2022
KIA,CARNIVAL,2023
KIA,SORENTO,2022
KIA,NIRO,2022
KIA,NIRO,2023
KIA,RIO,2021
KIA,RIO,2022
KIA,RIO,2023
KIA,K5,2022
KIA,SELTOS,2022
KIA,TELLURIDE,2022
KIA,NIRO PHEV,2022
KIA,SPORTAGE,2023
KIA,SPORTAGE HYBRID,2023
RAM,2500,2022
RAM,4500,2022
RAM,3500,2022
RAM,5500,2022
JEEP,WAGONEER,2025
JEEP,GRAND WAGONEER,2025
DODGE,CHARGER,2025
JEEP,WAGONEER S,2024
JEEP,WAGONEER S,2025
JEEP,GRAND WAGONEER,2024
DODGE,CHARGER,2024
JEEP,WAGONEER,2024
RAM,4500,2020
RAM,3500,2021
RAM,4500,2021
RAM,5500,2021
RAM,4500,2019
RAM,5500,2019
RAM,5500,2020
RAM,3500,2020
RAM,3500,2019
RAM,2500,2019
INEOS,GRENADIER,2024
MERCEDES-BENZ,AMG CLS53,2019
MERCEDES-BENZ,CLS 450,2019
MERCEDES-BENZ,S 580 E,2024
MERCEDES-BENZ,GLS 450,2019
MERCEDES-BENZ,AMG GT53,2019
MERCEDES-BENZ,AMG GT53E,2024
MERCEDES-BENZ,S 500,2022
MERCEDES-BENZ,S 500,2021
MERCEDES-BENZ,S 500,2023
MERCEDES-BENZ,S 500,2024
MERCEDES-BENZ,S 580 E,2023
MERCEDES-BENZ,C 300,2023
MERCEDES-BENZ,C 300,2022
MERCEDES-BENZ,AMG GT43,2024
MERCEDES-BENZ,AMG E53,2019
MERCEDES-BENZ,AMG E53E,2023
MERCEDES-BENZ,AMG E53 S,2021
KIA,SORENTO HYBRID,2025
BMW,XM,2024
BMW,X6,2024
BMW,X5,2024
BMW,740I,2024
BMW,530I,2024
BMW,430I,2024
BMW,X7,2024
BMW,330I,2024
BMW,230I,2024
MINI,COUNTRYMAN,2024
MINI,COOPER,2025
BMW,R 1300 GS,2024
ROLLS-ROYCE,SPECTRE,2024
ROLLS-ROYCE,CULLINAN,2024
ROLLS-ROYCE,GHOST,2024
ROLLS-ROYCE,CULLINAN,2023
ROLLS-ROYCE,PHANTOM,2023
ROLLS-ROYCE,PHANTOM,2024
ROLLS-ROYCE,GHOST,2023
BMW,X2,2018
BMW,430I,2020
BMW,330I,2018
BMW,530I,2018
BMW,X2,2020
BMW,430I,2019
BMW,530I,2019
BMW,330I,2020
BMW,X2,2019
BMW,330I,2019
BMW,740I,2019
BMW,X1,2020
BMW,X1,2018
BMW,X1,2019
MASERATI,NUOVA GRANTURISMO,2024
MASERATI,NUOVA GRANCABRIO,2024
MASERATI,GRANCABRIO,2024
MASERATI,GRANTURISMO,2024
MASERATI,MC20,2023
MASERATI,MC20,2022
MASERATI,MC20 CIELO,2024
MASERATI,MC20,2024
MASERATI,MC20,2021
MASERATI,MC20 CIELO,2023
MASERATI,GRANTURISMO,2025
MASERATI,GRANTURISMO FOLGORE,2025
MASERATI,GRECALE,2023
MASERATI,GRECALE,2022
MASERATI,GRANCABRIO FOLGORE,2025
MASERATI,GRANCABRIO,2025
MASERATI,GRECALE FOLGORE,2025
MASERATI,GRECALE,2024
VOLVO,VHD,2016
VOLVO,VAH,2019
VOLVO,VNL (4),2025
VOLVO,VNRE (ELECTRIC),2025
VOLVO,VNRE (ELECTRIC),2024
VOLVO,VNRE (ELECTRIC),2019
VOLVO,VNRE (ELECTRIC),2020
VOLVO,VNRE (ELECTRIC),2021
VOLVO,VNRE (ELECTRIC),2023
VOLVO,VNRE (ELECTRIC),2022
VOLVO,VN,2025
VOLVO,VN,2024
VOLVO,VN,2023
VOLVO,VN,2022
VOLVO,VN,2021
VOLVO,VN,2020
VOLVO,VN,2019
VOLVO,VN,2018
VOLVO,VN,2017
VOLVO,VN,2016
VOLVO,VHD,2025
VOLVO,VAH,2023
VOLVO,VAH,2016
VOLVO,VAH,2017
VOLVO,VHD,2023
VOLVO,VHD,2024
VOLVO,VHD,2022
VOLVO,VAH,2018
VOLVO,VHD,2021
VOLVO,VHD,2020
VOLVO,VHD,2018
VOLVO,VHD,2019
VOLVO,VAH,2022
VOLVO,VAH,2024
VOLVO,VAH,2025
VOLVO,VAH,2021
VOLVO,VAH,2020
VOLVO,VHD,2017
MERCEDES-MAYBACH,S 580,2022
MERCEDES-BENZ,S 580,2022
MERCEDES-MAYBACH,S 680,2023
MERCEDES-MAYBACH,S 680,2022
MERCEDES-MAYBACH,S 580,2021
MERCEDES-BENZ,S 580,2023
MERCEDES-BENZ,S 580,2021
MERCEDES-MAYBACH,S 580,2023
BENTLEY,CONTINENTAL GT,2025
BENTLEY,FLYING SPUR,2025
BENTLEY,CONTINENTAL GTC,2025
MERCEDES-BENZ,EQS SUV 580 4MATIC,2024
MERCEDES-BENZ,EQS SUV 450+,2024
MERCEDES-BENZ,EQS SUV 450 4MATIC,2024
MERCEDES-MAYBACH,EQS SUV 680 4MATIC,2024
FORD,F-150,2021
LINCOLN,NAVIGATOR,2022
FORD,RANGER,2024
FORD,F-150,2023
FORD,F-150,2022
FORD,EXPEDITION,2024
FORD,EXPEDITION,2022
FORD,EXPEDITION,2023
FORD,F-150 LIGHTNING BEV,2024
FORD,F-150 LIGHTNING BEV,2023
FORD,F-150 LIGHTNING BEV,2022
LINCOLN,NAVIGATOR,2024
LINCOLN,NAVIGATOR,2023
FORD,BRONCO,2022
FORD,BRONCO,2024
FORD,BRONCO,2021
FORD,BRONCO,2023
FORD,F-350 SD,2024
FORD,F-250 SD,2025
FORD,F-350 SD,2025
FORD,F-550 SD,2024
FORD,F-250 SD,2024
FORD,F-450 SD,2024
FORD,F-450 SD,2023
FORD,F-550 SD,2023
FORD,F-350 SD,2023
FORD,F-250 SD,2023
FORD,F-450 SD,2025
LINCOLN,AVIATOR,2025
FORD,ESCAPE,2023
FORD,ESCAPE,2022
FORD,F-150,2024
FORD,MUSTANG MACH E,2024
FORD,MUSTANG MACH E,2023
MACK,MD,2022
MACK,PINNACLE (PI/PN),2018
MACK,TD,2016
MACK,GRANITE (GU),2017
MACK,LR,2016
MACK,GRANITE (GU),2016
MACK,GRANITE (GU),2019
MACK,LR,2019
MACK,MRU,2016
MACK,LEU,2016
MACK,CXU,2016
MACK,ANTHEM (AN),2019
MACK,PINNACLE (PI/PN),2017
MACK,PINNACLE (PI/PN),2016
MACK,CXU,2018
MACK,LR,2017
MACK,MRU,2017
MACK,CXU,2017
MACK,CHU,2017
MACK,CHU,2016
MACK,TD,2017
MACK,ANTHEM (AN),2017
MACK,MRU,2018
MACK,GRANITE (GU),2018
MACK,LEU,2017
MACK,LR,2018
MACK,TD,2018
MACK,CHU,2018
MACK,GRANITE (GR),2024
MACK,PINNACLE (PI/PN),2024
MACK,ANTHEM (AN),2024
MACK,LR,2024
MACK,LR,2023
MACK,TERRAPRO (TE),2023
MACK,TERRAPRO (TE),2024
MACK,MD,2024
MACK,LRBE (ELECTRIC),2024
MACK,GRANITE (GR),2025
MACK,LR,2025
MACK,ANTHEM (AN),2025
MACK,LRBE (ELECTRIC),2025
MACK,MD,2025
MACK,PIONEER PR (4),2025
MACK,TERRAPRO (TE),2025
MACK,MD (ELECTRIC),2024
MACK,MD (ELECTRIC),2025
MACK,MD (GASOLINE),2025
MACK,MD (GASOLINE),2026
MACK,TERRAPRO (TE),2019
MACK,TERRAPRO (TE),2020
MACK,TERRAPRO (TE),2021
MACK,ANTHEM (AN),2026
MACK,LRBE (ELECTRIC),2023
MACK,LRBE (ELECTRIC),2022
MACK,LRBE (ELECTRIC),2021
MACK,TD,2019
MACK,GRANITE (GR),2019
MACK,PINNACLE (PI/PN),2019
MACK,ANTHEM (AN),2020
MACK,GRANITE (GR),2020
MACK,PINNACLE (PI/PN),2020
MACK,TERRAPRO (TE),2018
MACK,LR,2020
MACK,ANTHEM (AN),2016
MACK,LR,2022
MACK,MD,2020
MACK,MD,2021
MACK,PINNACLE (PI/PN),2022
MACK,GRANITE (GR),2022
MACK,ANTHEM (AN),2022
MACK,PINNACLE (PI/PN),2021
MACK,ANTHEM (AN),2021
MACK,TERRAPRO (TE),2017
MACK,LR,2021
MACK,GRANITE (GR),2021
MACK,LRBE (ELECTRIC),2020
MACK,ANTHEM (AN),2018
MACK,LRBE (ELECTRIC),2019
MACK,PINNACLE (PI/PN),2023
MACK,ANTHEM (AN),2023
MACK,MD,2023
MACK,GRANITE (GR),2023
MACK,TERRAPRO (TE),2022
LINCOLN,NAUTILUS,2021
LINCOLN,NAUTILUS,2022
MERCEDES-BENZ,E 450,2024
MERCEDES-BENZ,AMG CLE53,2024
MERCEDES-BENZ,E 350,2024
MERCEDES-BENZ,CLE 300,2024
MERCEDES-BENZ,CLE 450,2024
CADILLAC,XT6,2020
GMC,ACADIA,2023
GMC,ACADIA,2022
GMC,ACADIA,2021
GMC,ACADIA,2020
CHEVROLET,BLAZER,2024
CHEVROLET,BLAZER,2023
CHEVROLET,BLAZER,2022
CHEVROLET,BLAZER,2021
CHEVROLET,BLAZER,2020
CADILLAC,XT6,2024
CADILLAC,XT6,2023
CADILLAC,XT6,2022
CADILLAC,XT6,2021
CADILLAC,CT5,2020
CADILLAC,CT4,2020
CADILLAC,CT4,2021
CADILLAC,CT4,2022
CADILLAC,CT4,2023
CADILLAC,CT4,2024
CADILLAC,CT5,2021
CADILLAC,CT5,2022
CADILLAC,CT5,2023
CADILLAC,CT5,2024
CADILLAC,CT6,2019
CADILLAC,XT4,2019
CADILLAC,XT4,2020
CADILLAC,XT4,2021
CADILLAC,XT4,2022
CADILLAC,XT4,2023
CADILLAC,XT4,2024
CADILLAC,XT5,2019
CADILLAC,XT5,2020
CADILLAC,XT5,2021
CADILLAC,XT5,2022
CADILLAC,XT5,2023
CADILLAC,XT5,2024
CHRYSLER,300,2019
DODGE,CHALLENGER,2019
CADILLAC,LYRIQ,2023
CADILLAC,LYRIQ,2024
CADILLAC,LYRIQ,2025
CHEVROLET,BLAZER EV,2024
CHEVROLET,BOLT EUV,2023
CHEVROLET,BLAZER EV,2025
CHEVROLET,BOLT EUV,2022
CADILLAC,ESCALADE IQ,2025
GMC,SIERRA EV,2025
GMC,SIERRA EV,2024
GMC,HUMMER EV PICKUP,2025
GMC,HUMMER EV PICKUP,2024
GMC,HUMMER EV PICKUP,2023
GMC,HUMMER EV PICKUP,2022
CHEVROLET,SILVERADO EV,2025
CHEVROLET,SILVERADO EV,2024
CHEVROLET,EQUINOX EV,2025
CHEVROLET,EQUINOX EV,2024
JEEP,GLADIATOR,2021
JEEP,GLADIATOR,2024
JEEP,GLADIATOR,2023
JEEP,GLADIATOR,2022
JEEP,GLADIATOR,2025
GMC,SIERRA 3500,2024
CHEVROLET,SPARK,2020
CHEVROLET,EXPRESS,2020
CADILLAC,ESCALADE ESV,2020
BUICK,ENVISION,2020
BUICK,REGAL,2020
BUICK,ENCLAVE,2020
BUICK,ENCORE,2020
GMC,TERRAIN,2020
GMC,YUKON XL,2020
CHEVROLET,SUBURBAN,2020
CADILLAC,ESCALADE,2020
CHEVROLET,SILVERADO 5500,2020
CHEVROLET,SILVERADO 4500,2020
CHEVROLET,SUBURBAN,2024
CHEVROLET,TRAILBLAZER,2024
GMC,CANYON,2024
GMC,SAVANA,2024
GMC,YUKON XL,2024
CHEVROLET,EQUINOX,2024
BUICK,ENVISTA,2024
BUICK,ENCLAVE,2024
CHEVROLET,CORVETTE,2024
GMC,ACADIA,2024
BUICK,ENCORE,2024
BRIGHTDROP,ZEVO 600,2024
CHEVROLET,SILVERADO 3500,2024
GMC,YUKON,2024
CHEVROLET,TAHOE,2024
BRIGHTDROP,ZEVO 400,2024
CHEVROLET,SUBURBAN 1500,2024
CHEVROLET,EXPRESS 3500,2024
CHEVROLET,EXPRESS 2500,2024
CHEVROLET,CORVETTE E-RAY,2024
CHEVROLET,SILVERADO 4500,2024
CHEVROLET,SILVERADO 5500,2024
CHEVROLET,SILVERADO 6500,2025
CHEVROLET,TRAVERSE,2024
CADILLAC,ESCALADE ESV,2024
CHEVROLET,EXPRESS CUTAWAY VAN,2024
GMC,SAVANA CUTAWAY VAN,2024
CHEVROLET,TRAX,2025
CHEVROLET,TRAILBLAZER,2025
CHEVROLET,EQUINOX,2025
GMC,TERRAIN,2025
CADILLAC,CT5,2025
BUICK,ENCORE,2025
BUICK,ENCLAVE,2025
CHEVROLET,CORVETTE,2025
GMC,ACADIA,2025
CHEVROLET,TRAVERSE,2025
CADILLAC,CT4,2025
BUICK,ENVISTA,2025
CADILLAC,XT5,2025
CADILLAC,XT6,2025
CHEVROLET,SILVERADO 2500,2025
GMC,YUKON XL,2025
GMC,YUKON,2025
CHEVROLET,TAHOE,2025
CHEVROLET,SUBURBAN 1500,2025
CADILLAC,XT4,2025
GMC,CANYON,2025
CHEVROLET,COLORADO,2025
BUICK,ENCORE GX,2025
CHEVROLET,TRAX,2024
CHEVROLET,4500XD,2022
CHEVROLET,4500HD,2022
CHEVROLET,TRAILBLAZER,2022
BUICK,ENCORE GX,2022
CHEVROLET,BOLT EV,2022
GMC,SAVANA CUTAWAY VAN,2021
CHEVROLET,EXPRESS 3500,2021
CHEVROLET,6500HD,2021
CHEVROLET,EXPRESS CUTAWAY VAN,2021
CADILLAC,CT6,2021
CHEVROLET,3500,2021
CHEVROLET,5500XD,2021
CHEVROLET,5500HD,2021
CHEVROLET,4500HD,2021
CHEVROLET,SILVERADO 6500,2021
CHEVROLET,SILVERADO 5500,2021
CHEVROLET,SILVERADO 4500,2021
CHEVROLET,4500XD,2021
CHEVROLET,TRAX,2021
CHEVROLET,SPARK,2021
CADILLAC,ESCALADE ESV,2021
CHEVROLET,TRAVERSE,2021
CHEVROLET,BOLT EV,2021
CHEVROLET,EXPRESS,2021
CHEVROLET,SUBURBAN 1500,2021
CADILLAC,ESCALADE,2021
CHEVROLET,COLORADO,2021
GMC,SAVANA,2021
GMC,CANYON,2021
BUICK,ENVISION,2021
BUICK,ENCLAVE,2021
BUICK,ENCORE GX,2021
GMC,YUKON XL,2021
CHEVROLET,MALIBU,2021
GMC,TERRAIN,2021
CHEVROLET,EQUINOX,2021
CHEVROLET,CAMARO,2021
BUICK,ENCORE,2021
CHEVROLET,CORVETTE,2021
GMC,YUKON,2021
GMC,SIERRA 3500,2021
GMC,SIERRA 2500,2021
GMC,SIERRA 1500,2021
CHEVROLET,TAHOE,2021
CHEVROLET,SUBURBAN,2021
CHEVROLET,SILVERADO 3500,2021
CHEVROLET,SILVERADO 2500,2021
CHEVROLET,SILVERADO 1500,2021
BUICK,ENVISION,2023
CHEVROLET,TRAILBLAZER,2023
BUICK,ENCORE,2023
GMC,TERRAIN,2023
CHEVROLET,MALIBU,2023
CHEVROLET,EXPRESS 3500,2023
GMC,CANYON,2023
GMC,SAVANA CUTAWAY VAN,2023
CHEVROLET,EXPRESS 2500,2023
CHEVROLET,COLORADO,2023
GMC,SAVANA,2023
GMC,YUKON XL,2023
CHEVROLET,TRAX,2023
CHEVROLET,EXPRESS CUTAWAY VAN,2023
CHEVROLET,4500HD,2023
CHEVROLET,5500HD,2023
CHEVROLET,6500HD,2023
GMC,YUKON XL 1500,2023
CHEVROLET,SUBURBAN 1500,2023
GMC,SAVANA 3500,2023
GMC,SAVANA 2500,2023
BRIGHTDROP,600 ELCV,2023
CHEVROLET,EXPRESS,2023
GMC,SIERRA 2500,2024
GMC,3500HD,2024
CADILLAC,ESCALADE,2024
CHEVROLET,SILVERADO 2500,2024
CHEVROLET,BOLT EV,2024
CHEVROLET,CAMARO,2024
CHEVROLET,MALIBU,2024
BUICK,ENCORE GX,2024
BUICK,ENVISION,2024
CHEVROLET,COLORADO,2024
CADILLAC,OPTIQ,2025
CHEVROLET,MALIBU,2025
CHEVROLET,SILVERADO 3500,2025
GMC,SAVANA 3500,2025
GMC,SIERRA 2500,2025
GMC,SIERRA 3500,2025
CHEVROLET,BRIGHTDROP 400,2025
CHEVROLET,BRIGHTDROP 600,2025
CHEVROLET,LOW CAB FORWARD N SERIES,2025
CHEVROLET,SILVERADO 1500,2025
GMC,SIERRA 1500,2025
BUICK,ENVISION,2025
CADILLAC,ESCALADE,2025
CADILLAC,ESCALADE ESV,2025
CHEVROLET,BLAZER,2025
CHEVROLET,TRAILBLAZER,2021
GMC,SAVANA CUTAWAY VAN,2020
CHEVROLET,EXPRESS 3500,2020
CHEVROLET,6500HD,2020
CHEVROLET,EXPRESS CUTAWAY VAN,2020
BUICK,REGAL TOURX,2020
CHEVROLET,4500,2020
CADILLAC,XTS,2020
BUICK,ENCORE GX,2020
GMC,SIERRA DENALI,2020
BUICK,LACROSSE,2020
CHEVROLET,TRAILBLAZER,2020
CHEVROLET,3500,2020
CHEVROLET,5500XD,2020
CHEVROLET,4500XD,2020
CHEVROLET,5500HD,2020
CHEVROLET,4500HD,2020
GMC,YUKON,2020
GMC,SIERRA 1500,2020
CHEVROLET,TAHOE,2020
CHEVROLET,SONIC,2020
CHEVROLET,SILVERADO 1500,2020
CHEVROLET,MALIBU,2020
GMC,SIERRA 2500,2022
CHEVROLET,CAMARO,2020
CHEVROLET,BOLT EV,2020
CADILLAC,CT6,2020
GMC,SIERRA 3500,2020
GMC,SIERRA 2500,2020
CHEVROLET,TRAVERSE,2020
CHEVROLET,SILVERADO 3500,2020
CHEVROLET,SILVERADO 2500,2020
CHEVROLET,EQUINOX,2020
CHEVROLET,CORVETTE,2020
CHEVROLET,6500,2019
GMC,SAVANA,2020
GMC,CANYON,2020
CHEVROLET,TRAX,2020
CHEVROLET,IMPALA,2020
BUICK,ENVISION,2022
CHEVROLET,COLORADO,2020
GMC,SIERRA 3500,2022
CHEVROLET,SILVERADO 2500,2022
CHEVROLET,SILVERADO 3500,2022
GMC,YUKON,2022
GMC,YUKON XL,2022
CHEVROLET,TRAVERSE,2022
CHEVROLET,SILVERADO 4500,2022
CHEVROLET,SILVERADO 5500,2019
CHEVROLET,SILVERADO 6500,2022
CHEVROLET,3500,2022
CHEVROLET,4500,2022
CHEVROLET,COLORADO,2022
BUICK,ENCLAVE,2022
CHEVROLET,SILVERADO 1500,2022
CHEVROLET,SUBURBAN 1500,2022
GMC,TERRAIN,2022
CHEVROLET,CORVETTE,2022
CHEVROLET,TRAX,2022
GMC,SAVANA,2022
BRIGHTDROP,EV600,2022
CHEVROLET,6500HD,2022
CHEVROLET,EXPRESS CUTAWAY VAN,2022
CHEVROLET,EXPRESS 3500,2022
GMC,SAVANA CUTAWAY VAN,2022
CHEVROLET,CORVETTE,2023
CHEVROLET,CAMARO,2023
CHEVROLET,TRAVERSE,2023
BUICK,ENCLAVE,2023
CHEVROLET,SILVERADO 4500,2023
CHEVROLET,SILVERADO 5500,2023
CHEVROLET,SILVERADO 6500,2023
BRIGHTDROP,ZEVO 600,2023
CHEVROLET,BOLT EV,2023
CHEVROLET,SILVERADO 1500,2023
CHEVROLET,SILVERADO 2500,2023
CHEVROLET,SILVERADO 3500,2023
GMC,SIERRA 1500,2023
GMC,SIERRA 2500,2023
GMC,SIERRA 3500,2023
CHEVROLET,TAHOE,2023
CADILLAC,ESCALADE,2023
GMC,YUKON,2023
CADILLAC,ESCALADE ESV,2023
CHEVROLET,EQUINOX,2023
BUICK,ENCORE GX,2023
GMC,SIERRA 1500,2022
CHEVROLET,SUBURBAN,2022
CHEVROLET,TAHOE,2022
CHEVROLET,SPARK,2022
CHEVROLET,MALIBU,2022
CHEVROLET,EXPRESS,2022
CADILLAC,ESCALADE ESV,2022
CADILLAC,ESCALADE,2022
CHEVROLET,EQUINOX,2022
GMC,CANYON,2022
BUICK,ENCORE,2022
CHEVROLET,CAMARO,2022
CHEVROLET,5500XD,2022
CHEVROLET,5500HD,2022
GMC,TERRAIN,2024
CHEVROLET,SILVERADO 1500,2024
GMC,SIERRA 1500,2024
CHEVROLET,3500HD,2024
FORD,ESCAPE,2021
FORD,ESCAPE,2020
MV AGUSTA,ENDURO VELOCE,2024
MV AGUSTA,LXP ORIOLI,2024
MV AGUSTA,DRAGSTER 800,2022
MV AGUSTA,BRUTALE 800 ROSSO,2021
MV AGUSTA,BRUTALE 800,2022
MV AGUSTA,BRUTALE 800,2021
LINCOLN,NAUTILUS,2024
MV AGUSTA,TURISMO VELOCE ROSSO,2021
MV AGUSTA,TURISMO VELOCE RC,2021
MV AGUSTA,TURISMO VELOCE LUSSO,2022
MV AGUSTA,TURISMO VELOCE ROSSO,2022
FORD,F-450 SD,2020
FORD,ECOSPORT,2021
FORD,ECOSPORT,2020
FORD,TRANSIT CONNECT,2019
FORD,TRANSIT CONNECT,2018
FORD,TRANSIT CONNECT,2022
FORD,TRANSIT CONNECT,2021
FORD,EDGE,2019
LINCOLN,MKZ,2020
LINCOLN,AVIATOR,2020
LINCOLN,NAUTILUS,2019
LINCOLN,MKZ,2019
FORD,FUSION,2020
LINCOLN,NAUTILUS,2020
FORD,MUSTANG,2023
FORD,FUSION,2019
FORD,MUSTANG,2022
FORD,MUSTANG,2021
FORD,MUSTANG,2020
FORD,ECOSPORT,2022
FORD,TRANSIT,2020
FORD,MUSTANG,2019
FORD,MAVERICK,2024
FORD,MAVERICK,2023
FORD,MAVERICK,2022
FORD,F-450 SD,2022
FORD,F-550 SD,2021
FORD,EXPLORER,2020
FORD,EXPLORER,2023
FORD,RANGER,2023
FORD,F-150,2019
FORD,TRANSIT,2021
FORD,TRANSIT,2022
FORD,TRANSIT,2023
FORD,F-150,2020
FORD,F-250 SD,2020
FORD,F-350 SD,2020
FORD,F-550 SD,2020
FORD,F-250 SD,2021
FORD,F-350 SD,2021
FORD,F-250 SD,2022
FORD,F-350 SD,2022
FORD,F-550 SD,2022
FORD,F-450 SD,2021
FORD,TRANSIT CONNECT,2020
LINCOLN,AVIATOR,2023
FORD,EXPLORER,2021
LINCOLN,AVIATOR,2022
FORD,EXPLORER,2022
FORD,BRONCO SPORT,2023
FORD,BRONCO SPORT,2024
FORD,BRONCO SPORT,2022
FORD,BRONCO SPORT,2021
FORD,EDGE,2020
LINCOLN,AVIATOR,2021
LINCOLN,CORSAIR,2020
LINCOLN,CORSAIR,2021
LINCOLN,CORSAIR,2022
FORD,RANGER,2001
FORD,RANGER,2019
FORD,RANGER,2020
FORD,RANGER,2021
FORD,RANGER,2022
TESLA,MODEL X,2016
TESLA,MODEL X,2017
TESLA,MODEL X,2015
TESLA,MODEL X,2018
TESLA,MODEL S,2024
TESLA,CYBERTRUCK,2024
TESLA,MODEL X,2022
TESLA,MODEL X,2023
TESLA,MODEL X,2024
TESLA,MODEL X,2021
TESLA,MODEL S,2021
TESLA,MODEL S,2022
TESLA,MODEL S,2023
FORD,ECONOLINE,2025
OLD DOMINION BRUSH CO.,DCL800SM,2024
OLD DOMINION BRUSH CO.,DCL800TM,2023
OLD DOMINION BRUSH CO.,DCL800TM,2024
OLD DOMINION BRUSH CO.,DCL100,2024
OLD DOMINION BRUSH CO.,DCL800SM,2023
OLD DOMINION BRUSH CO.,DCL100,2023
JEEP,RENEGADE,2022
JEEP,RENEGADE,2024
JEEP,RENEGADE,2023
JEEP,RENEGADE,2021
JEEP,RENEGADE,2020
JEEP,RENEGADE,2019
FORD,FOCUS,2013
FORD,FOCUS,2017
FORD,FOCUS,2018
FORD,FOCUS,2016
FORD,FOCUS,2015
FORD,FOCUS,2012
FORD,FOCUS,2014
FORD,EXPLORER POLICE INTERCEPT,2020
FORD,EXPLORER POLICE INTERCEPT,2022
FORD,EXPLORER POLICE INTERCEPT,2021
SUBARU,OUTBACK,2022
SUBARU,LEGACY,2021
SUBARU,ASCENT,2019
SUBARU,ASCENT,2020
SUBARU,LEGACY,2020
SUBARU,OUTBACK,2021
SUBARU,ASCENT,2021
SUBARU,LEGACY,2022
SUBARU,ASCENT,2022
SUBARU,WRX,2022
SUBARU,OUTBACK,2023
SUBARU,ASCENT,2023
SUBARU,LEGACY,2023
SUBARU,WRX,2023
SUBARU,OUTBACK,2020
SUBARU,OUTBACK,2024
SUBARU,LEGACY,2024
SUBARU,ASCENT,2024
SUBARU,WRX,2024
MCNEILUS,REAR LOADER,2023
MCNEILUS,REAR LOADER,2021
MCNEILUS,REAR LOADER,2022
MCNEILUS,ZERO RADIUS,2024
MCNEILUS,REAR LOADER,2024
SUBARU,WRX STI,2020
SUBARU,FORESTER,2002
SUBARU,FORESTER,2001
SUBARU,BAJA,2004
SUBARU,BAJA,2003
SUBARU,BAJA,2005
SUBARU,WAGON,2003
SUBARU,WAGON,2002
SUBARU,OUTBACK,2004
SUBARU,WRX,2003
SUBARU,OUTBACK,2003
SUBARU,WRX,2002
SUBARU,OUTBACK,2002
SEAT COVER UNLIMITED,SEAT COVER UNLIMITED,9999
SUBARU,CROSSTREK HYBRID,2016
SUBARU,OUTBACK,2001
SUBARU,64669AC390MU,9999
SUBARU,64669AC380MU,9999
SUBARU,64669AC370MU,9999
SUBARU,64669AC360MU,9999
SUBARU,64669AC260MU,9999
SUBARU,SAFETY BELTS,9999
SUBARU,LEGACY,2019
SUBARU,BRZ,2018
SUBARU,IMPREZA,2018
SUBARU,LEGACY,2018
SUBARU,FORESTER,2018
SUBARU,XV CROSSTREK HYBRID,2015
SUBARU,CROSSTREK HYBRID,2017
SUBARU,WRX STI,2015
SUBARU,IMPREZA WRX,2015
SUBARU,CROSSTREK,2014
SUBARU,CROSSTREK,2017
SUBARU,CROSSTREK,2015
SUBARU,WRX STI,2016
SUBARU,WRX STI,2017
SUBARU,WRX,2017
SUBARU,CROSSTREK,2018
SUBARU,WRX,2018
SUBARU,WRX STI,2018
SUBARU,CROSSTREK,2019
SUBARU,WRX,2019
SUBARU,WRX STI,2019
SUBARU,WRX,2020
SUBARU,WRX,2021
SUBARU,CROSSTREK,2020
SUBARU,IMPREZA,2012
SUBARU,LEGACY,2012
SUBARU,BRZ,2013
SUBARU,FORESTER,2012
SUBARU,FORESTER,2013
SUBARU,LEGACY,2013
SUBARU,IMPREZA,2013
SUBARU,XV CROSSTREK,2013
SUBARU,FORESTER,2014
SUBARU,LEGACY,2014
SUBARU,IMPREZA,2014
SUBARU,BRZ,2014
SUBARU,XV CROSSTREK,2014
SUBARU,IMPREZA,2015
SUBARU,FORESTER,2015
SUBARU,LEGACY,2015
SUBARU,BRZ,2015
SUBARU,XV CROSSTREK,2015
SUBARU,BRZ,2016
SUBARU,FORESTER,2016
SUBARU,IMPREZA,2016
SUBARU,IMPREZA,2021
SUBARU,LEGACY,2016
SUBARU,XV CROSSTREK,2016
SUBARU,FORESTER,2017
SUBARU,LEGACY,2017
SUBARU,IMPREZA,2017
SUBARU,BRZ,2017
SUBARU,XV CROSSTREK,2017
SUBARU,WRX STI,2005
SUBARU,WRX STI,2004
SUBARU,XV CROSSTREK,2012
SUBARU,CROSSTREK,2013
SUBARU,CROSSTREK,2021
SUBARU,FORESTER,2021
SUBARU,WRX,2007
SUBARU,OUTBACK,2015
SUBARU,BRZ,2020
SUBARU,IMPREZA,2020
SUBARU,FORESTER,2020
SUBARU,FORESTER,2019
SUBARU,BRZ,2019
SUBARU,IMPREZA,2019
SUBARU,CROSSTREK,2012
SUBARU,CROSSTREK,2016
SUBARU,WRX,2016
SUBARU,WRX STI,2014
SUBARU,WRX STI,2013
SUBARU,WRX STI,2012
SUBARU,WRX STI,2011
SUBARU,WRX STI,2010
SUBARU,WRX STI,2009
SUBARU,WRX STI,2008
SUBARU,WRX,2012
SUBARU,WRX,2010
SUBARU,WRX,2011
SUBARU,WRX,2015
SUBARU,XV CROSSTREK HYBRID,2014
SUBARU,WRX,2013
SUBARU,WRX,2014
SUBARU,IMPREZA,2023
SUBARU,SOLTERRA,2023
SUBARU,XV CROSSTREK,2023
SUBARU,BRZ,2023
SUBARU,CROSSTREK HYBRID,2022
SUBARU,BRZ,2024
SUBARU,OUTBACK,2012
SUBARU,OUTBACK,2013
SUBARU,OUTBACK,2014
SUBARU,CROSSTREK,2024
SUBARU,OUTBACK,2016
SUBARU,OUTBACK,2017
SUBARU,OUTBACK,2018
SUBARU,SOLTERRA,2024
SUBARU,IMPREZA,2025
SUBARU,OUTBACK,2025
SUBARU,FORESTER,2025
SUBARU,LEGACY,2025
SUBARU,IMPREZA,2024
SUBARU,WRX STI,2023
SUBARU,XV CROSSTREK,2024
SUBARU,CROSSTREK,2023
SUBARU,FORESTER,2023
SUBARU,CROSSTREK HYBRID,2023
SUBARU,WRX STI,2021
SUBARU,BRZ,2021
SUBARU,CROSSTREK,2022
SUBARU,XV CROSSTREK,2022
SUBARU,FORESTER,2022
SUBARU,IMPREZA,2022
SUBARU,BRZ,2022
SUBARU,FORESTER,2024
SUBARU,OUTBACK,2019
SUBARU,CROSSTREK HYBRID,2021
SUBARU,CROSSTREK HYBRID,2020
SUBARU,CROSSTREK HYBRID,2019
SUBARU,CROSSTREK HYBRID,2018
SUBARU,WRX STI,2022
SUBARU,FORESTER,2011
SUBARU,TRIBECA,2014
SUBARU,TRIBECA,2013
SUBARU,WRX,2009
SUBARU,WRX,2008
SUBARU,B9 TRIBECA,2012
SUBARU,B9 TRIBECA,2011
SUBARU,OUTBACK SPORT,2006
SUBARU,OUTBACK,2011
SUBARU,IMPREZA,2011
SUBARU,LEGACY,2011
SUBARU,B9 TRIBECA,2010
SUBARU,IMPREZA,2010
SUBARU,LEGACY,2010
SUBARU,FORESTER,2010
SUBARU,OUTBACK,2010
SUBARU,OUTBACK SPORT,2009
SUBARU,OUTBACK SPORT,2008
SUBARU,IMPREZA STI,2008
SUBARU,IMPREZA STI,2009
SUBARU,B9 TRIBECA,2009
SUBARU,OUTBACK,2009
SUBARU,IMPREZA,2009
SUBARU,LEGACY,2009
SUBARU,FORESTER,2009
SUBARU,B9 TRIBECA,2008
SUBARU,FORESTER,2008
SUBARU,OUTBACK,2008
SUBARU,LEGACY,2008
SUBARU,IMPREZA,2008
SUBARU,B9 TRIBECA,2007
SUBARU,LEGACY,2007
SUBARU,IMPREZA,2007
SUBARU,FORESTER,2007
SUBARU,OUTBACK,2007
SUBARU,WRX,2006
SUBARU,WRX,2005
SUBARU,WRX,2004
SUBARU,IMPREZA,2006
SUBARU,LEGACY,2006
SUBARU,FORESTER,2006
SUBARU,OUTBACK,2006
SUBARU,BAJA,2006
SUBARU,B9 TRIBECA,2006
SUBARU,IMPREZA,2005
SUBARU,FORESTER,2005
SUBARU,OUTBACK,2005
SUBARU,LEGACY,2005
SUBARU,LEGACY,2004
SUBARU,LEGACY,2003
SUBARU,LEGACY,2002
SUBARU,LEGACY,2001
SUBARU,IMPREZA,2004
SUBARU,IMPREZA,2003
SUBARU,IMPREZA,2002
SUBARU,IMPREZA,2001
SUBARU,FORESTER,2004
SUBARU,FORESTER,2003
MERCEDES-BENZ,SPRINTER 1500,2024
MERCEDES-BENZ,SPRINTER 2500,2024
MERCEDES-BENZ,SPRINTER 3500,2024
MERCEDES-BENZ,SPRINTER 4500,2024
FREIGHTLINER,SPRINTER 4500,2024
FREIGHTLINER,SPRINTER 3500,2024
FREIGHTLINER,SPRINTER 1500,2024
MERCEDES-BENZ,SPRINTER 1500,2023
MERCEDES-BENZ,SPRINTER 2500,2023
MERCEDES-BENZ,SPRINTER 3500,2023
MERCEDES-BENZ,SPRINTER 4500,2023
FREIGHTLINER,SPRINTER 2500,2024
FREIGHTLINER,SPRINTER 1500,2023
FREIGHTLINER,SPRINTER 2500,2023
FREIGHTLINER,SPRINTER 3500,2023
FREIGHTLINER,SPRINTER 4500,2023
SPARTAN FIRE,FC-94,2025
SPARTAN FIRE,METROSTAR,2024
SPARTAN FIRE,FC-94,2024
SPARTAN FIRE,GLADIATOR,2025
SPARTAN FIRE,METROSTAR,2025
NISSAN,SENTRA,2025
NISSAN,ARIYA,2024
NISSAN,ARIYA,2023
EMBER,OVERLAND SERIES,2024
EMBER,TOURING EDITION,2023
EMBER,OVERLAND SERIES,2023
EMBER,TOURING EDITION,2024
NISSAN,KICKS,2025
INFINITI,QX50,2025
INFINITI,QX55,2025
NISSAN,LEAF,2020
NISSAN,LEAF,2019
NISSAN,LEAF,2025
NISSAN,LEAF,2024
NISSAN,LEAF,2023
NISSAN,LEAF,2018
NISSAN,LEAF,2022
NISSAN,LEAF,2021
JEEP,GLADIATOR,2020
FREIGHTLINER,114SD,2025
FREIGHTLINER,114SD,2024
FREIGHTLINER,BUSINESS CLASS M2,2025
FREIGHTLINER,BUSINESS CLASS M2,2024
FREIGHTLINER,108SD,2024
WESTERN STAR,47X,2023
WESTERN STAR,47X,2021
WESTERN STAR,47X,2020
WESTERN STAR,47X,2019
WESTERN STAR,57X,2024
WESTERN STAR,57X,2023
WESTERN STAR,57X,2022
WESTERN STAR,57X,2021
WESTERN STAR,49X,2024
WESTERN STAR,49X,2023
WESTERN STAR,49X,2022
WESTERN STAR,49X,2021
WESTERN STAR,49X,2020
WESTERN STAR,47X,2024
WESTERN STAR,49X,2019
WESTERN STAR,47X,2022
FREIGHTLINER,122SD,2016
FREIGHTLINER,CORONADO,2016
WESTERN STAR,4900,2014
WESTERN STAR,4900,2015
WESTERN STAR,4900,2016
WESTERN STAR,5700,2016
FREIGHTLINER,CASCADIA,2016
FREIGHTLINER,CASCADIA,2015
WESTERN STAR,6900,2016
WESTERN STAR,49X,2025
FREIGHTLINER,CASCADIA,2025
WESTERN STAR,47X,2025
WESTERN STAR,57X,2025
FREIGHTLINER,CASCADIA,2024
FREIGHTLINER,BUSINESS CLASS M2,2023
FREIGHTLINER,EM2,2023
FREIGHTLINER,E-CASCADIA,2024
FREIGHTLINER,E-CASCADIA,2023
FREIGHTLINER,EM2,2025
FREIGHTLINER,EM2,2024
FREIGHTLINER,EM2,2022
FREIGHTLINER,CASCADIA,2020
FREIGHTLINER,CASCADIA,2019
FREIGHTLINER,CASCADIA,2021
FREIGHTLINER,CASCADIA,2022
FREIGHTLINER,CASCADIA,2023
FREIGHTLINER,CASCADIA,2018
FREIGHTLINER,CASCADIA,2017
FREIGHTLINER,122SD,2022
FREIGHTLINER,114SD,2019
FREIGHTLINER,114SD,2018
FREIGHTLINER,114SD,2023
FREIGHTLINER,114SD,2022
FREIGHTLINER,114SD,2021
FREIGHTLINER,114SD,2020
FREIGHTLINER,114SD,2017
FREIGHTLINER,108SD,2025
FREIGHTLINER,108SD,2023
FREIGHTLINER,108SD,2022
FREIGHTLINER,108SD,2021
FREIGHTLINER,108SD,2020
FREIGHTLINER,108SD,2019
FREIGHTLINER,108SD,2018
FREIGHTLINER,108SD,2017
FREIGHTLINER,BUSINESS CLASS M2,2022
FREIGHTLINER,BUSINESS CLASS M2,2021
FREIGHTLINER,122SD,2025
FREIGHTLINER,122SD,2024
FREIGHTLINER,122SD,2023
FREIGHTLINER,BUSINESS CLASS M2,2020
FREIGHTLINER,122SD,2021
FREIGHTLINER,122SD,2020
FREIGHTLINER,122SD,2018
FREIGHTLINER,122SD,2017
FREIGHTLINER,BUSINESS CLASS M2,2019
FREIGHTLINER,BUSINESS CLASS M2,2018
FREIGHTLINER,BUSINESS CLASS M2,2017
FREIGHTLINER,122SD,2019
RAM,5500,2016
RAM,4500,2015
RAM,3500,2015
RAM,3500,2016
RAM,3500,2017
RAM,3500,2018
RAM,4500,2016
RAM,4500,2017
RAM,4500,2018
RAM,5500,2013
RAM,5500,2014
DODGE,RAM 5500,2012
RAM,5500,2015
RAM,5500,2017
RAM,5500,2018
DODGE,RAM 3500,2012
RAM,3500,2014
RAM,3500,2013
DODGE,RAM 4500,2012
RAM,4500,2013
RAM,4500,2014
STOUGHTON,VAN TRAILER,2025
GRAND DESIGN,IMAGINE,2025
DODGE,RAM 2500,2012
RAM,2500,2013
RAM,2500,2014
RAM,2500,2015
RAM,2500,2016
RAM,2500,2017
RAM,2500,2018
RAM,2500,2020
RAM,2500,2021
BMW,6 SERIES,2010
BMW,3 SERIES,2010
BMW,5 SERIES,2010
BMW,1 SERIES,2010
BMW,X6,2010
BMW,X5,2010
BMW,X3,2010
BMW,7-SERIES,2010
BMW,Z4,2010
BMW,X1,2024
BMW,X2,2024
HYUNDAI,SANTA FE,2014
HYUNDAI,SANTA FE,2013
HYUNDAI,SANTA FE,2019
HYUNDAI,SANTA FE,2018
HYUNDAI,SANTA FE,2017
HYUNDAI,SANTA FE,2016
HYUNDAI,SANTA FE,2015
HYUNDAI,SANTA FE XL,2019
HYUNDAI,PALISADE,2023
HYUNDAI,PALISADE,2022
HYUNDAI,PALISADE,2020
HYUNDAI,PALISADE,2024
HYUNDAI,PALISADE,2021
MAZDA,MAZDA2,2021
MAZDA,CX-50,2024
MAZDA,CX-90,2024
MAZDA,CX-90,2025
MAZDA,CX-70,2025
MAZDA,CX-9,2023
MAZDA,CX-50,2023
MAZDA,CX-5,2022
MAZDA,CX-3,2021
MAZDA,CX-9,2022
MAZDA,CX-9,2021
MAZDA,MAZDA6,2019
MAZDA,MAZDA6,2020
MAZDA,CX-5,2020
MAZDA,CX-5,2019
MAZDA,CX-9,2019
MAZDA,CX-9,2018
MAZDA,CX-9,2020
MAZDA,MAZDA6,2018
MAZDA,CX-9,2017
MAZDA,CX-9,2016
MAZDA,CX-3,2020
MAZDA,CX-5,2025
MAZDA,CX-3,2019
MAZDA,CX-5,2018
MAZDA,CX-5,2023
MAZDA,MAZDA3,2023
MAZDA,CX-30,2023
MAZDA,MAZDA3,2022
MAZDA,CX-30,2022
MAZDA,MAZDA3,2021
MAZDA,MAZDA6,2021
MAZDA,CX-30,2020
MAZDA,MAZDA3,2019
MAZDA,MAZDA3,2020
MAZDA,CX-30,2021
MAZDA,CX-5,2024
MAZDA,CX-5,2021
MAZDA,MAZDA3,2025
MAZDA,MX-5,2024
MAZDA,CX-30,2024
MAZDA,CX-50 HYBRID,2025
MAZDA,CX-30,2025
MAZDA,MX-30,2022
MAZDA,MX-30,2023
MAZDA,MAZDA3,2024
ROSENBAUER,WARRIOR,2017
ROSENBAUER,WARRIOR,2018
ROSENBAUER,WARRIOR,2019
ROSENBAUER,WARRIOR,2022
ROSENBAUER,COMMANDER,2022
ROSENBAUER,COMMANDER,2023
ROSENBAUER,WARRIOR,2020
ROSENBAUER,WARRIOR,2021
ROSENBAUER,COMMANDER,2024
ROSENBAUER,AVENGER,2018
ROSENBAUER,AVENGER,2017
ROSENBAUER,COMMANDER,2021
ROSENBAUER,AVENGER,2019
ROSENBAUER,COMMANDER,2020
ROSENBAUER,COMMANDER,2019
ROSENBAUER,COMMANDER,2018
ROSENBAUER,COMMANDER,2017
ROSENBAUER,WARRIOR,2023
ROSENBAUER,AVENGER,2020
ROSENBAUER,WARRIOR,2024
ROSENBAUER,AVENGER,2021
RAM,2500,2010
DODGE,RAM 3500,2011
RAM,3500,2010
DODGE,redundant RAM 3500,2010
DODGE,RAM 2500,2011
RAM,PROMASTER,2022
DODGE,VIPER,2005
DODGE,VIPER,2004
DODGE,VIPER ROADSTER,2006
DODGE,VIPER COUPE,2006
DODGE,VIPER,2003
DODGE,DURANGO,2023
DODGE,DURANGO,2022
DODGE,DURANGO,2021
HYUNDAI,SONATA,2023
HYUNDAI,SONATA,2020
HYUNDAI,SONATA,2022
HYUNDAI,SONATA,2021
RIVIAN,R1S,2024
RIVIAN,R1T,2024
RIVIAN,R1T,2023
RIVIAN,R1S,2023
WESTERN STAR,4900,2023
WESTERN STAR,4900,2022
WESTERN STAR,4700,2017
WESTERN STAR,6900,2022
EAST TO WEST,ALTA,2022
EAST TO WEST,ALTA,2021
KENWORTH,T380,2025
KENWORTH,T480,2025
KENWORTH,T480,2024
KENWORTH,T380,2024
PETERBILT,548,2025
PETERBILT,536,2025
PETERBILT,548,2024
PETERBILT,537,2024
PETERBILT,537,2025
PETERBILT,536,2024
KENWORTH,W990,2025
KENWORTH,T880,2024
KENWORTH,T800,2024
KENWORTH,W990,2024
KENWORTH,T800,2025
KENWORTH,T880,2025
PETERBILT,567,2025
PETERBILT,520,2025
PETERBILT,389,2024
PETERBILT,367,2024
NEW FLYER,XD60,2013
NEW FLYER,XDE40,2016
NEW FLYER,XN40,2017
NEW FLYER,XN60,2017
NEW FLYER,XDE60,2018
NEW FLYER,XDE40,2018
NEW FLYER,XN60,2018
NEW FLYER,XDE60,2019
NEW FLYER,XDE40,2020
NEW FLYER,XDE40,2021
NEW FLYER,XN40,2016
NEW FLYER,XDE60,2017
NEW FLYER,XD60,2016
NEW FLYER,XN60,2015
NEW FLYER,XDE40,2015
NEW FLYER,XDE60,2015
NEW FLYER,XD60,2015
NEW FLYER,XDE60,2014
NEW FLYER,XDE40,2014
NEW FLYER,XDE40,2013
JEEP,GRAND WAGONEER,2023
JEEP,WAGONEER,2023
JEEP,WAGONEER,2022
JEEP,GRAND WAGONEER,2022
CHRYSLER,300,2023
CHRYSLER,300,2020
DODGE,CHARGER,2023
DODGE,CHARGER,2022
DODGE,CHARGER,2021
DODGE,CHARGER,2020
DODGE,CHALLENGER,2023
DODGE,CHALLENGER,2022
DODGE,CHALLENGER,2021
DODGE,CHALLENGER,2020
CHRYSLER,300,2022
CHRYSLER,300,2021
LAND ROVER,RANGE ROVER SPORT,2024
LAND ROVER,RANGE ROVER,2024
LAND ROVER,RANGE ROVER,2022
LAND ROVER,RANGE ROVER SPORT,2023
LAND ROVER,RANGE ROVER,2023
LAND ROVER,RANGE ROVER EVOQUE,2022
LAND ROVER,RANGE ROVER EVOQUE,2021
LAND ROVER,DISCOVERY SPORT,2021
LAND ROVER,DISCOVERY SPORT,2022
LAND ROVER,DISCOVERY SPORT,2023
LAND ROVER,RANGE ROVER EVOQUE,2023
LAND ROVER,DISCOVERY SPORT,2024
LAND ROVER,RANGE ROVER EVOQUE,2024
LAND ROVER,DISCOVERY SPORT,2025
LAND ROVER,RANGE ROVER VELAR,2019
LAND ROVER,RANGE ROVER EVOQUE,2020
JAGUAR,F-PACE,2020
JAGUAR,XF,2024
JAGUAR,XE,2020
JAGUAR,XE,2019
JAGUAR,F-PACE,2022
JAGUAR,F-PACE,2024
JAGUAR,F-PACE,2023
JAGUAR,E-PACE,2022
JAGUAR,E-PACE,2024
JAGUAR,E-PACE,2023
JAGUAR,E-PACE,2021
JAGUAR,E-PACE,2020
JAGUAR,E-PACE,2019
LAND ROVER,RANGE ROVER VELAR,2024
LAND ROVER,RANGE ROVER VELAR,2023
LAND ROVER,RANGE ROVER VELAR,2022
LAND ROVER,RANGE ROVER VELAR,2018
LAND ROVER,RANGE ROVER VELAR,2021
LAND ROVER,RANGE ROVER VELAR,2020
JAGUAR,XF,2023
JAGUAR,XF,2022
JAGUAR,XF,2021
JAGUAR,XF,2020
JAGUAR,XF,2019
JAGUAR,F-TYPE,2024
JAGUAR,F-TYPE,2023
JAGUAR,F-TYPE,2022
JAGUAR,F-PACE,2018
JAGUAR,F-PACE,2019
JAGUAR,F-PACE,2021
JAGUAR,F-TYPE,2020
JAGUAR,F-TYPE,2021
LAND ROVER,DEFENDER,2020
LAND ROVER,DEFENDER,2025
LAND ROVER,DEFENDER,2022
LAND ROVER,DEFENDER,2024
LAND ROVER,DEFENDER,2023
LAND ROVER,DEFENDER,2021
LAND ROVER,DISCOVERY,2024
LAND ROVER,DISCOVERY,2025
LAND ROVER,DISCOVERY,2023
LAND ROVER,DISCOVERY,2020
LAND ROVER,RANGE ROVER VELAR,2025
LAND ROVER,DISCOVERY,2022
LAND ROVER,DISCOVERY,2021
LAND ROVER,DISCOVERY SPORT,2020
LAND ROVER,DISCOVERY SPORT,2019
LAND ROVER,RANGE ROVER EVOQUE,2019
JAGUAR,F-PACE,2025
EQUIPMENT,EQUIPMENT,9999
BRINKLEY RV,MODEL Z,2025
BRINKLEY RV,MODEL Z,2024
MCLAREN,765LT,2020
MCLAREN,765LT,2021
MCLAREN,720S,2019
MCLAREN,720S,2018
MCLAREN,750S SPYDER,2024
MCLAREN,750S,2024
MCLAREN,720S,2021
MCLAREN,720S,2020
MCLAREN,720S,2017
MCLAREN,720S,2016
MCLAREN,ARTURA SPIDER,2025
MCLAREN,ARTURA,2022
MCLAREN,ARTURA,2024
MCLAREN,ARTURA,2025
MCLAREN,ARTURA SPIDER,2024
MCLAREN,ARTURA,2023
MCLAREN,625C,2015
MCLAREN,600LT,2019
MCLAREN,600LT,2020
MCLAREN,570 GT,2019
MCLAREN,570 GT,2018
MCLAREN,GT,2020
MCLAREN,GT,2023
MCLAREN,GTS,2025
MCLAREN,MP4-12C,2013
MCLAREN,MP4-12C SPIDER,2013
MCLAREN,MP4-12C SPIDER,2012
MCLAREN,MP4-12C SPIDER,2014
MCLAREN,MP4-12C SPIDER,2015
MCLAREN,P1,2014
MCLAREN,P1,2015
MCLAREN,570 GT,2017
MCLAREN,570,2015
MCLAREN,570,2016
MCLAREN,675 LONGTAIL,2015
MCLAREN,675 LONGTAIL,2016
MCLAREN,675 LONGTAIL,2017
MCLAREN,650S,2015
MCLAREN,650S,2016
MCLAREN,650S,2017
MCLAREN,650S,2014
MCLAREN,570,2017
MCLAREN,SENNA,2018
MCLAREN,SENNA,2019
MCLAREN,620R,2022
MCLAREN,620R,2021
MCLAREN,765LT SPIDER,2022
MCLAREN,765LT SPIDER,2021
MCLAREN,GT,2021
MCLAREN,MP4-12C,2014
MCLAREN,MP4-12C,2012
MCLAREN,MP4-12C,2011
MCLAREN,570 GT,2020
MCLAREN,ELVA,2021
MCLAREN,GT,2019
MCLAREN,SPEEDTAIL,2020
MCLAREN,SENNA GTR,2020
MCLAREN,570 GT,2016
MCLAREN,570S,2020
MCLAREN,570S,2019
MCLAREN,570S,2018
MCLAREN,540C,2016
MCLAREN,540C,2020
MCLAREN,540C,2019
MCLAREN,540C,2018
MCLAREN,540C,2017
MCLAREN,MP4-12C SPIDER,2011
MCLAREN,GT,2022
MCLAREN,ELVA,2022
BENTLEY,BENTAYGA,2021
BENTLEY,BENTAYGA,2024
BENTLEY,BENTAYGA,2023
BENTLEY,BENTAYGA,2018
BENTLEY,BENTAYGA,2020
BENTLEY,BENTAYGA,2019
BENTLEY,BENTAYGA,2017
BENTLEY,BENTAYGA,2022
BENTLEY,FLYING SPUR,2023
BENTLEY,FLYING SPUR,2024
BENTLEY,FLYING SPUR,2022
BENTLEY,FLYING SPUR,2020
BENTLEY,FLYING SPUR,2021
BENTLEY,CONTINENTAL GTC,2023
BENTLEY,CONTINENTAL GT,2024
BENTLEY,CONTINENTAL GTC,2020
BENTLEY,CONTINENTAL GTC,2021
BENTLEY,CONTINENTAL GT,2020
BENTLEY,CONTINENTAL GTC,2024
BENTLEY,CONTINENTAL GTC,2022
BENTLEY,CONTINENTAL GT,2022
BENTLEY,CONTINENTAL GT,2021
BENTLEY,CONTINENTAL GT,2023
BENTLEY,BENTAYGA,2025
VOLKSWAGEN,TIGUAN,2024
VOLKSWAGEN,ROUTAN,2012
VOLKSWAGEN,ROUTAN,2011
VOLKSWAGEN,GOLF R,2022
VOLKSWAGEN,TIGUAN,2025
AUDI,A3,2022
VOLKSWAGEN,ATLAS CROSS SPORT,2024
VOLKSWAGEN,ARTEON,2019
VOLKSWAGEN,ARTEON,2020
VOLKSWAGEN,ARTEON,2021
VOLKSWAGEN,ARTEON,2022
VOLKSWAGEN,ARTEON,2023
VOLKSWAGEN,ATLAS,2024
VOLKSWAGEN,ATLAS,2025
VOLKSWAGEN,ATLAS CROSS SPORT,2025
VOLKSWAGEN,GTI,2022
VOLKSWAGEN,GTI,2023
VOLKSWAGEN,GTI,2024
VOLKSWAGEN,GTI,2025
VOLKSWAGEN,GOLF R,2023
VOLKSWAGEN,GOLF R,2024
VOLKSWAGEN,GOLF R,2025
VOLKSWAGEN,TIGUAN,2017
VOLKSWAGEN,TIGUAN,2018
VOLKSWAGEN,TIGUAN,2019
VOLKSWAGEN,TIGUAN,2020
VOLKSWAGEN,TIGUAN,2021
VOLKSWAGEN,TIGUAN,2022
VOLKSWAGEN,TIGUAN,2023
AUDI,A3,2023
AUDI,A3,2024
AUDI,A3,2025
AUDI,Q3,2021
AUDI,Q3,2020
AUDI,Q3,2019
AUDI,RS 3,2025
AUDI,RS 3,2024
AUDI,Q3,2024
AUDI,RS 3,2023
AUDI,RS 3,2022
AUDI,S3,2025
AUDI,S3,2024
AUDI,S3,2023
AUDI,S3,2022
AUDI,Q3,2023
AUDI,Q3,2022
AUDI,Q3,2025
VOLKSWAGEN,ID. BUZZ,2025
VOLKSWAGEN,BEETLE CONVERTIBLE,2013
VOLKSWAGEN,BEETLE CONVERTIBLE,2016
VOLKSWAGEN,PASSAT,2016
VOLKSWAGEN,PASSAT,2015
VOLKSWAGEN,PASSAT,2014
VOLKSWAGEN,PASSAT,2013
VOLKSWAGEN,PASSAT,2012
VOLKSWAGEN,BEETLE,2010
VOLKSWAGEN,BEETLE,2012
VOLKSWAGEN,BEETLE,2013
VOLKSWAGEN,BEETLE,2014
VOLKSWAGEN,BEETLE,2015
VOLKSWAGEN,BEETLE,2016
VOLKSWAGEN,BEETLE CONVERTIBLE,2010
VOLKSWAGEN,BEETLE CONVERTIBLE,2014
VOLKSWAGEN,BEETLE CONVERTIBLE,2015
VOLKSWAGEN,GOLF,2010
VOLKSWAGEN,GOLF,2011
VOLKSWAGEN,GOLF,2012
VOLKSWAGEN,GOLF,2013
VOLKSWAGEN,GOLF,2014
VOLKSWAGEN,GOLF,2015
VOLKSWAGEN,GOLF,2016
VOLKSWAGEN,JETTA,2010
VOLKSWAGEN,JETTA,2011
VOLKSWAGEN,JETTA,2012
VOLKSWAGEN,JETTA,2013
VOLKSWAGEN,JETTA,2014
VOLKSWAGEN,JETTA,2015
VOLKSWAGEN,JETTA,2016
VOLKSWAGEN,JETTA SPORTWAGEN,2010
VOLKSWAGEN,JETTA SPORTWAGEN,2011
VOLKSWAGEN,JETTA SPORTWAGEN,2012
VOLKSWAGEN,JETTA SPORTWAGEN,2013
VOLKSWAGEN,JETTA SPORTWAGEN,2014
VOLKSWAGEN,PASSAT,2010
VOLKSWAGEN,TOUAREG,2016
VOLKSWAGEN,TOUAREG,2015
VOLKSWAGEN,TOUAREG,2014
VOLKSWAGEN,TOUAREG,2013
VOLKSWAGEN,TOUAREG,2012
VOLKSWAGEN,TOUAREG,2011
VOLKSWAGEN,TOUAREG,2010
VOLKSWAGEN,ATLAS,2023
VOLKSWAGEN,ATLAS CROSS SPORT,2022
VOLKSWAGEN,ATLAS CROSS SPORT,2023
VOLKSWAGEN,ATLAS,2022
VOLKSWAGEN,ATLAS,2021
VOLKSWAGEN,ATLAS CROSS SPORT,2021
VOLKSWAGEN,ID.4,2022
VOLKSWAGEN,ID.4,2023
VOLKSWAGEN,ID.4,2025
VOLKSWAGEN,ID.4,2024
VOLKSWAGEN,ID.4,2021
VOLKSWAGEN,TAOS,2025
VOLKSWAGEN,TAOS,2024
VOLKSWAGEN,TAOS,2023
VOLKSWAGEN,JETTA,2025
VOLKSWAGEN,JETTA,2024
VOLKSWAGEN,JETTA,2023
VOLKSWAGEN,JETTA,2018
VOLKSWAGEN,JETTA,2019
VOLKSWAGEN,JETTA,2020
VOLKSWAGEN,JETTA,2021
VOLKSWAGEN,JETTA,2022
VOLKSWAGEN,ATLAS,2018
VOLKSWAGEN,ATLAS,2019
VOLKSWAGEN,ATLAS,2020
VOLKSWAGEN,ATLAS CROSS SPORT,2020
VOLKSWAGEN,PASSAT,2018
VOLKSWAGEN,PASSAT,2019
VOLKSWAGEN,PASSAT,2020
VOLKSWAGEN,PASSAT,2021
VOLKSWAGEN,PASSAT,2022
VOLKSWAGEN,TAOS,2022
VOLKSWAGEN,TIGUAN LIMITED,2018
VOLKSWAGEN,BEETLE,2018
VOLKSWAGEN,BEETLE,2019
VOLKSWAGEN,BEETLE CONVERTIBLE,2018
VOLKSWAGEN,BEETLE CONVERTIBLE,2019
VOLKSWAGEN,E-GOLF,2018
VOLKSWAGEN,E-GOLF,2019
VOLKSWAGEN,GOLF,2019
VOLKSWAGEN,GOLF,2018
VOLKSWAGEN,GOLF,2020
VOLKSWAGEN,GOLF,2021
VOLKSWAGEN,GTI,2018
VOLKSWAGEN,GTI,2019
VOLKSWAGEN,GTI,2020
VOLKSWAGEN,GTI,2021
VOLKSWAGEN,GOLF R,2018
VOLKSWAGEN,GOLF R,2019
VOLKSWAGEN,GOLF R,2020
VOLKSWAGEN,GOLF R,2021
VOLKSWAGEN,GOLF SPORTWAGEN,2018
VOLKSWAGEN,GOLF SPORTWAGEN,2019
VOLKSWAGEN,GOLF ALLTRACK,2018
VOLKSWAGEN,GOLF ALLTRACK,2019
VOLKSWAGEN,GTI,2016
AUDI,A5,2025
AUDI,S5,2025
AUDI,Q6 E-TRON,2025
AUDI,SQ6 SPORTBACK E-TRON,2025
AUDI,S6,2020
AUDI,RS 3,2020
AUDI,A4 ALLROAD,2020
AUDI,S4,2020
AUDI,A5,2020
AUDI,A5 CABRIOLET,2020
AUDI,A5 SPORTBACK,2020
AUDI,S5,2020
AUDI,S5 CABRIOLET,2020
AUDI,S5 SPORTBACK,2020
AUDI,A6,2020
AUDI,A6 ALLROAD,2020
AUDI,A7,2020
AUDI,S7,2020
AUDI,A8,2020
AUDI,A8 L E,2020
AUDI,S8,2020
AUDI,E-TRON SPORTBACK,2020
AUDI,Q5,2020
AUDI,Q5 E,2020
AUDI,SQ5,2020
AUDI,Q7,2020
AUDI,SQ7,2020
AUDI,Q8,2020
AUDI,SQ8,2020
AUDI,RS Q8,2020
AUDI,R8,2020
AUDI,R8 SPYDER,2020
AUDI,TT,2020
AUDI,TTS,2020
AUDI,TT ROADSTER,2020
AUDI,TT RS,2020
AUDI,A4,2021
AUDI,A4 ALLROAD,2021
AUDI,S4,2021
AUDI,A5,2021
AUDI,A5 CABRIOLET,2021
AUDI,A5 SPORTBACK,2021
AUDI,S5,2021
AUDI,S5 CABRIOLET,2021
AUDI,S5 SPORTBACK,2021
AUDI,RS 5,2021
AUDI,RS 5 SPORTBACK,2021
AUDI,A6,2021
AUDI,A6 ALLROAD,2021
AUDI,S6,2021
AUDI,RS 6 AVANT,2021
AUDI,A7,2021
AUDI,A7 E,2021
AUDI,S7,2021
AUDI,RS 7,2021
AUDI,A8,2021
AUDI,A8 L E,2021
AUDI,S8,2021
AUDI,E-TRON,2021
AUDI,E-TRON SPORTBACK,2021
AUDI,Q5,2021
AUDI,Q5 E,2021
AUDI,Q5 SPORTBACK,2021
AUDI,SQ5,2021
AUDI,SQ5 SPORTBACK,2021
AUDI,Q7,2021
AUDI,SQ7,2021
AUDI,Q8,2021
AUDI,SQ8,2021
AUDI,RS Q8,2021
AUDI,R8,2021
AUDI,R8 SPYDER,2021
AUDI,TT,2021
AUDI,TTS,2021
AUDI,TT ROADSTER,2021
AUDI,TT RS,2021
AUDI,A4,2022
AUDI,A4 ALLROAD,2022
AUDI,S4,2022
AUDI,A5,2022
AUDI,A5 CABRIOLET,2022
AUDI,A5 SPORTBACK,2022
AUDI,S5,2022
AUDI,S5 CABRIOLET,2022
AUDI,S5 SPORTBACK,2022
AUDI,RS 5,2022
AUDI,RS 5 SPORTBACK,2022
AUDI,A6,2022
AUDI,A6 ALLROAD,2022
AUDI,S6,2022
AUDI,RS 6 AVANT,2022
AUDI,A7,2022
AUDI,A7 E,2022
AUDI,S7,2022
AUDI,RS 7,2022
AUDI,A8,2022
AUDI,S8,2022
AUDI,E-TRON,2022
AUDI,E-TRON SPORTBACK,2022
AUDI,E-TRON GT,2022
AUDI,RS E-TRON GT,2022
AUDI,Q4 E-TRON,2022
AUDI,Q4 SPORTBACK E-TRON,2022
AUDI,Q5,2022
AUDI,Q5 E,2022
AUDI,Q5 SPORTBACK,2022
AUDI,SQ5,2022
AUDI,SQ5 SPORTBACK,2022
AUDI,Q7,2022
AUDI,SQ7,2022
AUDI,Q8,2022
AUDI,SQ8,2022
AUDI,RS Q8,2022
AUDI,R8,2022
AUDI,R8 SPYDER,2022
AUDI,TT,2022
AUDI,TTS,2022
AUDI,TT ROADSTER,2022
AUDI,TT RS,2022
AUDI,A4,2023
AUDI,A4 ALLROAD,2023
AUDI,S4,2023
AUDI,A5,2023
AUDI,A5 CABRIOLET,2023
AUDI,A3,2020
AUDI,S3,2020
AUDI,A5 SPORTBACK,2023
AUDI,S5,2023
AUDI,S5 CABRIOLET,2023
AUDI,SQ8 SPORTBACK E-TRON,2024
AUDI,SQ8 E-TRON,2024
AUDI,Q8 SPORTBACK E-TRON,2024
AUDI,Q8 E-TRON,2024
AUDI,RS Q8,2024
AUDI,SQ8,2024
AUDI,Q8,2024
AUDI,SQ7,2024
AUDI,Q7,2024
AUDI,SQ5 SPORTBACK,2024
AUDI,SQ5,2024
AUDI,Q5 SPORTBACK,2024
AUDI,Q5 E,2024
AUDI,Q5,2024
AUDI,Q4 SPORTBACK E-TRON,2024
AUDI,Q4 E-TRON,2024
AUDI,RS E-TRON GT,2024
AUDI,E-TRON GT,2024
AUDI,S8,2024
AUDI,A8,2024
AUDI,RS 7,2024
AUDI,S7,2024
AUDI,A7,2024
AUDI,RS 6 AVANT,2024
AUDI,S6,2024
AUDI,A6 ALLROAD,2024
AUDI,A6,2024
AUDI,RS 5 SPORTBACK,2024
AUDI,RS 5,2024
AUDI,S5 SPORTBACK,2024
AUDI,S5 CABRIOLET,2024
AUDI,S5,2024
AUDI,A5 SPORTBACK,2024
AUDI,A5 CABRIOLET,2024
AUDI,A5,2024
AUDI,S4,2024
AUDI,A4 ALLROAD,2024
AUDI,A4,2024
AUDI,TT ROADSTER,2023
AUDI,TTS,2023
AUDI,TT,2023
AUDI,R8 GT,2023
AUDI,R8 SPYDER,2023
AUDI,R8,2023
AUDI,RS Q8,2023
AUDI,SQ8,2023
AUDI,Q8,2023
AUDI,SQ7,2023
AUDI,Q7,2023
AUDI,SQ5 SPORTBACK,2023
AUDI,SQ5,2023
AUDI,Q5 SPORTBACK,2023
AUDI,Q5 E,2023
AUDI,Q5,2023
AUDI,Q4 SPORTBACK E-TRON,2023
AUDI,Q4 E-TRON,2023
AUDI,RS E-TRON GT,2023
AUDI,E-TRON GT,2023
AUDI,E-TRON SPORTBACK,2023
AUDI,E-TRON,2023
AUDI,S8,2023
AUDI,A8,2023
AUDI,RS 7,2023
AUDI,S7,2023
AUDI,A7,2023
AUDI,RS 6 AVANT,2023
AUDI,S6,2023
AUDI,A6 ALLROAD,2023
AUDI,A6,2023
AUDI,RS 5 SPORTBACK,2023
AUDI,RS 5,2023
AUDI,S5 SPORTBACK,2023
AUDI,A4,2020
AUDI,SQ5,2017
AUDI,A3,2009
AUDI,A4,2009
AUDI,A4 CABRIOLET,2009
AUDI,A4 AVANT,2009
AUDI,S4 CABRIOLET,2009
AUDI,A5,2009
AUDI,S5,2009
AUDI,A6,2009
AUDI,A6 AVANT,2009
AUDI,S6,2009
AUDI,A8,2009
AUDI,S8,2009
AUDI,Q5,2009
AUDI,Q7,2009
AUDI,R8,2009
AUDI,TT,2009
AUDI,TTS,2009
AUDI,TT ROADSTER,2009
AUDI,TTS ROADSTER,2009
AUDI,A3,2010
AUDI,A4,2010
AUDI,A4 AVANT,2010
AUDI,S4,2010
AUDI,A5,2010
AUDI,A5 CABRIOLET,2010
AUDI,S5,2010
AUDI,S5 CABRIOLET,2010
AUDI,A6,2010
AUDI,A6 AVANT,2010
AUDI,S6,2010
AUDI,A8,2010
AUDI,Q5,2010
AUDI,Q7,2010
AUDI,R8,2010
AUDI,TT,2010
AUDI,TTS,2010
AUDI,TT ROADSTER,2010
AUDI,TTS ROADSTER,2010
AUDI,A3,2011
AUDI,A4,2011
AUDI,A4 AVANT,2011
AUDI,S4,2011
AUDI,A5,2011
AUDI,A5 CABRIOLET,2011
AUDI,S5,2011
AUDI,S5 CABRIOLET,2011
AUDI,A6,2011
AUDI,A6 AVANT,2011
AUDI,S6,2011
AUDI,A8,2011
AUDI,Q5,2011
AUDI,Q7,2011
AUDI,R8,2011
AUDI,R8 SPYDER,2011
AUDI,TT,2011
AUDI,TTS,2011
AUDI,TT ROADSTER,2011
AUDI,TTS ROADSTER,2011
AUDI,A3,2012
AUDI,A4,2012
AUDI,A4 AVANT,2012
AUDI,S4,2012
AUDI,A5,2012
AUDI,A5 CABRIOLET,2012
AUDI,S5,2012
AUDI,S5 CABRIOLET,2012
AUDI,A6,2012
AUDI,A7,2012
AUDI,A8,2012
AUDI,Q5,2012
AUDI,Q7,2012
AUDI,R8,2012
AUDI,R8 SPYDER,2012
AUDI,R8 GT,2012
AUDI,R8 GT SPYDER,2012
AUDI,TT,2012
AUDI,TTS,2012
AUDI,TT ROADSTER,2012
AUDI,TTS ROADSTER,2012
AUDI,TT RS,2012
AUDI,A3,2013
AUDI,A4,2013
AUDI,A4 ALLROAD,2013
AUDI,S4,2013
AUDI,A5,2013
AUDI,A5 CABRIOLET,2013
AUDI,S5,2013
AUDI,S5 CABRIOLET,2013
AUDI,RS 5,2013
AUDI,RS 5 CABRIOLET,2013
AUDI,A6,2013
AUDI,S6,2013
AUDI,A7,2013
AUDI,S7,2013
AUDI,A8,2013
AUDI,S8,2013
AUDI,Q5,2013
AUDI,Q5 HYBRID,2013
AUDI,Q7,2013
AUDI,TT,2013
AUDI,TTS,2013
AUDI,TT ROADSTER,2013
AUDI,TTS ROADSTER,2013
AUDI,TT RS,2013
AUDI,A4,2014
AUDI,A4 ALLROAD,2014
AUDI,S4,2014
AUDI,A5,2014
AUDI,A5 CABRIOLET,2014
AUDI,S5,2014
AUDI,S5 CABRIOLET,2014
AUDI,RS 5,2014
AUDI,RS 5 CABRIOLET,2014
AUDI,A6,2014
AUDI,S6,2014
AUDI,A7,2014
AUDI,S7,2014
AUDI,RS 7,2014
AUDI,A8,2014
AUDI,S8,2014
AUDI,Q5,2014
AUDI,Q5 HYBRID,2014
AUDI,SQ5,2014
AUDI,Q7,2014
AUDI,R8,2014
AUDI,R8 SPYDER,2014
AUDI,TT,2014
AUDI,TTS,2014
AUDI,TT ROADSTER,2014
AUDI,TTS ROADSTER,2014
AUDI,A3,2015
AUDI,A3 CABRIOLET,2015
AUDI,S3,2015
AUDI,A4,2015
AUDI,A4 ALLROAD,2015
AUDI,S4,2015
AUDI,A5,2015
AUDI,A5 CABRIOLET,2015
AUDI,S5,2015
AUDI,S5 CABRIOLET,2015
AUDI,RS 5,2015
AUDI,RS 5 CABRIOLET,2015
AUDI,A6,2015
AUDI,S6,2015
AUDI,A7,2015
AUDI,S7,2015
AUDI,RS 7,2015
AUDI,A8,2015
AUDI,S8,2015
AUDI,Q3,2015
AUDI,Q5,2015
AUDI,Q5 HYBRID,2015
AUDI,SQ5,2015
AUDI,Q7,2015
AUDI,R8,2015
AUDI,R8 SPYDER,2015
AUDI,TT,2015
AUDI,TTS,2015
AUDI,TT ROADSTER,2015
AUDI,TTS ROADSTER,2015
AUDI,A3,2016
AUDI,A3 CABRIOLET,2016
AUDI,A3 SPORTBACK E-TRON,2016
AUDI,S3,2016
AUDI,A4,2016
AUDI,A4 ALLROAD,2016
AUDI,S4,2016
AUDI,A5,2016
AUDI,A5 CABRIOLET,2016
AUDI,S5,2016
AUDI,S5 CABRIOLET,2016
AUDI,A6,2016
AUDI,S6,2016
AUDI,A7,2016
AUDI,S7,2016
AUDI,RS 7,2016
AUDI,A8,2016
AUDI,S8,2016
AUDI,Q3,2016
AUDI,Q5,2016
AUDI,Q5 HYBRID,2016
AUDI,SQ5,2016
AUDI,TT,2016
AUDI,TTS,2016
AUDI,TT ROADSTER,2016
AUDI,A3,2017
AUDI,A3 CABRIOLET,2017
AUDI,A3 SPORTBACK E-TRON,2017
AUDI,S3,2017
AUDI,RS 3,2017
AUDI,A4,2017
AUDI,A4 ALLROAD,2017
AUDI,A5,2017
AUDI,A5 CABRIOLET,2017
AUDI,S5,2017
AUDI,S5 CABRIOLET,2017
AUDI,A6,2017
AUDI,S6,2017
AUDI,A7,2017
AUDI,S7,2017
AUDI,RS 7,2017
AUDI,A8,2017
AUDI,Q3,2017
AUDI,Q5,2017
AUDI,Q7,2017
AUDI,R8,2017
AUDI,R8 SPYDER,2017
AUDI,TT,2017
AUDI,TTS,2017
AUDI,TT ROADSTER,2017
AUDI,A3,2018
AUDI,A3 CABRIOLET,2018
AUDI,A3 SPORTBACK E-TRON,2018
AUDI,S3,2018
AUDI,RS 3,2018
AUDI,A4,2018
AUDI,A4 ALLROAD,2018
AUDI,S4,2018
AUDI,A5,2018
AUDI,A5 CABRIOLET,2018
AUDI,A5 SPORTBACK,2018
AUDI,S5,2018
AUDI,S5 CABRIOLET,2018
AUDI,S5 SPORTBACK,2018
AUDI,RS 5,2018
AUDI,A6,2018
AUDI,S6,2018
AUDI,A7,2018
AUDI,S7,2018
AUDI,RS 7,2018
AUDI,A8,2018
AUDI,Q3,2018
AUDI,Q5,2018
AUDI,SQ5,2018
AUDI,Q7,2018
AUDI,R8,2018
AUDI,R8 SPYDER,2018
AUDI,TT,2018
AUDI,TTS,2018
AUDI,TT ROADSTER,2018
AUDI,TT RS,2018
AUDI,A3,2019
AUDI,A3 CABRIOLET,2019
AUDI,S3,2019
AUDI,RS 3,2019
AUDI,A4,2019
AUDI,A4 ALLROAD,2019
AUDI,S4,2019
AUDI,A5,2019
AUDI,A5 CABRIOLET,2019
AUDI,A5 SPORTBACK,2019
AUDI,S5,2019
AUDI,S5 CABRIOLET,2019
AUDI,S5 SPORTBACK,2019
AUDI,RS 5,2019
AUDI,RS 5 SPORTBACK,2019
AUDI,A6,2019
AUDI,A7,2019
AUDI,A8,2019
AUDI,E-TRON,2019
AUDI,Q5,2019
AUDI,SQ5,2019
AUDI,Q7,2019
AUDI,Q8,2019
AUDI,TT,2019
AUDI,TTS,2019
AUDI,TT ROADSTER,2019
AUDI,TT RS,2019
AUDI,A4,2025
AUDI,A4 ALLROAD,2025
AUDI,S4,2025
AUDI,A5 SPORTBACK,2025
AUDI,S5 SPORTBACK,2025
AUDI,RS 5 SPORTBACK,2025
AUDI,A6,2025
AUDI,A6 ALLROAD,2025
AUDI,S6,2025
AUDI,RS 6 AVANT,2025
AUDI,A7,2025
AUDI,S7,2025
AUDI,RS 7,2025
AUDI,A8,2025
AUDI,S8,2025
AUDI,E-TRON GT,2025
AUDI,S E-TRON GT,2026
AUDI,Q4 E-TRON,2025
AUDI,Q4 SPORTBACK E-TRON,2025
AUDI,Q5,2025
AUDI,Q5 E,2025
AUDI,Q5 SPORTBACK,2025
AUDI,SQ5,2025
AUDI,SQ5 SPORTBACK,2025
AUDI,Q7,2025
AUDI,SQ7,2025
AUDI,Q8,2025
AUDI,SQ8,2025
AUDI,RS Q8,2025
AUDI,Q8 E-TRON,2025
AUDI,Q8 SPORTBACK E-TRON,2025
AUDI,SQ8 E-TRON,2025
AUDI,SQ8 SPORTBACK E-TRON,2025
AUDI,RS 5,2025
PORSCHE,PIWIS TESTER III,9999
PORSCHE,PANAMERA 4,2014
PORSCHE,PANAMERA 4,2015
PORSCHE,PANAMERA 4,2016
PORSCHE,PANAMERA 4S,2013
PORSCHE,PANAMERA 4S,2014
PORSCHE,PANAMERA 4S,2015
PORSCHE,PANAMERA 4S,2016
PORSCHE,PANAMERA S,2013
PORSCHE,PANAMERA S,2014
PORSCHE,PANAMERA S,2015
PORSCHE,PANAMERA S,2016
PORSCHE,PANAMERA GTS,2015
PORSCHE,PANAMERA GTS,2016
PORSCHE,PANAMERA S E-HYBRID,2016
PORSCHE,PANAMERA TURBO,2013
PORSCHE,PANAMERA TURBO,2014
PORSCHE,PANAMERA TURBO,2015
PORSCHE,PANAMERA TURBO,2016
PORSCHE,911 CARRERA,2020
PORSCHE,911 GT2,2019
PORSCHE,PANAMERA,2020
PORSCHE,MACAN S,2019
PORSCHE,TAYCAN,2020
PORSCHE,BOXSTER,2017
PORSCHE,CAYENNE,2020
PORSCHE,MACAN,2020
PORSCHE,PANAMERA,2012
PORSCHE,PANAMERA,2013
PORSCHE,CAYENNE,2014
PORSCHE,911,2014
PORSCHE,BOXSTER,2014
PORSCHE,PANAMERA,2014
PORSCHE,911 CARRERA,2025
PORSCHE,918 SPYDER,2015
PORSCHE,CAYMAN,2015
PORSCHE,PANAMERA,2015
PORSCHE,911,2015
PORSCHE,918,2015
PORSCHE,CAYENNE,2015
PORSCHE,CAYENNE,2011
PORSCHE,CAYENNE,2012
PORSCHE,CAYENNE,2013
PORSCHE,CAYENNE,2016
PORSCHE,PANAMERA,2016
PORSCHE,CAYENNE,2017
PORSCHE,PANAMERA,2017
PORSCHE,CAYENNE,2018
PORSCHE,PANAMERA,2018
PORSCHE,CAYENNE,2019
PORSCHE,PANAMERA,2019
PORSCHE,911 GT3,2018
PORSCHE,911 GT3,2019
PORSCHE,911 GT3,2016
PORSCHE,911 R,2016
PORSCHE,911 GT2 RS,2018
PORSCHE,911 GT2 RS,2019
PORSCHE,911 GT3 RS,2019
PORSCHE,911,2020
PORSCHE,CAYENNE E-HYBRID,2020
PORSCHE,CAYENNE TURBO,2019
PORSCHE,CAYENNE TURBO,2020
PORSCHE,CAYENNE TURBO COUPE,2020
PORSCHE,CAYENNE TURBO S HYB COUPE,2020
PORSCHE,PANAMERA,2021
PORSCHE,CAYENNE S,2020
PORSCHE,911 TURBO,2018
PORSCHE,911 TURBO,2019
PORSCHE,MACAN S,2020
PORSCHE,CAYMAN,2020
PORSCHE,CAYMAN,2021
PORSCHE,BOXSTER,2020
PORSCHE,BOXSTER,2021
PORSCHE,CAYENNE S E-HYBRID,2020
PORSCHE,718 SPYDER,2020
PORSCHE,718 BOXSTER,2020
PORSCHE,TAYCAN,2021
PORSCHE,MACAN,2021
PORSCHE,911 CARRERA,2006
PORSCHE,911 CARRERA,2007
PORSCHE,911 CARRERA,2008
PORSCHE,911 CARRERA,2010
PORSCHE,911 CARRERA,2011
PORSCHE,911 TURBO,2006
PORSCHE,MACAN GTS,2018
PORSCHE,911,2021
PORSCHE,718 SPYDER,2021
PORSCHE,redundant CAYENNE E-HYBRID,2020
PORSCHE,CAYENNE E-HYBRID,2021
PORSCHE,CAYENNE GTS,2021
PORSCHE,CAYENNE S,2021
PORSCHE,PANAMERA 4S E-HYBRID,2021
PORSCHE,PANAMERA 4S,2019
PORSCHE,PANAMERA 4S,2020
PORSCHE,PANAMERA 4S,2021
PORSCHE,PANAMERA 4 E-HYBRID,2021
PORSCHE,PANAMERA TURBO S,2021
PORSCHE,PANAMERA GTS,2021
PORSCHE,PANAMERA 4,2021
PORSCHE,911 CARRERA,2021
PORSCHE,TAYCAN,2022
PORSCHE,911 CARRERA,2022
PORSCHE,911 TARGA 4,2018
PORSCHE,911 TARGA 4,2019
PORSCHE,911 TARGA 4,2020
PORSCHE,911 TARGA 4,2021
PORSCHE,MACAN,2022
PORSCHE,911 CARRERA S,2010
PORSCHE,911 CARRERA S,2011
PORSCHE,911 CARRERA S,2013
PORSCHE,911 CARRERA S,2014
PORSCHE,911 CARRERA S,2015
PORSCHE,911 CARRERA S,2016
PORSCHE,911 CARRERA S,2017
PORSCHE,911 CARRERA S,2018
PORSCHE,911 CARRERA S,2019
PORSCHE,911 CARRERA S,2020
PORSCHE,911 CARRERA S,2021
PORSCHE,911 CARRERA S,2008
PORSCHE,PANAMERA TURBO S E-HYBRID,2017
PORSCHE,PANAMERA TURBO S E-HYBRID,2019
PORSCHE,PANAMERA TURBO S E-HYBRID,2020
PORSCHE,PANAMERA TURBO S E-HYBRID,2021
PORSCHE,PANAMERA 4 E-HYBRID,2020
PORSCHE,PANAMERA 4 E-HYBRID,2019
PORSCHE,PANAMERA 4 E-HYBRID,2018
PORSCHE,PANAMERA 4 E-HYBRID,2017
PORSCHE,PANAMERA 4S E-HYBRID,2020
PORSCHE,PANAMERA 4S E-HYBRID,2019
PORSCHE,911 TURBO,2020
PORSCHE,911 TURBO,2021
PORSCHE,PANAMERA 4,2019
PORSCHE,PANAMERA 4,2020
PORSCHE,CAYMAN GT4,2020
PORSCHE,911 GT3,2022
PORSCHE,911,2022
PORSCHE,PANAMERA,2022
PORSCHE,CAYENNE,2022
PORSCHE,CAYMAN,2022
PORSCHE,911 GT3,2021
PORSCHE,PANAMERA E-HYBRID,2022
PORSCHE,CAYENNE E-HYBRID,2022
PORSCHE,MACAN GTS,2019
PORSCHE,MACAN GTS,2020
PORSCHE,CAYENNE GT,2020
PORSCHE,CAYENNE GT,2021
PORSCHE,TAYCAN CROSS TURISMO,2020
PORSCHE,TAYCAN CROSS TURISMO,2021
PORSCHE,TAYCAN CROSS TURISMO,2022
PORSCHE,CAYENNE TURBO S E-HYBRID,2020
PORSCHE,CAYENNE TURBO S E-HYBRID,2021
PORSCHE,MACAN GTS,2021
PORSCHE,718 CAYMAN,2020
PORSCHE,718 CAYMAN,2022
PORSCHE,718 CAYMAN,2021
PORSCHE,718 SPYDER,2022
PORSCHE,718 SPYDER,2019
PORSCHE,TAYCAN 4S,2020
PORSCHE,TAYCAN 4S,2021
PORSCHE,TAYCAN 4S,2022
PORSCHE,CAYENNE GTS,2022
PORSCHE,CAYENNE GT,2022
PORSCHE,TAYCAN GTS,2022
PORSCHE,CAYMAN GT4,2021
PORSCHE,CAYMAN GT4,2022
PORSCHE,718 BOXSTER,2021
PORSCHE,718 BOXSTER,2022
PORSCHE,CAYMAN GT4,2016
PORSCHE,CAYENNE TURBO,2018
PORSCHE,MACAN TURBO,2020
PORSCHE,MACAN TURBO,2021
PORSCHE,911 TURBO,2022
PORSCHE,CAYENNE TRANSSYBERIA,2010
PORSCHE,PANAMERA S HYBRID,2013
PORSCHE,CAYENNE DIESEL,2013
PORSCHE,CAYENNE DIESEL,2014
PORSCHE,PANAMERA S HYBRID,2014
PORSCHE,CAYENNE S,2013
PORSCHE,CAYENNE S,2014
PORSCHE,CAYENNE S,2015
PORSCHE,CAYENNE GTS,2013
PORSCHE,CAYENNE GTS,2014
PORSCHE,CAYENNE GTS,2016
PORSCHE,CAYENNE DIESEL,2015
PORSCHE,CAYENNE TURBO,2014
PORSCHE,CAYENNE TURBO,2015
PORSCHE,CAYENNE TURBO S,2014
PORSCHE,CAYENNE TURBO S,2016
PORSCHE,CAYMAN S,2014
PORSCHE,CAYENNE TURBO,2013
PORSCHE,MACAN GTS,2022
PORSCHE,MACAN S,2022
PORSCHE,CAYENNE S,2022
PORSCHE,MACAN,2023
PORSCHE,PANAMERA,2023
PORSCHE,MACAN S,2021
PORSCHE,CAYENNE S,2018
PORSCHE,MACAN TURBO,2022
PORSCHE,718 BOXSTER GTS,2022
PORSCHE,718 CAYMAN GTS,2022
PORSCHE,CAYMAN GTS,2022
PORSCHE,911 4S,2022
PORSCHE,PANAMERA 4 E-HYBRID,2022
PORSCHE,PANAMERA 4S E-HYBRID,2022
PORSCHE,PANAMERA TURBO S E-HYBRID,2022
PORSCHE,CAYENNE TURBO S E-HYBRID,2022
PORSCHE,CAYENNE,2023
PORSCHE,CAYENNE S,2023
PORSCHE,CAYENNE E-HYBRID,2023
PORSCHE,CAYENNE GTS,2023
PORSCHE,CAYENNE TURBO,2023
PORSCHE,CAYENNE TURBO S E-HYBRID,2023
PORSCHE,CAYENNE TURBO GT,2023
PORSCHE,MACAN S,2023
PORSCHE,MACAN GTS,2023
PORSCHE,718 BOXSTER,2023
PORSCHE,718 CAYMAN,2023
PORSCHE,718 CAYMAN S,2023
PORSCHE,718 BOXSTER S,2023
PORSCHE,718 SPYDER,2023
PORSCHE,718 CAYMAN GTS,2023
PORSCHE,CARRERA,2023
PORSCHE,CARRERA 4,2023
PORSCHE,CARRERA S,2023
PORSCHE,CARRERA 4S,2023
PORSCHE,CARRERA GTS,2023
PORSCHE,CARRERA 4 GTS,2023
PORSCHE,911,2023
PORSCHE,BOXSTER S,2004
PORSCHE,CAYENNE TURBO GT,2022
PORSCHE,TAYCAN TURBO,2020
PORSCHE,TAYCAN TURBO,2021
PORSCHE,TAYCAN TURBO,2022
PORSCHE,718 BOXSTER GTS,2021
PORSCHE,BOXSTER,2022
PORSCHE,718 BOXSTER S,2017
PORSCHE,718 BOXSTER S,2018
PORSCHE,718 BOXSTER S,2019
PORSCHE,718 BOXSTER S,2020
PORSCHE,718 BOXSTER S,2021
PORSCHE,718 BOXSTER S,2022
PORSCHE,718 CAYMAN S,2022
PORSCHE,718 CAYMAN S,2021
PORSCHE,718 CAYMAN S,2020
PORSCHE,718 CAYMAN S,2019
PORSCHE,718 CAYMAN S,2018
PORSCHE,718 CAYMAN S,2017
PORSCHE,911 CARRERA,2023
PORSCHE,911 CARRERA S,2023
PORSCHE,911 TARGA 4,2023
PORSCHE,911 TARGA 4S,2023
PORSCHE,911 TURBO,2023
PORSCHE,911 GT3,2023
PORSCHE,718 BOXSTER GTS,2023
PORSCHE,718 CAYMAN GT4,2023
PORSCHE,TAYCAN,2023
PORSCHE,CAYENNE,2021
PORSCHE,PANAMERA 4,2023
PORSCHE,PANAMERA GTS,2023
PORSCHE,PANAMERA TURBO,2019
PORSCHE,PANAMERA GTS,2019
PORSCHE,PANAMERA TURBO EXECUTIVE,2019
PORSCHE,PANAMERA 4 SPORT TURISMO,2019
PORSCHE,PANAMERA 4S SPORT TURISMO,2019
PORSCHE,PANAMERA GTS SPORT TURISM,2019
PORSCHE,PANAMERA TURBO,2020
PORSCHE,PANAMERA GTS,2020
PORSCHE,PANAMERA 4 EXECUTIVE,2020
PORSCHE,PANAMERA 4S EXECUTIVE,2020
PORSCHE,PANAMERA TURBO EXECUTIVE,2020
PORSCHE,PANAMERA 4 SPORT TURISMO,2020
PORSCHE,PANAMERA 4S SPORT TURISMO,2020
PORSCHE,PANAMERA TURBO SPORT TURI,2020
PORSCHE,PANAMERA GTS SPORT TURISM,2020
PORSCHE,718 CAYMAN,2026
PORSCHE,PANAMERA 4 EXECUTIVE,2021
PORSCHE,PANAMERA 4S SPORT TURISMO,2021
PORSCHE,PANAMERA 4 EXECUTIVE,2019
PORSCHE,PANAMERA 4S EXECUTIVE,2019
PORSCHE,PANAMERA TURBO S EXECUTIV,2021
PORSCHE,PANAMERA 4S EXECUTIVE,2021
PORSCHE,PANAMERA TURBO SPORT TURI,2019
PORSCHE,TAYCAN CROSS TURISMO,2023
PORSCHE,TAYCAN 4 CROSS TURISMO,2022
PORSCHE,TAYCAN 4S CROSS TURISMO,2022
PORSCHE,TAYCAN TURBO CROSS TURISM,2022
PORSCHE,TAYCAN 4S CROSS TURISMO,2021
PORSCHE,TAYCAN TURBO S,2020
PORSCHE,TAYCAN TURBO S,2021
PORSCHE,TAYCAN TURBO S,2022
PORSCHE,CAYENNE TURBO S E-HYBRID,2019
PORSCHE,911 TURBO S,2022
PORSCHE,911 TURBO S,2023
PORSCHE,718 SPYDER,2018
PORSCHE,MACAN TURBO,2023
PORSCHE,CAYMAN GTS,2020
PORSCHE,CAYMAN GTS,2021
PORSCHE,MACAN SPORT EDITION,2018
PORSCHE,911 GT3 RS,2023
PORSCHE,911 TARGA 4S,2014
PORSCHE,911 DAKAR,2023
PORSCHE,911 CARRERA T,2023
PORSCHE,911 GT3 RS,2024
PORSCHE,CAYENNE,2024
PORSCHE,TAYCAN TURBO,2023
PORSCHE,TAYCAN GTS,2023
PORSCHE,CAYENNE S,2024
PORSCHE,CAYENNE COUPE,2024
PORSCHE,CAYENNE TURBO GT,2024
PORSCHE,CAYENNE S COUPE,2024
PORSCHE,PANAMERA 4 E-HYBRID,2023
PORSCHE,PANAMERA 4 E-HYBRID,2024
PORSCHE,CAYENNE E-HYBRID,2014
PORSCHE,CAYMAN GT4,2023
PORSCHE,PANAMERA 4,2022
PORSCHE,PANAMERA 4 EXECUTIVE,2022
PORSCHE,PANAMERA 4 EXECUTIVE,2023
PORSCHE,TAYCAN 4S,2023
PORSCHE,TAYCAN TURBO S,2023
PORSCHE,TAYCAN 4S CROSS TURISMO,2023
PORSCHE,TAYCAN 4 CROSS TURISMO,2023
PORSCHE,TAYCAN TURBO S CROSS TURI,2023
PORSCHE,TAYCAN GTS SPORT TURISMO,2023
PORSCHE,TAYCAN,2024
PORSCHE,CAYENNE GTS,2024
PORSCHE,CAYENNE E-HYBRID,2024
PORSCHE,CAYENNE TURBO E-HYBRID,2024
PORSCHE,911,2024
PORSCHE,911 CARRERA,2024
PORSCHE,911 GT3,2024
PORSCHE,PANAMERA 4S,2022
PORSCHE,PANAMERA 4S,2023
PORSCHE,PANAMERA 4S,2024
PORSCHE,PANAMERA 4S EXECUTIVE,2022
PORSCHE,PANAMERA 4S EXECUTIVE,2023
PORSCHE,PANAMERA 4S EXECUTIVE,2024
PORSCHE,PANAMERA 4S SPORT TURISMO,2017
PORSCHE,PANAMERA 4S SPORT TURISMO,2022
PORSCHE,PANAMERA 4S SPORT TURISMO,2023
PORSCHE,911 CARRERA GTS,2022
PORSCHE,911 CARRERA 4 GTS,2022
PORSCHE,911 CARRERA GTS,2024
PORSCHE,911 GT3 TOURING,2022
PORSCHE,718 BOXSTER,2025
PORSCHE,911 CARRERA GTS,2023
PORSCHE,911 CARRERA 4 GTS,2023
PORSCHE,911 CARRERA T,2024
PORSCHE,911 GT3 TOURING,2023
PORSCHE,911 TURBO S,2021
PORSCHE,PANAMERA,2024
PORSCHE,PANAMERA 4,2024
PORSCHE,PANAMERA 4 EXECUTIVE,2024
PORSCHE,PANAMERA 4S SPORT TURISMO,2024
PORSCHE,PANAMERA GTS,2024
PORSCHE,718 CAYMAN GTS,2024
PORSCHE,718 BOXSTER S,2024
PORSCHE,718 BOXSTER GTS,2024
PORSCHE,TAYCAN 4 CROSS TURISMO,2021
PORSCHE,TAYCAN TURBO CROSS TURISM,2021
PORSCHE,TAYCAN TURBO S CROSS TURI,2021
PORSCHE,TAYCAN GTS SPORT TURISMO,2022
PORSCHE,TAYCAN TURBO S CROSS TURI,2022
PORSCHE,PANAMERA 4S E-HYBRID,2023
PORSCHE,PANAMERA TURBO S E-HYBRID,2023
PORSCHE,TAYCAN 4 CROSS TURISMO,2024
PORSCHE,TAYCAN 4S,2024
PORSCHE,TAYCAN 4S CROSS TURISMO,2024
PORSCHE,TAYCAN GTS,2024
PORSCHE,TAYCAN GTS SPORT TURISMO,2024
PORSCHE,TAYCAN TURBO,2024
PORSCHE,TAYCAN TURBO S,2024
PORSCHE,TAYCAN TURBO CROSS TURISM,2023
PORSCHE,TAYCAN TURBO CROSS TURISM,2024
PORSCHE,TAYCAN TURBO S CROSS TURI,2024
PORSCHE,JUNIOR SEAT,2020
PORSCHE,JUNIOR SEAT,2021
PORSCHE,718 SPYDER,2025
PORSCHE,JUNIOR SEAT,2022
PORSCHE,JUNIOR SEAT,2023
PORSCHE,BABY SEAT LATCH,2020
PORSCHE,BABY SEAT LATCH,2021
PORSCHE,BABY SEAT LATCH,2022
PORSCHE,BABY SEAT LATCH,2023
PORSCHE,911 CARRERA 4,2023
PORSCHE,911 CARRERA 4S,2023
PORSCHE,911 TARGA GTS,2023
PORSCHE,EDITION 50 YEAR,2023
PORSCHE,911 DAKAR,2024
PORSCHE,PANAMERA E-HYBRID,2023
PORSCHE,PANAMERA E-HYBRID,2024
PORSCHE,PANAMERA 4 E-HYBRID,2025
PORSCHE,TAYCAN,2025
PORSCHE,TAYCAN TURBO,2026
PORSCHE,TAYCAN TURBO GT,2025
PORSCHE,BOXSTER,2024
PORSCHE,CAYMAN,2024
PORSCHE,JUNIOR SEAT,2024
PORSCHE,MACAN,2024
PORSCHE,MACAN,2025
PORSCHE,MACAN ELECTRIC,2024
PORSCHE,MACAN T,2024
PORSCHE,MACAN S,2024
PORSCHE,MACAN GTS,2024
PORSCHE,MACAN 4 ELECTRIC,2024
PORSCHE,MACAN TURBO ELECTRIC,2024
PORSCHE,MACAN S,2025
PORSCHE,MACAN GTS,2025
PORSCHE,MACAN 4 ELECTRIC,2025
PORSCHE,MACAN 4S ELECTRIC,2025
PORSCHE,MACAN TURBO ELECTRIC,2025
PORSCHE,MACAN ELECTRIC,2025
PORSCHE,MACAN TURBO,2024
PORSCHE,MACAN 4,2024
PORSCHE,BABY SEAT LATCH,2024
PORSCHE,718 SPYDER,2024
PORSCHE,718 CAYMAN GT4,2024
PORSCHE,718 SPYDER RS,2024
PORSCHE,718 CAYMAN GT4 RS,2024
PORSCHE,CAYENNE,2025
PORSCHE,CAYENNE COUPE,2025
PORSCHE,CAYENNE E-HYBRID COUPE,2024
PORSCHE,CAYENNE E-HYBRID COUPE,2025
PORSCHE,SAFETY BELT,9999
PORSCHE,968,2001
PORSCHE,CARRERA,2001
PORSCHE,911 CARRERA,2001
PORSCHE,911 TURBO,2001
PORSCHE,911 CARRERA,2002
PORSCHE,911 TURBO,2002
PORSCHE,911 CARRERA,2003
PORSCHE,BOXSTER S,2001
PORSCHE,BOXSTER S,2002
PORSCHE,GT2,2002
PORSCHE,BOXSTER S,2003
PORSCHE,CAYENNE E-HYBRID,2025
PORSCHE,911 TURBO,2003
PORSCHE,CAYENNE S,2003
PORSCHE,CAYENNE TURBO,2003
PORSCHE,911 GT2,2003
PORSCHE,CAYENNE S,2004
PORSCHE,CAYENNE TURBO,2004
PORSCHE,911 CARRERA 4S,2003
PORSCHE,911 CARRERA CABRIOLET,2003
PORSCHE,911 CARRERA 4 CABRIOLET,2003
PORSCHE,911 TARGA,2003
PORSCHE,911 GT3,2003
PORSCHE,911 CARRERA,2004
PORSCHE,911 TURBO,2004
PORSCHE,911 GT2,2004
PORSCHE,911 GT3,2004
PORSCHE,911,2001
PORSCHE,911,2002
PORSCHE,911,2003
PORSCHE,BOXSTER,2001
PORSCHE,BOXSTER,2002
PORSCHE,BOXSTER,2003
PORSCHE,BOXSTER,2004
PORSCHE,CAYENNE,2004
PORSCHE,CAYENNE,2003
PORSCHE,CAYENNE S,2005
PORSCHE,CAYENNE TURBO,2005
PORSCHE,911 CARRERA,2005
PORSCHE,CARRERA GT,2005
PORSCHE,CARRERA GT,2004
PORSCHE,BOXSTER,2005
PORSCHE,CAYENNE,2006
PORSCHE,BOXSTER,2006
PORSCHE,CAYENNE TURBO,2006
PORSCHE,CARRERRA GT,2006
PORSCHE,911 CARRERA S CABRIOLET,2006
PORSCHE,911 CARRERA S,2006
PORSCHE,911 CARRERA S,2005
PORSCHE,911 CARRERA S CABRIOLET,2005
PORSCHE,CAYMAN S,2006
PORSCHE,911 TURBO,2007
PORSCHE,911 (997),2007
PORSCHE,BOXSTER  (987),2007
PORSCHE,CAYENNE,2008
PORSCHE,CAYENNE,2005
PORSCHE,996 TURBO,2002
PORSCHE,911 GT3,2008
PORSCHE,911 GT3 RS,2008
PORSCHE,CAYENNE,2007
PORSCHE,CAYENNE S,2006
PORSCHE,CAYENNE S,2007
PORSCHE,CAYENNE S,2008
PORSCHE,CAYENNE TURBO,2007
PORSCHE,CAYENNE TURBO,2008
PORSCHE,CAYENNE GTS,2006
PORSCHE,CAYENNE GTS,2007
PORSCHE,BOXSTER (987),2005
PORSCHE,BOXSTER (987),2006
PORSCHE,BOXSTER (987),2007
PORSCHE,BOXSTER (987),2008
PORSCHE,911 (997),2005
PORSCHE,911 (997),2006
PORSCHE,911 (997),2008
PORSCHE,CAYMAN S,2005
PORSCHE,BOXSTER S,2005
PORSCHE,CAYMAN,2005
PORSCHE,CAYENNE GTS,2008
PORSCHE,911 GT3,2007
PORSCHE,CAYENNE,2009
PORSCHE,911 TURBO,2005
PORSCHE,911 TURBO S,2005
PORSCHE,CAYENNE TURBO S,2007
PORSCHE,CAYENNE TURBO S,2006
PORSCHE,CAYENNE TURBO S,2008
PORSCHE,CAYENNE,2010
PORSCHE,911,2004
PORSCHE,911,2005
PORSCHE,BOXSTER (987),2009
PORSCHE,BOXSTER (987),2010
PORSCHE,CAYENNE GTS,2009
PORSCHE,CAYENNE S,2009
PORSCHE,CAYENNE TURBO,2009
PORSCHE,911 CARRERA,2009
PORSCHE,911 CARRERA S,2009
PORSCHE,911 CARRERA 4S,2009
PORSCHE,911 CARRERA 4,2009
PORSCHE,911 TARGA 4,2009
PORSCHE,911 TARGA 4S,2009
PORSCHE,PANAMERA,2010
PORSCHE,BOXSTER S,2011
PORSCHE,987 CAYMAN,2009
PORSCHE,CAYMAN,2006
PORSCHE,CAYMAN,2007
PORSCHE,CAYMAN,2008
PORSCHE,CAYMAN,2009
PORSCHE,911 (997),2010
PORSCHE,PANAMERA S,2010
PORSCHE,PANAMERA 4S,2010
PORSCHE,PANAMERA TURBO,2010
PORSCHE,CAYENNE GTS,2010
PORSCHE,CAYENNE TURBO,2010
PORSCHE,CAYENNE TURBO S,2009
PORSCHE,CAYENNE TURBO S,2010
PORSCHE,BOXSTER (987),2011
PORSCHE,CAYENNE (E2),2011
PORSCHE,PANAMERA,2011
PORSCHE,CAYENNE S,2011
PORSCHE,911 GT3,2010
PORSCHE,911 GT3,2011
PORSCHE,911 GT2,2011
PORSCHE,911 GT2,2010
PORSCHE,911 TURBO S,2010
PORSCHE,911 TURBO S,2011
PORSCHE,911 TURBO,2011
PORSCHE,911 TURBO,2012
PORSCHE,911 GT3 RS,2010
PORSCHE,911 GT3 RS,2011
PORSCHE,911 GT2 RS,2011
PORSCHE,911 GT2 RS,2010
PORSCHE,911 TURBO,2010
PORSCHE,CENTER WHEEL MOUNTING KIT,9999
PORSCHE,911 TURBO S,2012
PORSCHE,911 TARGA 4,2012
PORSCHE,911 TARGA 4S,2012
PORSCHE,BOXSTER S,2012
PORSCHE,BOXSTER,2012
PORSCHE,BOXSTER SPYDER,2012
PORSCHE,CAYMAN,2012
PORSCHE,CAYMAN S,2012
PORSCHE,CAYMAN R,2012
PORSCHE,911 CARRERA,2012
PORSCHE,911 CARRERA S,2012
PORSCHE,911 CARRERA GTS,2012
PORSCHE,911 CARRERA 4,2012
PORSCHE,911 CARRERA 4S,2012
PORSCHE,911 CARRERA 4 GTS,2012
PORSCHE,911 SPEEDSTER,2011
PORSCHE,CAYMAN,2011
PORSCHE,CAYENNE S HYBRID,2011
PORSCHE,CAYENNE S HYBRID,2012
PORSCHE,CAYENNE TURBO,2011
PORSCHE,CAYENNE TURBO,2012
PORSCHE,CAYENNE S,2012
PORSCHE,PANAMERA TURBO,2011
PORSCHE,PANAMERA TURBO S,2012
PORSCHE,PANAMERA TURBO,2012
PORSCHE,BOXSTER,2013
PORSCHE,BOXSTER S,2013
PORSCHE,997 (911),2008
PORSCHE,911 (997),2009
PORSCHE,911 (997),2011
PORSCHE,PANAMERA S E-HYBRID,2012
PORSCHE,911 CARRERA,2013
PORSCHE,911 CARRERA 4,2013
PORSCHE,PANAMERA S E-HYBRID,2011
PORSCHE,PANAMERA S HYBRID,2012
PORSCHE,911 GT2,2005
PORSCHE,911 GT3,2005
PORSCHE,911 GT2,2006
PORSCHE,911 GT2,2007
PORSCHE,911 GT2,2008
PORSCHE,911 GT2,2009
PORSCHE,911 GT2,2012
PORSCHE,911 GT2,2013
PORSCHE,911 GT3,2006
PORSCHE,911 GT3,2009
PORSCHE,911 GT3,2012
PORSCHE,911 GT3,2013
PORSCHE,911 TURBO,2008
PORSCHE,911 TURBO,2009
PORSCHE,CAYMAN,2013
PORSCHE,CAYMAN,2014
PORSCHE,911 CARRERA,2014
PORSCHE,PANAMERA S E-HYBRID,2013
PORSCHE,PANAMERA S E-HYBRID,2014
PORSCHE,911 GT3,2014
PORSCHE,MACAN,2015
PORSCHE,911,2012
PORSCHE,911,2013
PORSCHE,BOXSTER,2015
PORSCHE,PANAMERA S HYBRID,2011
PORSCHE,911 CARRERA,2015
PORSCHE,911 GT3,2015
PORSCHE,PANAMERA S E-HYBRID,2015
PORSCHE,CAYMAN,2010
PORSCHE,MACAN,2016
PORSCHE,MACAN S,2015
PORSCHE,MACAN S,2016
PORSCHE,MACAN TURBO,2015
PORSCHE,MACAN TURBO,2016
PORSCHE,911,2016
PORSCHE,911,2017
PORSCHE,CAYENNE S E-HYBRID,2015
PORSCHE,CAYENNE S E-HYBRID,2016
PORSCHE,CAYENNE S E-HYBRID,2017
PORSCHE,BRAKE FLUID,9999
PORSCHE,MACAN,2017
PORSCHE,911 CARRERA,2016
PORSCHE,911 CARRERA,2017
PORSCHE,911 TARGA 4,2013
PORSCHE,911 TARGA 4,2014
PORSCHE,911 TARGA 4,2015
PORSCHE,911 TARGA 4,2016
PORSCHE,911 TARGA 4,2017
PORSCHE,PANAMERA TURBO S,2013
PORSCHE,PANAMERA TURBO S,2014
PORSCHE,PANAMERA TURBO S,2015
PORSCHE,PANAMERA TURBO S,2016
PORSCHE,911 GT3 RS,2016
PORSCHE,718,2017
PORSCHE,718 CAYMAN,2017
PORSCHE,718 BOXSTER,2017
PORSCHE,REPLACEMENT ENGINE 2.0L,9999
PORSCHE,REPLACEMENT ENGINE 2.5L,9999
PORSCHE,REPLACEMENT ENGINE 3.0LLP,9999
PORSCHE,REPLACEMENT ENGINE 3.0LHP,9999
PORSCHE,MACAN GTS,2017
PORSCHE,911 TURBO,2017
PORSCHE,MACAN S,2017
PORSCHE,MACAN TURBO,2017
PORSCHE,PANAMERA 4S,2011
PORSCHE,PANAMERA 4S,2012
PORSCHE,PANAMERA S,2011
PORSCHE,PANAMERA S,2012
PORSCHE,PANAMERA 4,2011
PORSCHE,PANAMERA 4,2012
PORSCHE,BOXSTER S,2014
PORSCHE,PANAMERA GTS,2014
PORSCHE,PANAMERA GTS,2013
PORSCHE,PANAMERA GTS,2012
PORSCHE,PANAMERA GTS,2011
PORSCHE,PANAMERA GTS,2010
PORSCHE,PANAMERA 4S,2017
PORSCHE,MACAN,2014
PORSCHE,911 TURBO,2013
PORSCHE,911 TURBO,2014
PORSCHE,911 TURBO,2015
PORSCHE,MACAN,2018
PORSCHE,918 SPYDER,2016
PORSCHE,BOXSTER,2016
PORSCHE,911 TURBO,2016
PORSCHE,CAYMAN,2016
PORSCHE,911 GT3,2025
PORSCHE,911,2018
PORSCHE,718 BOXSTER,2018
PORSCHE,MACAN S,2018
PORSCHE,MACAN TURBO,2018
PORSCHE,PANAMERA 4S,2018
PORSCHE,PANAMERA TURBO,2017
PORSCHE,PANAMERA TURBO,2018
PORSCHE,PANAMERA TURBO EXECUTIVE,2017
PORSCHE,PANAMERA TURBO S E-HYBRID,2018
PORSCHE,PANAMERA TURBO EXECUTIVE,2018
PORSCHE,PANAMERA 4S SPORT TURISMO,2018
PORSCHE,PANAMERA TURBO SPORT TURI,2018
PORSCHE,PANAMERA 4S EXECUTIVE,2018
PORSCHE,911 CARRERA S,2007
PORSCHE,911,2019
PORSCHE,SKI BAG,9999
PORSCHE,CAYENNE S,2019
PORSCHE,718 CAYMAN,2018
PORSCHE,718 CAYMAN,2019
PORSCHE,718 BOXSTER,2019
PORSCHE,PANAMERA 4S EXECUTIVE,2017
PORSCHE,PANAMERA 4,2017
PORSCHE,PANAMERA 4,2018
PORSCHE,PANAMERA 4 EXECUTIVE,2018
PORSCHE,PANAMERA TURBO S HYBRID,2018
PORSCHE,PANAMERA 4 HYBRID,2018
PORSCHE,PANAMERA 4 SPORT TURISMO,2018
PORSCHE,PANAMERA 4 HYBRID EXECUTI,2018
PORSCHE,PANAMERA 4 HYBRID SPORT T,2018
PORSCHE,PANAMERA TURBO S HYBRID S,2018
PORSCHE,PANAMERA TURBO S HYBRID E,2018
PORSCHE,CAYENNE E-HYBRID,2019
PORSCHE,CAYENNE S E-HYBRID,2018
PORSCHE,MACAN,2019
PORSCHE,CAYENNE S HYBRID,2013
PORSCHE,redundant CAYENNE S HYBRID,2014
PORSCHE,PANAMERA 4,2013
VOLVO,XC40,2024
VOLVO,XC60MHEV,2023
VOLVO,S60MHEV,2023
VOLVO,S60MHEV,2024
VOLVO,S60MHEV,2025
VOLVO,S60PHEV,2023
VOLVO,S60PHEV,2024
VOLVO,S60PHEV,2025
VOLVO,duplicate C40BEV,2022
VOLVO,duplicate C40BEV,2023
VOLVO,duplicate C40BEV,2024
VOLVO,duplicate C40BEV,2025
VOLVO,EC40,2025
VOLVO,EX40,2025
VOLVO,S90,2022
VOLVO,S90MHEV,2022
VOLVO,S90PHEV,2022
VOLVO,S90PHEV,2023
VOLVO,S90PHEV,2024
VOLVO,S90PHEV,2025
VOLVO,V60CCMHEV,2023
VOLVO,V60CCMHEV,2024
VOLVO,V60CCMHEV,2025
VOLVO,V60CCPHEV,2023
VOLVO,V60CCPHEV,2024
VOLVO,V60CCPHEV,2025
VOLVO,V60MHEV,2024
VOLVO,V60MHEV,2025
VOLVO,V60PHEV,2023
VOLVO,V60PHEV,2024
VOLVO,V60PHEV,2025
VOLVO,V90CCMHEV,2023
VOLVO,V90CCMHEV,2024
VOLVO,V90CCMHEV,2025
VOLVO,XC40,2021
VOLVO,XC40,2022
VOLVO,XC40,2023
VOLVO,XC40BEV,2021
VOLVO,XC40BEV,2022
VOLVO,XC40BEV,2023
VOLVO,XC40BEV,2025
VOLVO,XC40MHEV,2023
VOLVO,XC40MHEV,2024
VOLVO,XC40MHEV,2025
VOLVO,XC60,2022
VOLVO,XC60MHEV,2022
VOLVO,XC60MHEV,2024
VOLVO,XC60MHEV,2025
VOLVO,XC60PHEV,2022
VOLVO,XC60PHEV,2023
VOLVO,XC60PHEV,2024
VOLVO,XC60PHEV,2025
VOLVO,XC90MHEV,2023
VOLVO,XC90MHEV,2024
VOLVO,XC90MHEV,2025
VOLVO,XC90PHEV,2023
VOLVO,XC90PHEV,2024
VOLVO,XC90PHEV,2025
VOLVO,S60PHEV,2022
VOLVO,V60PHEV,2022
VOLVO,XC90PHEV,2022
VOLVO,EX90,2025
VOLVO,S90MHEV,2024
VOLVO,V90CCMHEV,2022
VOLVO,S90MHEV,2023
VOLVO,S90MHEV,2025
CUMMINS,BES,9999
POLESTAR,POLESTAR 2,2024
POLESTAR,POLESTAR 2,2025
POLESTAR,POLESTAR 2,2023
POLESTAR,POLESTAR 2,2022
POLESTAR,POLESTAR 2,2021
POLESTAR,POLESTAR 3,2025
CUMMINS,ISL9,9999
CUMMINS,L9,9999
CUMMINS,B6.7,9999
CUMMINS,X12,9999
CUMMINS,X15,9999
MITSUBISHI,OUTLANDER,2022
MITSUBISHI,OUTLANDER PHEV,2024
MITSUBISHI,OUTLANDER PHEV,2023
MITSUBISHI,OUTLANDER,2024
MITSUBISHI,OUTLANDER,2023
MITSUBISHI,OUTLANDER PHEV,2025
MITSUBISHI,I-MIEV,2017
MITSUBISHI,I-MIEV,2016
MITSUBISHI,I-MIEV,2014
MITSUBISHI,RAIDER,2008
MITSUBISHI,I-MIEV,2012
MITSUBISHI,RAIDER,2009
MITSUBISHI,RAIDER,2007
MITSUBISHI,LANCER,2007
MITSUBISHI,LANCER,2006
MITSUBISHI,LANCER,2005
MITSUBISHI,LANCER,2004
MITSUBISHI,RAIDER,2006
MITSUBISHI,ECLIPSE CROSS,2022
MITSUBISHI,ECLIPSE CROSS,2024
MITSUBISHI,ECLIPSE CROSS,2025
MITSUBISHI,ECLIPSE CROSS,2023
CUMMINS,C70D2RE,9999
CUMMINS,C1000D2RE,9999
CUMMINS,C275D2RE,9999
CUMMINS,C200D2RE,9999
CUMMINS,C100D2RE,9999
CUMMINS,C500D2RE,9999
CUMMINS,C150D2RE,9999
BENDIX,BENDIX,9999
ISUZU,N-SERIES,2014
ISUZU,N-SERIES,2015
ISUZU,N-SERIES,2016
ISUZU,N-SERIES,2017
ISUZU,N-SERIES,2018
ISUZU,F-SERIES,2023
ISUZU,N-SERIES,2019
ISUZU,N-SERIES,2020
ISUZU,N-SERIES,2021
ISUZU,F-SERIES,2024
ISUZU,F-SERIES,2021
ISUZU,N-SERIES,2022
ISUZU,N-SERIES,2023
ISUZU,N-SERIES,2024
ISUZU,N-SERIES,2025
ISUZU,F-SERIES,2020
ISUZU,F-SERIES,2019
ISUZU,F-SERIES,2018
ISUZU,F-SERIES,2022
ISUZU,N-SERIES,2013
ISUZU,N-SERIES,2008
ISUZU,N-SERIES,2009
ISUZU,N-SERIES,2010
ISUZU,N-SERIES,2011
ISUZU,N-SERIES,2012
INDIAN,PURSUIT LIMITED,2023
INDIAN,PURSUIT LIMITED,2022
INDIAN,CHALLENGER,2020
INDIAN,PURSUIT DARK HORSE,2022
INDIAN,CHALLENGER LIMITED,2024
INDIAN,CHALLENGER LIMITED,2020
INDIAN,PURSUIT,2022
INDIAN,CHALLENGER LIMITED,2021
INDIAN,CHALLENGER LIMITED,2023
INDIAN,PURSUIT,2024
INDIAN,PURSUIT LIMITED,2024
INDIAN,PURSUIT DARK HORSE PREMIU,2022
INDIAN,PURSUIT LIMITED PREMIUM,2022
INDIAN,PURSUIT DARK HORSE,2024
INDIAN,PURSUIT,2023
INDIAN,CHALLENGER,2022
INDIAN,PURSUIT DARK HORSE,2023
INDIAN,CHALLENGER LIMITED,2022
INDIAN,CHALLENGER ELITE,2020
INDIAN,CHALLENGER ELITE,2021
INDIAN,CHALLENGER ELITE,2023
INDIAN,CHALLENGER ELITE,2022
INDIAN,CHALLENGER DARK HORSE,2024
INDIAN,CHALLENGER DARK HORSE,2020
INDIAN,CHALLENGER DARK HORSE,2021
INDIAN,CHALLENGER DARK HORSE,2023
INDIAN,CHALLENGER DARK HORSE,2022
INDIAN,CHALLENGER,2024
INDIAN,CHALLENGER,2023
INDIAN,CHALLENGER,2021
INDIAN,SCOUT,2025
MOTIV,E-450 BEV CHASSIS SCHOOL BUS,2022
MOTIV,E-450 BEV CHASSIS SCHOOL BUS,2021
MOTIV,E-450 BEV CHASSIS SCHOOL BUS,2023
MOTIV,E-450 BEV CHASSIS SCHOOL BUS,2024
MOTIV,EPIC4 E-450 BEV,2023
MOTIV,EPIC4 E-450 BEV,2024
MOTIV,EPIC4 E-450 BEV,2022
MOTIV,EPIC4 E-450 BEV,2021
SLINGSHOT,SLINGSHOT,2024
POLARIS,SLINGSHOT S,2024
POLARIS,SLINGSHOT S TECH,2024
POLARIS,SLINGSHOT SL,2024
POLARIS,SLINGSHOT SLR,2024
POLARIS,SLINGSHOT R,2024
MERCEDES-BENZ,EQB 250,2023
MERCEDES-BENZ,EQB 250,2022
KOENIGSEGG,AGERA,2013
HINO,L-SERIES,2022
HINO,L-SERIES,2023
HINO,L-SERIES,2024
HINO,HINO,9999
KIA,TELLURIDE,2023
KIA,TELLURIDE,2024
CHEVROLET,SILVERADO 3500,2019
GMC,SIERRA 1500,2017
GMC,SIERRA 1500,2018
GMC,SIERRA 3500,2019
CHEVROLET,SILVERADO 2500,2019
GMC,SIERRA 2500,2019
CHEVROLET,SILVERADO 1500,2018
CHEVROLET,SILVERADO 1500,2017
CHEVROLET,SILVERADO 4500,2019
CHEVROLET,duplicate SILVERADO 5500,2019
CHEVROLET,SILVERADO 6500,2019
LAND ROVER,RANGE ROVER,2020
LAND ROVER,RANGE ROVER SPORT,2020
LAND ROVER,RANGE ROVER SPORT,2019
LAND ROVER,RANGE ROVER SPORT,2021
LAND ROVER,RANGE ROVER SPORT,2022
LAND ROVER,RANGE ROVER,2021
LAND ROVER,DISCOVERY,2018
LAND ROVER,DISCOVERY,2017
LAND ROVER,DISCOVERY,2019
LAND ROVER,RANGE ROVER SPORT,2018
LAND ROVER,RANGE ROVER VELAR,2017
LAND ROVER,RANGE ROVER,2019
LAND ROVER,RANGE ROVER,2017
LAND ROVER,RANGE ROVER,2018
LAND ROVER,RANGE ROVER SPORT,2017
JAGUAR,I-PACE,2020
CHEVROLET,VOLT,2014
CHEVROLET,VOLT,2015
CHEVROLET,VOLT,2016
CHEVROLET,VOLT,2017
CHEVROLET,VOLT,2018
CHEVROLET,VOLT,2019
CHEVROLET,SILVERADO 1500,2016
GMC,SIERRA 1500,2016
CHEVROLET,BOLT EV,2017
CHEVROLET,BOLT EV,2018
CHEVROLET,BOLT EV,2019
BUICK,LACROSSE,2012
BUICK,LACROSSE,2013
BUICK,LACROSSE,2014
BUICK,LACROSSE,2015
BUICK,LACROSSE,2016
BUICK,LACROSSE,2018
BUICK,LACROSSE,2019
BUICK,REGAL,2012
BUICK,REGAL,2013
BUICK,REGAL,2014
BUICK,REGAL,2015
BUICK,REGAL,2016
BUICK,REGAL,2017
CADILLAC,ELR,2014
CADILLAC,ELR,2015
CADILLAC,ELR,2016
CADILLAC,CT6,2017
CADILLAC,CT6,2018
CHEVROLET,MALIBU ECO,2013
CHEVROLET,MALIBU ECO,2014
CHEVROLET,IMPALA,2014
CHEVROLET,SPARK EV,2014
CHEVROLET,SPARK EV,2015
CHEVROLET,SPARK EV,2016
CHEVROLET,MALIBU HYBRID,2016
CHEVROLET,MALIBU HYBRID,2017
CHEVROLET,MALIBU HYBRID,2018
CHEVROLET,MALIBU HYBRID,2019
CHEVROLET,VOLT,2011
CHEVROLET,VOLT,2012
CHEVROLET,VOLT,2013
NAPA,NAPA,9999
WALKER,WALKER,9999
DETROIT DIESEL,DD13,9999
JAGUAR,XE,2017
JAGUAR,XJ,2017
JAGUAR,XJ,2018
JAGUAR,F-TYPE,2017
JAGUAR,XF,2017
JAGUAR,F-TYPE,2018
JAGUAR,XE,2018
JAGUAR,XF,2018
JAGUAR,F-TYPE,2019
JAGUAR,F-PACE,2017
JAGUAR,I-PACE,2021
JAGUAR,I-PACE,2022
GMC,CANYON,2015
CADILLAC,SRX,2015
BUICK,VERANO,2015
CADILLAC,ATS,2015
CADILLAC,XTS,2015
CHEVROLET,CAMARO,2015
CHEVROLET,CORVETTE,2015
CHEVROLET,EQUINOX,2015
CHEVROLET,SILVERADO 1500,2015
CHEVROLET,SONIC,2015
CHEVROLET,SPARK,2015
CHEVROLET,TRAVERSE,2015
GMC,ACADIA,2015
GMC,SAVANA 2500,2015
CHEVROLET,SILVERADO 2500,2015
GMC,SIERRA DENALI,2015
GMC,YUKON DENALI XL,2015
CADILLAC,CT6,2015
GMC,YUKON DENALI,2015
CADILLAC,CTS-V,2015
CADILLAC,ATS-V,2015
CADILLAC,XT5,2015
CHEVROLET,CAPTIVA,2015
CHEVROLET,CHEVEROLET SS,2015
CHEVROLET,CAPRICE POLICE PURSUIT,2015
CHEVROLET,TAHOE POLICE PURSUIT,2015
GMC,YUKON XL,2015
CHEVROLET,EXPRESS,2015
CHEVROLET,TRAX,2015
BUICK,ENCORE,2015
GMC,TERRAIN,2015
GMC,SAVANA 1500,2015
GMC,SAVANA,2015
BUICK,ENCLAVE,2015
CHEVROLET,CITY EXPRESS,2015
CADILLAC,ESCALADE,2015
CADILLAC,ESCALADE ESV,2015
CHEVROLET,SUBURBAN,2015
GMC,SAVANA CUTAWAY VAN,2014
CHEVROLET,CAPTIVA SPORT,2014
CHEVROLET,EXPRESS CUTAWAY VAN,2014
CHEVROLET,3500,2014
CADILLAC,CTS-V,2014
CHEVROLET,CAPRICE,2014
CHEVROLET,COLORADO,2015
GMC,YUKON,2014
GMC,SIERRA 3500,2014
GMC,SIERRA 2500,2014
GMC,SAVANA 3500,2014
GMC,SAVANA 2500,2014
GMC,SAVANA 1500,2014
CHEVROLET,TAHOE,2014
CHEVROLET,SONIC,2014
CHEVROLET,SILVERADO 3500,2014
CHEVROLET,SILVERADO 2500,2014
CHEVROLET,MALIBU,2014
CHEVROLET,EXPRESS 3500,2014
CHEVROLET,EQUINOX,2014
CHEVROLET,CAMARO,2014
CHEVROLET,COLORADO,2014
CADILLAC,ESCALADE EXT,2014
CHEVROLET,AVALANCHE,2014
CADILLAC,CTS,2014
CHEVROLET,TAHOE,2015
CHEVROLET,TRAVERSE,2014
CADILLAC,XTS,2014
CHEVROLET,CORVETTE,2014
CHEVROLET,CRUZE,2014
CHEVROLET,SILVERADO 1500,2014
CHEVROLET,SPARK,2014
CHEVROLET,EXPRESS 2500,2014
CADILLAC,ATS,2014
BUICK,VERANO,2014
CADILLAC,SRX,2014
CHEVROLET,IMPALA,2015
BUICK,ENCORE,2014
GMC,SIERRA 2500,2015
BUICK,ENCLAVE,2014
CADILLAC,ESCALADE ESV,2014
CADILLAC,ESCALADE HYBRID,2014
GMC,SAVANA,2014
CHEVROLET,CAPTIVA,2014
CHEVROLET,LUMINA,2014
CHEVROLET,TRAILBLAZER,2014
CHEVROLET,CAPRICE POLICE PURSUIT,2014
CHEVROLET,TRAX,2014
CADILLAC,CT6,2014
CADILLAC,XT5,2014
CHEVROLET,TAHOE POLICE PURSUIT,2014
CHEVROLET,EXPRESS 4500,2014
GMC,YUKON DENALI XL,2014
GMC,SIERRA DENALI,2014
CADILLAC,CTS,2015
CHEVROLET,MALIBU,2015
GMC,SIERRA 1500,2014
GMC,TERRAIN,2013
GMC,YUKON XL,2013
CHEVROLET,SUBURBAN,2013
CADILLAC,ESCALADE ESV,2013
CADILLAC,ESCALADE EXT,2013
CADILLAC,ESCALADE,2013
CHEVROLET,EXPRESS,2013
GMC,SAVANA,2013
BUICK,ENCORE,2013
BUICK,LESABRE,2013
CHEVROLET,TRAX,2013
GMC,YUKON HYBRID,2013
CHEVROLET,COLORADO,2013
GMC,CANYON,2013
GMC,ENVOY,2013
CHEVROLET,CAPTIVA,2013
CHEVROLET,TRAILBLAZER,2013
CHEVROLET,AVALANCHE 2500,2013
CHEVROLET,CAPRICE POLICE PURSUIT,2013
GMC,YUKON DENALI,2013
CADILLAC,CT6,2013
CADILLAC,XT5,2013
GMC,YUKON DENALI XL,2013
CHEVROLET,TAHOE POLICE PURSUIT,2013
GMC,SIERRA DENALI,2013
CHEVROLET,AVALANCHE,2013
CADILLAC,ESCALADE HYBRID,2013
CHEVROLET,TAHOE HYBRID,2013
CHEVROLET,MALIBU,2013
CADILLAC,XTS,2013
CHEVROLET,AVALANCHE 1500,2013
CHEVROLET,SILVERADO 1500,2013
GMC,SIERRA 1500,2013
GMC,YUKON,2015
CHEVROLET,CAMARO,2013
CHEVROLET,CORVETTE,2013
CHEVROLET,CRUZE,2013
CHEVROLET,EQUINOX,2013
GMC,YUKON XL 2500,2013
GMC,SAVANA 3500,2013
GMC,SIERRA 2500,2013
GMC,SIERRA 3500,2013
GMC,YUKON,2013
CHEVROLET,SILVERADO 3500,2015
CHEVROLET,IMPALA,2013
CHEVROLET,SILVERADO 2500,2013
CHEVROLET,SILVERADO 3500,2013
CHEVROLET,SONIC,2013
CHEVROLET,SPARK,2013
BUICK,VERANO,2013
CADILLAC,ATS,2013
CADILLAC,CTS,2013
CADILLAC,SRX,2013
GMC,ACADIA,2014
CHEVROLET,TAHOE,2013
GMC,SIERRA 3500,2015
GMC,SAVANA 1500,2013
GMC,SAVANA 2500,2013
GMC,ACADIA,2013
BUICK,ENCLAVE,2013
CHEVROLET,CAPRICE,2013
CHEVROLET,TRAVERSE,2013
CHEVROLET,EXPRESS CUTAWAY VAN,2013
CHEVROLET,CAPTIVA SPORT,2013
CHEVROLET,EXPRESS 3500,2013
CHEVROLET,EXPRESS 1500,2013
CHEVROLET,EXPRESS 2500,2013
GMC,SAVANA CUTAWAY VAN,2013
CHEVROLET,SUBURBAN,2014
GMC,YUKON XL,2014
CHEVROLET,EXPRESS,2014
CADILLAC,ESCALADE,2014
CHEVROLET,CHEVEROLET SS,2014
CHEVROLET,EXPRESS 1500,2014
GMC,TERRAIN,2014
CHEVROLET,EXPRESS CUTAWAY VAN,2015
CHEVROLET,EXPRESS 3500,2015
GMC,SIERRA 1500,2015
CHEVROLET,EXPRESS 2500,2015
CHEVROLET,TRAILBLAZER,2015
GMC,SAVANA CUTAWAY VAN,2015
BUICK,ENCLAVE,2016
GMC,YUKON XL,2016
CADILLAC,ESCALADE,2016
CHEVROLET,SUBURBAN,2016
BUICK,ENCORE,2016
CADILLAC,SRX,2016
CHEVROLET,CITY EXPRESS,2016
CHEVROLET,EXPRESS,2016
CHEVROLET,TRAX,2016
GMC,SAVANA,2016
GMC,SAVANA 1500,2016
GMC,TERRAIN,2016
CHEVROLET,TAHOE POLICE PURSUIT,2016
CHEVROLET,CAPRICE POLICE PURSUIT,2016
CADILLAC,ESCALADE ESV,2016
CHEVROLET,EXPRESS 4500,2016
BUICK,ENVISION,2016
CHEVROLET,CHEVEROLET SS,2016
CADILLAC,XT5,2016
CADILLAC,ATS-V,2016
CADILLAC,CTS-V,2016
GMC,SAVANA 3500,2015
GMC,YUKON DENALI,2016
CHEVROLET,LOW CAB FORWARD 3500,2016
CHEVROLET,LOW CAB FORWARD 4500,2016
CHEVROLET,LOW CAB FORWARD 5500,2016
GMC,YUKON DENALI XL,2016
GMC,SIERRA DENALI,2016
CHEVROLET,CAPTIVA,2016
CHEVROLET,3500,2016
BUICK,VERANO,2016
CADILLAC,ATS,2016
CADILLAC,CTS,2016
CADILLAC,XTS,2016
CHEVROLET,COLORADO,2016
CHEVROLET,CORVETTE,2016
CHEVROLET,CRUZE,2016
CHEVROLET,EQUINOX,2016
CHEVROLET,IMPALA,2016
CHEVROLET,MALIBU,2016
CHEVROLET,SILVERADO 2500,2016
CHEVROLET,SILVERADO 3500,2016
CHEVROLET,SONIC,2016
CHEVROLET,TAHOE,2016
CHEVROLET,TRAVERSE,2016
GMC,ACADIA,2016
GMC,CANYON,2016
GMC,SAVANA 3500,2016
GMC,SIERRA 2500,2016
GMC,SIERRA 3500,2016
GMC,YUKON,2016
CHEVROLET,CAMARO,2016
CHEVROLET,SPARK,2016
GMC,SAVANA 2500,2016
CADILLAC,CT6,2016
BUICK,CASCADA,2016
CHEVROLET,CAPRICE,2016
CHEVROLET,4500,2016
CHEVROLET,EXPRESS CUTAWAY VAN,2016
CHEVROLET,EXPRESS 3500,2016
CHEVROLET,EXPRESS 2500,2016
GMC,SAVANA CUTAWAY VAN,2016
CADILLAC,XT5,2017
BUICK,ENVISION,2017
CADILLAC,ESCALADE,2017
CADILLAC,ESCALADE ESV,2017
BUICK,ENCLAVE,2017
CHEVROLET,SUBURBAN,2017
GMC,YUKON XL,2017
BUICK,ENCORE,2017
CHEVROLET,CHEVEROLET SS,2017
CHEVROLET,TRAX,2017
GMC,SAVANA,2017
CHEVROLET,CITY EXPRESS,2017
GMC,TERRAIN,2017
CHEVROLET,EXPRESS,2017
CHEVROLET,CAPRICE POLICE PURSUIT,2017
CHEVROLET,SPARK EV,2017
GMC,SAVANA 1500,2017
CADILLAC,ELR,2017
GMC,YUKON DENALI,2017
CHEVROLET,LOW CAB FORWARD 3500,2017
CHEVROLET,LOW CAB FORWARD 4500,2017
CHEVROLET,LOW CAB FORWARD 5500,2017
GMC,SIERRA DENALI,2017
CHEVROLET,CAPTIVA,2017
CHEVROLET,TRAILBLAZER,2017
CADILLAC,ATS-V,2017
GMC,YUKON DENALI XL,2017
GMC,G3500,2017
CADILLAC,XTS,2017
CHEVROLET,CAMARO,2017
CHEVROLET,EQUINOX,2017
CHEVROLET,IMPALA,2017
CHEVROLET,TRAVERSE,2017
GMC,ACADIA,2017
BUICK,LACROSSE,2017
BUICK,VERANO,2017
CADILLAC,ATS,2017
CADILLAC,CTS,2017
CHEVROLET,CRUZE,2017
CHEVROLET,MALIBU,2017
CHEVROLET,COLORADO,2017
CHEVROLET,CORVETTE,2017
CHEVROLET,SONIC,2017
CHEVROLET,SPARK,2017
CHEVROLET,TAHOE,2017
GMC,CANYON,2017
GMC,SAVANA 2500,2017
GMC,SAVANA 3500,2017
GMC,YUKON,2017
GMC,SIERRA 2500,2017
GMC,SIERRA 3500,2017
CHEVROLET,SILVERADO 2500,2017
CHEVROLET,SILVERADO 3500,2017
BUICK,CASCADA,2017
CHEVROLET,CAPRICE,2017
CHEVROLET,4500XD,2017
CHEVROLET,4500HD,2017
CHEVROLET,5500HD,2017
CHEVROLET,4500,2017
CHEVROLET,3500,2017
CHEVROLET,EXPRESS CUTAWAY VAN,2017
CHEVROLET,EXPRESS 2500,2017
CHEVROLET,EXPRESS 3500,2017
GMC,SAVANA CUTAWAY VAN,2017
GMC,TERRAIN,2018
CHEVROLET,TRAX,2018
BUICK,ENCORE,2018
BUICK,ENCLAVE,2018
CADILLAC,ATS-V,2018
CADILLAC,XT5,2018
CADILLAC,CTS-V,2018
CADILLAC,ESCALADE,2018
CHEVROLET,SUBURBAN,2018
GMC,SAVANA,2018
CHEVROLET,EXPRESS,2018
GMC,YUKON XL,2018
CADILLAC,ESCALADE ESV,2018
GMC,YUKON DENALI,2018
CHEVROLET,CAPTIVA,2018
CHEVROLET,LOW CAB FORWARD 6500,2018
GMC,YUKON DENALI XL,2018
CHEVROLET,TRAILBLAZER,2018
GMC,SIERRA DENALI,2018
CHEVROLET,CAPRICE,2018
CHEVROLET,3500,2018
BUICK,REGAL TOURX,2018
GMC,G3500,2018
CHEVROLET,G4500,2018
CHEVROLET,LOW CAB FORWARD 3500,2018
CHEVROLET,EQUINOX,2018
CHEVROLET,CAMARO,2018
CHEVROLET,CORVETTE,2018
CHEVROLET,IMPALA,2018
CHEVROLET,TRAVERSE,2018
CADILLAC,ATS,2018
CADILLAC,CTS,2018
CADILLAC,XTS,2018
CHEVROLET,COLORADO,2018
CHEVROLET,CRUZE,2018
CHEVROLET,MALIBU,2018
CHEVROLET,SILVERADO 2500,2018
CHEVROLET,SILVERADO 3500,2018
CHEVROLET,SONIC,2018
CHEVROLET,SPARK,2018
CHEVROLET,TAHOE,2018
GMC,ACADIA,2018
GMC,CANYON,2018
GMC,SIERRA 2500,2018
GMC,SIERRA 3500,2018
GMC,YUKON,2018
BUICK,CASCADA,2018
BUICK,ENVISION,2018
BUICK,REGAL,2018
GMC,SAVANA 2500,2018
GMC,SAVANA 3500,2018
CHEVROLET,CRUZE,2015
CHEVROLET,4500HD,2018
CHEVROLET,4500XD,2018
CHEVROLET,5500HD,2018
CHEVROLET,5500XD,2018
CHEVROLET,C3500,2018
CHEVROLET,4500,2018
CHEVROLET,CITY EXPRESS,2018
CADILLAC,XT4,2018
CHEVROLET,EXPRESS CUTAWAY VAN,2018
CHEVROLET,SILVERADO LT,2018
CHEVROLET,EXPRESS 2500,2018
CHEVROLET,EXPRESS 3500,2018
GMC,SAVANA CUTAWAY VAN,2018
GMC,TERRAIN,2019
CADILLAC,ESCALADE,2019
BUICK,ENVISION,2019
CHEVROLET,SUBURBAN,2019
GMC,YUKON DENALI,2019
CHEVROLET,EXPRESS,2019
GMC,SAVANA,2019
GMC,YUKON XL,2019
CADILLAC,ESCALADE ESV,2019
CHEVROLET,TRAX,2019
BUICK,ENCORE,2019
BUICK,ENCLAVE,2019
CHEVROLET,TRAILBLAZER,2019
GMC,SIERRA DENALI,2019
CHEVROLET,LOW CAB FORWARD 3500,2019
CHEVROLET,CORVETTE,2019
CHEVROLET,EQUINOX,2019
CHEVROLET,SILVERADO 1500,2019
CHEVROLET,SPARK,2019
CHEVROLET,TRAVERSE,2019
GMC,ACADIA,2019
GMC,SIERRA 1500,2019
GMC,YUKON,2019
CADILLAC,ATS,2019
BUICK,CASCADA,2019
CADILLAC,XTS,2019
CHEVROLET,CAMARO,2019
CHEVROLET,COLORADO,2019
CHEVROLET,CRUZE,2019
CHEVROLET,IMPALA,2019
CHEVROLET,MALIBU,2019
CHEVROLET,SONIC,2019
CHEVROLET,TAHOE,2019
GMC,CANYON,2019
CADILLAC,CTS,2019
BUICK,REGAL,2019
CHEVROLET,BLAZER,2019
CHEVROLET,4500HD,2019
CHEVROLET,5500HD,2019
CHEVROLET,5500XD,2019
CHEVROLET,3500,2019
CHEVROLET,4500XD,2019
CHEVROLET,4500,2019
CHEVROLET,EXPRESS CUTAWAY VAN,2019
CHEVROLET,6500HD,2019
CADILLAC,ATS-V,2019
CHEVROLET,EXPRESS 3500,2019
CHEVROLET,EXPRESS 2500,2019
GMC,SAVANA CUTAWAY VAN,2019
CHEVROLET,CAPRICE,2015
CHEVROLET,3500,2015
LIVEWIRE,S2 MULHOLLAND,2024
LIVEWIRE,S2 DEL MAR,2024
ROADTREK,ZION SLUMBER,2025
ROADTREK,ZION,2025
ROADTREK,CHASE,2025
ROADTREK,ZION SRT,2025
HARLEY-DAVIDSON,AMERICANA,9999
HARLEY-DAVIDSON,SCREAMIN EAGLE,9999
PLEASURE WAY,ASCENT,2023
PLEASURE WAY,TOFINO,2023
PLEASURE WAY,ASCENT,2024
PLEASURE WAY,PLATEAU,2024
PLEASURE WAY,EXCEL,2012
ALLISON,4000 SERIES TRANSMISSION,9999
ALLISON,3000 SERIES TRANSMISSION,9999
PLEASURE WAY,PLATEAU,2018
LEXUS,IS,2021
LEXUS,ES,2021
LEXUS,UX,2019
LEXUS,UX,2020
LEXUS,ES,2019
LEXUS,ES,2020
LEXUS,ES HYBRID,2021
TOYOTA,CAMRY HYBRID,2020
TOYOTA,CAMRY HYBRID,2019
TOYOTA,CAMRY HYBRID,2018
TOYOTA,CAMRY,2021
TOYOTA,HIGHLANDER HYBRID,2020
TOYOTA,CAMRY,2020
TOYOTA,CAMRY,2019
TOYOTA,CAMRY,2018
TOYOTA,AVALON HYBRID,2021
TOYOTA,AVALON HYBRID,2020
TOYOTA,AVALON HYBRID,2019
TOYOTA,AVALON,2021
TOYOTA,AVALON,2020
TOYOTA,AVALON,2019
TOYOTA,HIGHLANDER HYBRID,2021
TOYOTA,RAV4,2019
TOYOTA,RAV4,2020
TOYOTA,RAV4,2021
TOYOTA,RAV4 HYBRID,2019
TOYOTA,RAV4 HYBRID,2020
TOYOTA,RAV4 HYBRID,2021
TOYOTA,RAV4 PRIME,2021
TOYOTA,SIENNA HYBRID,2021
TOYOTA,VENZA,2021
TOYOTA,COROLLA HYBRID,2021
TOYOTA,COROLLA HYBRID,2020
TOYOTA,COROLLA,2021
TOYOTA,COROLLA,2020
TOYOTA,CAMRY HYBRID,2021
TOYOTA,TACOMA,2012
TOYOTA,4RUNNER,2000
TOYOTA,4RUNNER,2001
TOYOTA,4RUNNER,2002
TOYOTA,4RUNNER,2003
TOYOTA,4RUNNER,2004
TOYOTA,4RUNNER,2005
TOYOTA,4RUNNER,2006
TOYOTA,4RUNNER,2007
TOYOTA,4RUNNER,2008
TOYOTA,4RUNNER,2009
TOYOTA,4RUNNER,2010
TOYOTA,4RUNNER,2011
TOYOTA,4RUNNER,2012
TOYOTA,4RUNNER,2013
TOYOTA,4RUNNER,2014
TOYOTA,4RUNNER,2015
TOYOTA,4RUNNER,2016
TOYOTA,4RUNNER,2017
TOYOTA,4RUNNER,2018
TOYOTA,4RUNNER,2019
TOYOTA,4RUNNER,2020
TOYOTA,4RUNNER,2021
TOYOTA,4RUNNER,2022
TOYOTA,4RUNNER,2023
TOYOTA,4RUNNER,2024
TOYOTA,4RUNNER,2025
TOYOTA,4RUNNER I-FORCE MAX HYBRID,2025
TOYOTA,86,2016
TOYOTA,86,2017
TOYOTA,86,2018
TOYOTA,86,2019
TOYOTA,86,2020
TOYOTA,86,2021
TOYOTA,86,2022
TOYOTA,86,2023
TOYOTA,86,2024
TOYOTA,86,2025
TOYOTA,AVALON,2000
TOYOTA,AVALON,2001
TOYOTA,AVALON,2002
TOYOTA,AVALON,2003
TOYOTA,AVALON,2004
TOYOTA,AVALON,2005
TOYOTA,AVALON,2006
TOYOTA,AVALON,2007
TOYOTA,AVALON,2008
TOYOTA,AVALON,2009
TOYOTA,AVALON,2010
TOYOTA,AVALON,2011
TOYOTA,AVALON,2012
TOYOTA,AVALON,2013
TOYOTA,AVALON,2014
TOYOTA,AVALON,2015
TOYOTA,AVALON,2016
TOYOTA,AVALON,2017
TOYOTA,AVALON,2018
TOYOTA,AVALON,2022
TOYOTA,AVALON HYBRID,2013
TOYOTA,AVALON HYBRID,2014
TOYOTA,AVALON HYBRID,2015
TOYOTA,AVALON HYBRID,2016
TOYOTA,AVALON HYBRID,2017
TOYOTA,AVALON HYBRID,2018
TOYOTA,AVALON HYBRID,2022
TOYOTA,BZ4X,2023
TOYOTA,BZ4X,2024
TOYOTA,BZ4X,2025
TOYOTA,C-HR,2017
TOYOTA,C-HR,2018
TOYOTA,C-HR,2019
TOYOTA,C-HR,2020
TOYOTA,C-HR,2021
TOYOTA,C-HR,2022
TOYOTA,CAMRY,2000
TOYOTA,CAMRY,2001
TOYOTA,CAMRY,2002
TOYOTA,CAMRY,2003
TOYOTA,CAMRY,2004
TOYOTA,CAMRY,2005
TOYOTA,CAMRY,2006
TOYOTA,CAMRY,2007
TOYOTA,CAMRY,2008
TOYOTA,CAMRY,2009
TOYOTA,CAMRY,2010
TOYOTA,CAMRY,2011
TOYOTA,CAMRY,2012
TOYOTA,CAMRY,2013
TOYOTA,CAMRY,2014
TOYOTA,CAMRY,2015
TOYOTA,CAMRY,2016
TOYOTA,CAMRY,2017
TOYOTA,CAMRY,2022
TOYOTA,CAMRY,2023
TOYOTA,CAMRY,2024
TOYOTA,CAMRY,2025
TOYOTA,CAMRY HYBRID,2006
TOYOTA,CAMRY HYBRID,2007
TOYOTA,CAMRY HYBRID,2008
TOYOTA,CAMRY HYBRID,2009
TOYOTA,CAMRY HYBRID,2010
TOYOTA,CAMRY HYBRID,2011
TOYOTA,CAMRY HYBRID,2012
TOYOTA,CAMRY HYBRID,2013
TOYOTA,CAMRY HYBRID,2014
TOYOTA,CAMRY HYBRID,2015
TOYOTA,CAMRY HYBRID,2016
TOYOTA,CAMRY HYBRID,2017
TOYOTA,CAMRY HYBRID,2022
TOYOTA,CAMRY HYBRID,2023
TOYOTA,CAMRY HYBRID,2024
TOYOTA,CAMRY HYBRID,2025
TOYOTA,COROLLA,2000
TOYOTA,COROLLA,2001
TOYOTA,COROLLA,2002
TOYOTA,COROLLA,2003
TOYOTA,COROLLA,2004
TOYOTA,COROLLA,2005
TOYOTA,COROLLA,2006
TOYOTA,COROLLA,2007
TOYOTA,COROLLA,2008
TOYOTA,COROLLA,2009
TOYOTA,COROLLA,2010
TOYOTA,COROLLA,2011
TOYOTA,COROLLA,2012
TOYOTA,COROLLA,2013
TOYOTA,COROLLA,2014
TOYOTA,COROLLA,2015
TOYOTA,COROLLA,2016
TOYOTA,COROLLA,2017
TOYOTA,COROLLA,2018
TOYOTA,COROLLA,2019
TOYOTA,COROLLA,2022
TOYOTA,COROLLA,2023
TOYOTA,COROLLA,2024
TOYOTA,COROLLA,2025
TOYOTA,COROLLA CROSS,2022
TOYOTA,COROLLA CROSS,2023
TOYOTA,COROLLA CROSS,2024
TOYOTA,COROLLA CROSS,2025
TOYOTA,COROLLA CROSS HYBRID,2023
TOYOTA,COROLLA CROSS HYBRID,2024
TOYOTA,COROLLA CROSS HYBRID,2025
TOYOTA,COROLLA HATCHBACK,2019
TOYOTA,COROLLA HATCHBACK,2020
TOYOTA,COROLLA HATCHBACK,2021
TOYOTA,COROLLA HATCHBACK,2022
TOYOTA,COROLLA HATCHBACK,2023
TOYOTA,COROLLA HATCHBACK,2024
TOYOTA,COROLLA HATCHBACK,2025
TOYOTA,COROLLA HYBRID,2022
TOYOTA,COROLLA HYBRID,2023
TOYOTA,COROLLA HYBRID,2024
TOYOTA,COROLLA HYBRID,2025
TOYOTA,CROWN,2023
TOYOTA,CROWN,2024
TOYOTA,CROWN,2025
TOYOTA,CROWN SIGNIA,2025
TOYOTA,FJ CRUISER,2006
TOYOTA,FJ CRUISER,2007
TOYOTA,FJ CRUISER,2008
TOYOTA,FJ CRUISER,2009
TOYOTA,FJ CRUISER,2010
TOYOTA,FJ CRUISER,2011
TOYOTA,FJ CRUISER,2012
TOYOTA,FJ CRUISER,2013
TOYOTA,FJ CRUISER,2014
TOYOTA,FJ CRUISER,2015
TOYOTA,FJ CRUISER,2016
TOYOTA,GR COROLLA,2023
TOYOTA,GR COROLLA,2024
TOYOTA,GR COROLLA,2025
TOYOTA,GRAND HIGHLANDER,2024
TOYOTA,GRAND HIGHLANDER,2025
TOYOTA,GRAND HIGHLANDER HYBRID,2024
TOYOTA,GRAND HIGHLANDER HYBRID,2025
TOYOTA,HIGHLANDER,2000
TOYOTA,HIGHLANDER,2001
TOYOTA,HIGHLANDER,2002
TOYOTA,HIGHLANDER,2003
TOYOTA,HIGHLANDER,2004
TOYOTA,HIGHLANDER,2005
TOYOTA,HIGHLANDER,2006
TOYOTA,HIGHLANDER,2007
TOYOTA,HIGHLANDER,2008
TOYOTA,HIGHLANDER,2009
TOYOTA,HIGHLANDER,2010
TOYOTA,HIGHLANDER,2011
TOYOTA,HIGHLANDER,2012
TOYOTA,HIGHLANDER,2013
TOYOTA,HIGHLANDER,2014
TOYOTA,HIGHLANDER,2015
TOYOTA,HIGHLANDER,2016
TOYOTA,HIGHLANDER,2017
TOYOTA,HIGHLANDER,2018
TOYOTA,HIGHLANDER,2019
TOYOTA,HIGHLANDER,2020
TOYOTA,HIGHLANDER,2021
TOYOTA,HIGHLANDER,2022
TOYOTA,HIGHLANDER,2023
TOYOTA,HIGHLANDER,2024
TOYOTA,HIGHLANDER,2025
TOYOTA,HIGHLANDER HYBRID,2004
TOYOTA,HIGHLANDER HYBRID,2005
TOYOTA,HIGHLANDER HYBRID,2006
TOYOTA,HIGHLANDER HYBRID,2007
TOYOTA,HIGHLANDER HYBRID,2008
TOYOTA,HIGHLANDER HYBRID,2009
TOYOTA,HIGHLANDER HYBRID,2010
TOYOTA,HIGHLANDER HYBRID,2011
TOYOTA,HIGHLANDER HYBRID,2012
TOYOTA,HIGHLANDER HYBRID,2013
TOYOTA,HIGHLANDER HYBRID,2014
TOYOTA,HIGHLANDER HYBRID,2015
TOYOTA,HIGHLANDER HYBRID,2016
TOYOTA,HIGHLANDER HYBRID,2017
TOYOTA,HIGHLANDER HYBRID,2018
TOYOTA,HIGHLANDER HYBRID,2019
TOYOTA,HIGHLANDER HYBRID,2022
TOYOTA,HIGHLANDER HYBRID,2023
TOYOTA,HIGHLANDER HYBRID,2024
TOYOTA,HIGHLANDER HYBRID,2025
SCION,IA,2016
SCION,IA,2017
SCION,IA,2018
SCION,IM,2016
SCION,IM,2017
TOYOTA,LAND CRUISER,2000
TOYOTA,LAND CRUISER,2001
TOYOTA,LAND CRUISER,2002
TOYOTA,LAND CRUISER,2003
TOYOTA,LAND CRUISER,2004
TOYOTA,LAND CRUISER,2005
TOYOTA,LAND CRUISER,2006
TOYOTA,LAND CRUISER,2007
TOYOTA,LAND CRUISER,2008
TOYOTA,LAND CRUISER,2009
TOYOTA,LAND CRUISER,2010
TOYOTA,LAND CRUISER,2011
TOYOTA,LAND CRUISER,2012
TOYOTA,LAND CRUISER,2013
TOYOTA,LAND CRUISER,2014
TOYOTA,LAND CRUISER,2015
TOYOTA,LAND CRUISER,2016
TOYOTA,LAND CRUISER,2017
TOYOTA,LAND CRUISER,2018
TOYOTA,LAND CRUISER,2019
TOYOTA,LAND CRUISER,2020
TOYOTA,LAND CRUISER,2021
TOYOTA,LAND CRUISER,2022
TOYOTA,LAND CRUISER,2023
TOYOTA,redundant LAND CRUISER,2024
TOYOTA,LAND CRUISER HYBRID,2025
TOYOTA,MATRIX,2000
TOYOTA,MATRIX,2001
TOYOTA,MATRIX,2002
TOYOTA,MATRIX,2003
TOYOTA,MATRIX,2004
TOYOTA,MATRIX,2005
TOYOTA,MATRIX,2006
TOYOTA,MATRIX,2007
TOYOTA,MATRIX,2008
TOYOTA,MATRIX,2009
TOYOTA,MATRIX,2010
TOYOTA,MATRIX,2011
TOYOTA,MATRIX,2012
TOYOTA,MATRIX,2013
TOYOTA,MATRIX,2014
TOYOTA,MATRIX,2015
TOYOTA,MATRIX,2016
TOYOTA,MATRIX,2017
TOYOTA,MIRAI,2016
TOYOTA,MIRAI,2017
TOYOTA,MIRAI,2018
TOYOTA,MIRAI,2019
TOYOTA,MIRAI,2020
TOYOTA,MIRAI,2021
TOYOTA,MIRAI,2022
TOYOTA,MIRAI,2023
TOYOTA,MIRAI,2024
TOYOTA,MIRAI,2025
TOYOTA,MR2,2000
TOYOTA,MR2,2001
TOYOTA,MR2,2002
TOYOTA,MR2,2003
TOYOTA,MR2,2004
TOYOTA,MR2,2005
TOYOTA,MR2,2006
TOYOTA,MR2,2007
TOYOTA,MR2 SPYDER,2000
TOYOTA,MR2 SPYDER,2001
TOYOTA,MR2 SPYDER,2002
TOYOTA,MR2 SPYDER,2003
TOYOTA,MR2 SPYDER,2005
TOYOTA,PRIUS,2000
TOYOTA,PRIUS,2001
TOYOTA,PRIUS,2002
TOYOTA,PRIUS,2003
TOYOTA,PRIUS,2004
TOYOTA,PRIUS,2005
TOYOTA,PRIUS,2006
TOYOTA,PRIUS,2007
TOYOTA,PRIUS,2008
TOYOTA,PRIUS,2009
TOYOTA,PRIUS,2010
TOYOTA,PRIUS,2011
TOYOTA,PRIUS,2012
TOYOTA,PRIUS,2013
TOYOTA,PRIUS,2014
TOYOTA,PRIUS,2015
TOYOTA,PRIUS,2016
TOYOTA,PRIUS,2017
TOYOTA,PRIUS,2018
TOYOTA,PRIUS,2019
TOYOTA,PRIUS,2020
TOYOTA,PRIUS,2021
TOYOTA,PRIUS,2022
TOYOTA,PRIUS,2023
TOYOTA,PRIUS,2024
TOYOTA,PRIUS,2025
TOYOTA,PRIUS C,2012
TOYOTA,PRIUS C,2013
TOYOTA,PRIUS C,2014
TOYOTA,PRIUS C,2015
TOYOTA,PRIUS C,2016
TOYOTA,PRIUS C,2017
TOYOTA,PRIUS C,2018
TOYOTA,PRIUS C,2019
TOYOTA,PRIUS C,2020
TOYOTA,PRIUS C,2021
TOYOTA,PRIUS PLUG-IN HYBRID,2010
TOYOTA,PRIUS PLUG-IN HYBRID,2011
TOYOTA,PRIUS PLUG-IN HYBRID,2012
TOYOTA,PRIUS PLUG-IN HYBRID,2013
TOYOTA,PRIUS PLUG-IN HYBRID,2014
TOYOTA,PRIUS PLUG-IN HYBRID,2015
TOYOTA,PRIUS PLUG-IN HYBRID,2016
TOYOTA,PRIUS PLUG-IN HYBRID,2017
TOYOTA,PRIUS PLUG-IN HYBRID,2018
TOYOTA,PRIUS PRIME,2017
TOYOTA,PRIUS PRIME,2018
TOYOTA,PRIUS PRIME,2019
TOYOTA,PRIUS PRIME,2020
TOYOTA,PRIUS PRIME,2021
TOYOTA,PRIUS PRIME,2022
TOYOTA,PRIUS PRIME,2023
TOYOTA,PRIUS PRIME,2024
TOYOTA,PRIUS PRIME,2025
TOYOTA,PRIUS V,2011
TOYOTA,PRIUS V,2012
TOYOTA,PRIUS V,2013
TOYOTA,PRIUS V,2014
TOYOTA,PRIUS V,2015
TOYOTA,PRIUS V,2016
TOYOTA,PRIUS V,2017
TOYOTA,PRIUS V,2018
TOYOTA,RAV4,2000
TOYOTA,RAV4,2001
TOYOTA,RAV4,2002
TOYOTA,RAV4,2003
TOYOTA,RAV4,2004
TOYOTA,RAV4,2005
TOYOTA,RAV4,2006
TOYOTA,RAV4,2007
TOYOTA,RAV4,2008
TOYOTA,RAV4,2009
TOYOTA,RAV4,2010
TOYOTA,RAV4,2011
TOYOTA,RAV4,2012
TOYOTA,RAV4,2013
TOYOTA,RAV4,2014
TOYOTA,RAV4,2015
TOYOTA,RAV4,2016
TOYOTA,RAV4,2017
TOYOTA,RAV4,2018
TOYOTA,RAV4,2022
TOYOTA,RAV4,2023
TOYOTA,RAV4,2024
TOYOTA,RAV4,2025
TOYOTA,RAV4 EV,2000
TOYOTA,RAV4 EV,2001
TOYOTA,RAV4 EV,2002
TOYOTA,RAV4 EV,2003
TOYOTA,RAV4 EV,2012
TOYOTA,RAV4 EV,2013
TOYOTA,RAV4 EV,2014
TOYOTA,RAV4 HYBRID,2016
TOYOTA,RAV4 HYBRID,2017
TOYOTA,RAV4 HYBRID,2018
TOYOTA,RAV4 HYBRID,2022
TOYOTA,RAV4 HYBRID,2023
TOYOTA,RAV4 HYBRID,2024
TOYOTA,RAV4 HYBRID,2025
TOYOTA,RAV4 PLUG-IN HYBRID,2025
TOYOTA,RAV4 PRIME,2022
TOYOTA,RAV4 PRIME,2023
TOYOTA,RAV4 PRIME,2024
TOYOTA,RAV4 PRIME,2025
TOYOTA,SEQUOIA,2001
TOYOTA,SEQUOIA,2002
TOYOTA,SEQUOIA,2003
TOYOTA,SEQUOIA,2004
TOYOTA,SEQUOIA,2005
TOYOTA,SEQUOIA,2006
TOYOTA,SEQUOIA,2007
TOYOTA,SEQUOIA,2008
TOYOTA,SEQUOIA,2009
TOYOTA,SEQUOIA,2010
TOYOTA,SEQUOIA,2011
TOYOTA,SEQUOIA,2012
TOYOTA,SEQUOIA,2013
TOYOTA,SEQUOIA,2014
TOYOTA,SEQUOIA,2015
TOYOTA,SEQUOIA,2016
TOYOTA,SEQUOIA,2017
TOYOTA,SEQUOIA,2018
TOYOTA,SEQUOIA,2019
TOYOTA,SEQUOIA,2020
TOYOTA,SEQUOIA,2021
TOYOTA,SEQUOIA,2022
TOYOTA,redundant SEQUOIA,2023
TOYOTA,redundant SEQUOIA,2024
TOYOTA,redundant SEQUOIA,2025
TOYOTA,SEQUOIA HYBRID,2023
TOYOTA,SEQUOIA HYBRID,2024
TOYOTA,SEQUOIA HYBRID,2025
TOYOTA,SIENNA,2000
TOYOTA,SIENNA,2001
TOYOTA,SIENNA,2002
TOYOTA,SIENNA,2003
TOYOTA,SIENNA,2004
TOYOTA,SIENNA,2005
TOYOTA,SIENNA,2006
TOYOTA,SIENNA,2007
TOYOTA,SIENNA,2008
TOYOTA,SIENNA,2009
TOYOTA,SIENNA,2010
TOYOTA,SIENNA,2011
TOYOTA,SIENNA,2012
TOYOTA,SIENNA,2013
TOYOTA,SIENNA,2014
TOYOTA,SIENNA,2015
TOYOTA,SIENNA,2016
TOYOTA,SIENNA,2017
TOYOTA,SIENNA,2018
TOYOTA,SIENNA,2019
TOYOTA,SIENNA,2020
TOYOTA,redundant SIENNA,2021
TOYOTA,redundant SIENNA,2022
TOYOTA,redundant SIENNA,2023
TOYOTA,redundant SIENNA,2024
TOYOTA,redundant SIENNA,2025
TOYOTA,SIENNA HYBRID,2022
TOYOTA,SIENNA HYBRID,2023
TOYOTA,SIENNA HYBRID,2024
TOYOTA,SIENNA HYBRID,2025
TOYOTA,SUPRA,2020
TOYOTA,SUPRA,2021
TOYOTA,SUPRA,2022
TOYOTA,SUPRA,2023
TOYOTA,SUPRA,2024
TOYOTA,SUPRA,2025
TOYOTA,TACOMA,2000
TOYOTA,TACOMA,2001
TOYOTA,TACOMA,2002
TOYOTA,TACOMA,2003
TOYOTA,TACOMA,2004
TOYOTA,TACOMA,2005
TOYOTA,TACOMA,2006
TOYOTA,TACOMA,2007
TOYOTA,TACOMA,2008
TOYOTA,TACOMA,2009
TOYOTA,TACOMA,2010
TOYOTA,TACOMA,2011
TOYOTA,TACOMA,2013
TOYOTA,TACOMA,2014
TOYOTA,TACOMA,2015
TOYOTA,TACOMA,2016
TOYOTA,TACOMA,2017
TOYOTA,TACOMA,2018
TOYOTA,TACOMA,2019
TOYOTA,TACOMA,2020
TOYOTA,TACOMA,2021
TOYOTA,TACOMA,2022
TOYOTA,TACOMA,2023
TOYOTA,TACOMA,2024
TOYOTA,TACOMA,2025
TOYOTA,TACOMA HYBRID,2024
TOYOTA,TACOMA HYBRID,2025
TOYOTA,TUNDRA,2000
TOYOTA,TUNDRA,2001
TOYOTA,TUNDRA,2002
TOYOTA,TUNDRA,2003
TOYOTA,TUNDRA,2004
TOYOTA,TUNDRA,2005
TOYOTA,TUNDRA,2006
TOYOTA,TUNDRA,2007
TOYOTA,TUNDRA,2008
TOYOTA,TUNDRA,2009
TOYOTA,TUNDRA,2010
TOYOTA,TUNDRA,2011
TOYOTA,TUNDRA,2012
TOYOTA,TUNDRA,2013
TOYOTA,TUNDRA,2014
TOYOTA,TUNDRA,2015
TOYOTA,TUNDRA,2016
TOYOTA,TUNDRA,2017
TOYOTA,TUNDRA,2018
TOYOTA,TUNDRA,2019
TOYOTA,TUNDRA,2020
TOYOTA,TUNDRA,2021
TOYOTA,TUNDRA,2022
TOYOTA,TUNDRA,2023
TOYOTA,TUNDRA,2024
TOYOTA,TUNDRA,2025
TOYOTA,TUNDRA HYBRID,2022
TOYOTA,TUNDRA HYBRID,2023
TOYOTA,TUNDRA HYBRID,2024
TOYOTA,TUNDRA HYBRID,2025
TOYOTA,VENZA,2008
TOYOTA,VENZA,2009
TOYOTA,VENZA,2010
TOYOTA,VENZA,2011
TOYOTA,VENZA,2012
TOYOTA,VENZA,2013
TOYOTA,VENZA,2014
TOYOTA,VENZA,2015
TOYOTA,VENZA,2016
TOYOTA,VENZA,2022
TOYOTA,VENZA,2023
TOYOTA,VENZA,2024
TOYOTA,VENZA,2025
TOYOTA,VENZA HYBRID,2021
TOYOTA,VENZA HYBRID,2022
TOYOTA,VENZA HYBRID,2023
TOYOTA,VENZA HYBRID,2024
TOYOTA,YARIS,2001
TOYOTA,YARIS,2002
TOYOTA,YARIS,2003
TOYOTA,YARIS,2004
TOYOTA,YARIS,2005
TOYOTA,YARIS,2006
TOYOTA,YARIS,2007
TOYOTA,YARIS,2008
TOYOTA,YARIS,2009
TOYOTA,YARIS,2010
TOYOTA,YARIS,2011
TOYOTA,YARIS,2012
TOYOTA,YARIS,2013
TOYOTA,YARIS,2014
TOYOTA,YARIS,2015
TOYOTA,YARIS,2016
TOYOTA,YARIS,2017
TOYOTA,YARIS,2018
TOYOTA,YARIS,2019
TOYOTA,YARIS,2020
TOYOTA,YARIS,2023
LEXUS,RZ,2025
LEXUS,ES HYBRID,2020
LEXUS,ES HYBRID,2019
LEXUS,UX,2021
TOYOTA,CELICA,2000
TOYOTA,CELICA,2001
TOYOTA,CELICA,2002
TOYOTA,CELICA,2003
TOYOTA,CELICA,2004
TOYOTA,CELICA,2005
TOYOTA,CELICA,2006
TOYOTA,ECHO,2000
TOYOTA,ECHO,2001
TOYOTA,ECHO,2002
TOYOTA,ECHO,2003
TOYOTA,ECHO,2004
TOYOTA,ECHO,2005
TOYOTA,ECHO,2006
TOYOTA,ECHO,2007
TOYOTA,ECHO,2008
TOYOTA,PREVIA,2000
TOYOTA,PREVIA,2001
TOYOTA,CAMRY SOLARA,2000
TOYOTA,CAMRY SOLARA,2001
TOYOTA,CAMRY SOLARA,2002
TOYOTA,CAMRY SOLARA,2003
TOYOTA,CAMRY SOLARA,2004
TOYOTA,CAMRY SOLARA,2005
TOYOTA,CAMRY SOLARA,2006
TOYOTA,CAMRY SOLARA,2007
TOYOTA,CAMRY SOLARA,2008
TOYOTA,CAMRY SOLARA,2009
TOYOTA,CAMRY SOLARA,2010
TOYOTA,PRIUS PLUG-IN HYBRID,2025
LEXUS,TX HYBRID,2025
LEXUS,TX,2025
LEXUS,NX HYBRID,2023
LEXUS,ES HYBRID,2022
LEXUS,ES HYBRID,2023
LEXUS,ES HYBRID,2024
LEXUS,ES HYBRID,2025
LEXUS,LC HYBRID,2018
LEXUS,LC HYBRID,2019
LEXUS,LC HYBRID,2020
LEXUS,LC HYBRID,2021
LEXUS,LC HYBRID,2022
LEXUS,LC HYBRID,2023
LEXUS,LC HYBRID,2024
LEXUS,LC HYBRID,2025
LEXUS,LS HYBRID,2018
LEXUS,LS HYBRID,2019
LEXUS,LS HYBRID,2020
LEXUS,LS HYBRID,2021
LEXUS,LS HYBRID,2022
LEXUS,LS HYBRID,2023
LEXUS,LS HYBRID,2024
LEXUS,LS HYBRID,2025
LEXUS,NX HYBRID,2022
LEXUS,NX HYBRID,2024
LEXUS,NX HYBRID,2025
LEXUS,UX HYBRID,2019
LEXUS,UX HYBRID,2020
LEXUS,UX HYBRID,2021
LEXUS,UX HYBRID,2022
LEXUS,UX HYBRID,2023
LEXUS,UX HYBRID,2024
LEXUS,UX HYBRID,2025
LEXUS,RX HYBRID,2025
LEXUS,RX,2025
LEXUS,NX,2022
LEXUS,NX,2023
LEXUS,NX,2024
LEXUS,RZ,2024
HYUNDAI,XCIENT,2024
JEEP,RENEGADE,2016
JEEP,RENEGADE,2017
JEEP,RENEGADE,2018
RAM,1500,2014
RAM,1500,2015
JEEP,WRANGLER,2014
JEEP,WRANGLER,2015
FIAT,500X,2016
FIAT,500X,2017
FIAT,500X,2018
FIAT,500X,2019
FIAT,500X,2020
FIAT,500X,2022
DODGE,CHARGER,2019
JEEP,COMPASS,2017
JEEP,COMPASS,2018
JEEP,COMPASS,2019
CHRYSLER,PACIFICA PLUG-IN HYBRID,2024
JEEP,COMPASS,2020
CHRYSLER,PACIFICA PLUG-IN HYBRID,2017
CHRYSLER,PACIFICA PLUG-IN HYBRID,2018
CHRYSLER,PACIFICA PLUG-IN HYBRID,2019
CHRYSLER,PACIFICA PLUG-IN HYBRID,2020
CHRYSLER,PACIFICA PLUG-IN HYBRID,2022
CHRYSLER,PACIFICA PLUG-IN HYBRID,2021
CHRYSLER,PACIFICA PLUG-IN HYBRID,2023
CHRYSLER,200,2015
RAM,PROMASTER,2020
RAM,PROMASTER,2021
JEEP,GRAND CHEROKEE,2016
JEEP,GRAND CHEROKEE,2017
JEEP,GRAND CHEROKEE,2018
JEEP,GRAND CHEROKEE,2019
JEEP,GRAND CHEROKEE,2020
DODGE,DURANGO,2014
DODGE,DURANGO,2016
DODGE,DURANGO,2017
DODGE,DURANGO,2018
DODGE,DURANGO,2019
DODGE,DURANGO,2020
JEEP,CHEROKEE,2014
FORD,EXPLORER POLICE INTERCEPT,2023
MERCEDES-MAYBACH,S 680,2024
MERCEDES-MAYBACH,S 580,2024
MERCEDES-BENZ,S 580,2024
MERCEDES-BENZ,AMG C43,2023
MERCEDES-BENZ,E 350,2025
MERCEDES-BENZ,E 350 4MATIC,2025
MERCEDES-BENZ,E 450 4MATIC,2025
MERCEDES-BENZ,E 450 4MATIC ALL-TERRAIN,2025
MERCEDES-BENZ,redundant EQS 450,2024
MERCEDES-BENZ,AMG SL43,2024
MERCEDES-BENZ,redundant EQS 450,2023
MERCEDES-BENZ,EQS 450+,2024
MERCEDES-BENZ,EQS 450+,2023
MERCEDES-BENZ,EQS SUV 580 4MATIC,2023
MERCEDES-BENZ,AMG EQE SUV 4MATIC,2024
MERCEDES-BENZ,EQE SUV 500 4MATIC,2024
MERCEDES-BENZ,EQE 350+,2023
MERCEDES-BENZ,EQE 350+,2024
MERCEDES-BENZ,AMG SL63,2023
MERCEDES-BENZ,AMG SL63 S E,2024
MERCEDES-BENZ,AMG GT55,2024
MERCEDES-BENZ,AMG GT63,2024
MERCEDES-BENZ,EQE SUV 350+,2023
MERCEDES-BENZ,AMG EQE,2024
MERCEDES-BENZ,EQE SUV 500 4MATIC,2023
MERCEDES-BENZ,redundant EQE 350 4MATIC,2023
MERCEDES-BENZ,redundant EQE 350,2024
MERCEDES-BENZ,AMG SL43,2023
MERCEDES-BENZ,EQS SUV 450 4MATIC,2023
MERCEDES-BENZ,AMG SL55,2022
MERCEDES-BENZ,AMG SL55,2023
MERCEDES-BENZ,AMG SL55,2024
MERCEDES-BENZ,AMG SL63,2022
MERCEDES-BENZ,EQE 350 4MATIC,2024
MERCEDES-BENZ,EQE SUV 350 4MATIC,2024
MERCEDES-BENZ,EQE SUV 350 4MATIC,2023
MERCEDES-BENZ,EQE SUV 350+,2024
MERCEDES-BENZ,EQE 500,2023
MERCEDES-BENZ,EQE 500,2024
MERCEDES-BENZ,AMG EQE,2023
MERCEDES-BENZ,EQS SUV 450+,2023
MERCEDES-BENZ,AMG EQS,2024
MERCEDES-BENZ,AMG EQS,2023
MERCEDES-BENZ,EQS 580,2024
MERCEDES-BENZ,EQS 580,2023
MERCEDES-BENZ,E300,2017
MERCEDES-BENZ,E 300,2018
MERCEDES-BENZ,E 300,2019
MERCEDES-BENZ,E400,2017
MERCEDES-BENZ,E 400,2018
MERCEDES-BENZ,E 450,2019
MERCEDES-BENZ,GLS 550,2019
MERCEDES-BENZ,AMG GLS63,2019
MERCEDES-BENZ,AMG GLS63,2020
MERCEDES-BENZ,AMG GLS63E,2023
MERCEDES-BENZ,GLS 600,2023
MERCEDES-BENZ,AMG GLE63S,2018
MERCEDES-BENZ,AMG GLE63,2021
MERCEDES-BENZ,AMG GLE63,2022
MERCEDES-BENZ,AMG GLE63,2023
MERCEDES-BENZ,AMG GLE63,2024
MERCEDES-BENZ,AMG E43,2017
MERCEDES-BENZ,AMG E43,2018
MERCEDES-BENZ,AMG E63S,2018
MERCEDES-BENZ,AMG E63S,2019
MERCEDES-BENZ,AMG E63S,2022
MERCEDES-BENZ,AMG GLB35,2020
MERCEDES-BENZ,AMG GT63S,2019
MERCEDES-BENZ,AMG GT63,2019
MERCEDES-BENZ,AMG G63,2018
MERCEDES BENZ,G500,2005
MERCEDES BENZ,G500,2003
MERCEDES BENZ,G500,2007
MERCEDES BENZ,G500,2002
MERCEDES BENZ,G500,2004
MERCEDES BENZ,G500,2006
MERCEDES BENZ,G500,2008
MERCEDES-BENZ,G500,2010
MERCEDES-BENZ,G550,2011
MERCEDES-BENZ,G550,2010
MERCEDES BENZ,G550,2009
MERCEDES-BENZ,G550,2014
MERCEDES-BENZ,G550,2016
MERCEDES-BENZ,G550,2013
MERCEDES-BENZ,G550,2015
MERCEDES-BENZ,G550,2017
MERCEDES-BENZ,G550,2018
MERCEDES-BENZ,G 550,2019
MERCEDES-BENZ,G 550,2020
MERCEDES-BENZ,G 550,2023
MERCEDES-BENZ,G 550,2024
MERCEDES BENZ,G55,2004
MERCEDES BENZ,G55,2005
MERCEDES BENZ,G55,2006
MERCEDES BENZ,G55,2007
MERCEDES BENZ,G55,2003
MERCEDES-BENZ,AMG G55,2011
MERCEDES BENZ,G55,2008
MERCEDES BENZ,G55,2009
MERCEDES-BENZ,G55,2010
MERCEDES-BENZ,G63,2016
MERCEDES-BENZ,G63,2015
MERCEDES-BENZ,G63,2013
MERCEDES-BENZ,G63,2014
MERCEDES-BENZ,G63,2017
MERCEDES-BENZ,AMG G63,2016
MERCEDES-BENZ,AMG G63,2015
MERCEDES-BENZ,AMG G63,2014
MERCEDES-BENZ,AMG G63,2013
MERCEDES-BENZ,AMG G63,2017
MERCEDES-BENZ,AMG E63,2018
MERCEDES-BENZ,AMG E63,2019
MERCEDES-BENZ,AMG E63,2021
MERCEDES-BENZ,AMG E63,2020
MERCEDES-BENZ,AMG E63,2023
MERCEDES-BENZ,AMG C43,2020
MERCEDES-BENZ,AMG C43,2022
MERCEDES-BENZ,AMG C43,2021
ALTEC,DIGGER DERRICK,2019
ALTEC,DIGGER DERRICK,2024
ALTEC,DIGGER DERRICK,2021
ALTEC,DIGGER DERRICK,2023
ALTEC,DIGGER DERRICK,2020
ALTEC,DIGGER DERRICK,2022
ACURA,RDX,2020
ACURA,RDX,2019
ACURA,RDX,2021
ACURA,RDX,2023
ACURA,RDX,2024
ACURA,RDX,2022
ACURA,TLX,2022
ACURA,TLX,2023
ACURA,TLX,2021
ACURA,MDX,2024
ACURA,MDX,2023
ACURA,MDX,2022
ACURA,MDX TYPE S,2024
ACURA,MDX TYPE S,2023
ACURA,MDX TYPE S,2022
HYUNDAI,SANTA FE,2021
HYUNDAI,TUCSON,2023
HYUNDAI,SANTA CRUZ,2022
HYUNDAI,SANTA FE,2022
HYUNDAI,TUCSON,2022
GENESIS,G80,2017
GENESIS,G90,2017
JEEP,GRAND CHEROKEE L,2024
JEEP,GRAND CHEROKEE L,2022
JEEP,WRANGLER 4XE,2021
JEEP,WRANGLER 4XE,2022
JEEP,WRANGLER 4XE,2024
JEEP,WRANGLER 4XE,2023
JEEP,GRAND CHEROKEE L,2023
MERCEDES-BENZ,GLE 350 E,2021
MERCEDES-BENZ,AMG SL43,2022
MERCEDES-BENZ,AMG S63,2021
MERCEDES-BENZ,GLE 350 E,2022
MERCEDES-BENZ,C 300,2021
MERCEDES-BENZ,AMG C63,2020
MERCEDES-BENZ,AMG C63 S,2020
MERCEDES-BENZ,AMG C63,2021
MERCEDES-BENZ,AMG C63 S,2021
MERCEDES-BENZ,AMG C63 S,2022
MERCEDES-BENZ,AMG C63 S,2023
MERCEDES-BENZ,AMG C63 S E,2023
MERCEDES-BENZ,AMG EQS 53 4MATIC,2024
MERCEDES-BENZ,AMG EQS 53 4MATIC,2023
MERCEDES-BENZ,AMG EQS 53,2023
MERCEDES-BENZ,EQE SUV 350+,2025
MERCEDES-BENZ,EQE SUV 350 4MATIC,2025
RAM,PROMASTER,2019
INTERNATIONAL,HV,2024
INTERNATIONAL,MV,2024
INTERNATIONAL,HX,2024
IC BUS,EVSB,2024
INTERNATIONAL,EMV,2024
IC BUS,CESB,2024
LINCOLN,NAUTILUS,2025
FORD,EXPLORER,2025
FORD,EXPLORER,2024
FORD,F-150,2018
FORD,EDGE,2018
FORD,EDGE,2023
FORD,EDGE,2022
FORD,EDGE,2021
FORD,EDGE,2024
FORD,ESCAPE,2024
FORD,ESCAPE,2025
KARMA,REVERO GS-6,2021
KARMA,REVERO GT,2021
KARMA,REVERO GTS,2020
KARMA,REVERO GT,2020
KARMA,REVERO GTS,2022
KARMA,REVERO GTS,2021
KARMA,REVERO GT,2022
KARMA,REVERO GS-6,2022
KARMA,REVERO,2018
KARMA,REVERO,2019
KARMA,REVERO,2022
KARMA,REVERO GS-6,2020
KARMA,REVERO,2021
KARMA,REVERO,2020
FRONTLINE,C-25,2019
FRONTLINE,C-45X-3,2018
FRONTLINE,C-45X-3,2019
FRONTLINE,ENCORE RESCUE,2018
FRONTLINE,ENCORE RESCUE,2019
PIERCE,IMPEL,2019
PIERCE,TANKER,2019
PIERCE,ARROW XT,2011
PIERCE,COMMERCIAL,2011
PIERCE,CUSTOM CONTENDER,2011
PIERCE,ARROW XT,2018
PIERCE,DASH,2011
PIERCE,IMPEL,2011
PIERCE,QUANTUM,2011
PIERCE,SABER,2011
PIERCE,VELOCITY,2011
PIERCE,ARROW XT,2012
PIERCE,COMMERCIAL,2012
PIERCE,IMPEL,2012
PIERCE,QUANTUM,2012
PIERCE,SABER,2012
PIERCE,VELOCITY,2012
PIERCE,DASH CF,2011
PIERCE,DASH CF,2012
PIERCE,ARROW XT,2013
PIERCE,COMMERCIAL,2013
PIERCE,DASH CF,2013
PIERCE,IMPEL,2013
PIERCE,QUANTUM,2013
PIERCE,SABER,2013
PIERCE,VELOCITY,2013
PIERCE,ARROW XT,2014
PIERCE,IMPEL,2014
PIERCE,QUANTUM,2014
PIERCE,SABER,2014
PIERCE,VELOCITY,2014
PIERCE,ENFORCER,2014
PIERCE,ARROW XT,2015
PIERCE,COMMERCIAL,2015
PIERCE,ENFORCER,2015
PIERCE,IMPEL,2015
PIERCE,QUANTUM,2015
PIERCE,SABER,2015
PIERCE,VELOCITY,2015
PIERCE,DASH CF,2014
PIERCE,DASH CF,2015
PIERCE,DASH,2012
PIERCE,DASH,2013
PIERCE,DASH,2014
PIERCE,DASH,2015
PIERCE,ARROW XT,2016
PIERCE,COMMERCIAL,2016
PIERCE,DASH,2016
PIERCE,ENFORCER,2016
PIERCE,IMPEL,2016
PIERCE,QUANTUM,2016
PIERCE,SABER,2016
PIERCE,VELOCITY,2016
PIERCE,ARROW XT,2017
PIERCE,COMMERCIAL,2017
PIERCE,DASH,2017
PIERCE,ENFORCER,2017
PIERCE,QUANTUM,2017
PIERCE,VELOCITY,2017
PIERCE,SABER,2017
PIERCE,QUANTUM,2024
PIERCE,SABER,2024
PIERCE,ARROW XT,2024
PIERCE,ENFORCER,2024
PIERCE,IMPEL,2024
PIERCE,VELOCITY,2024
PIERCE,COMMERCIAL,2024
PIERCE,COMMERCIAL,2023
FRONTLINE,VELOCITY,2022
FRONTLINE,IMPEL,2022
PIERCE,QUANTUM,2023
PIERCE,SABER,2023
PIERCE,INTERNATIONAL,2024
PIERCE,INTERNATIONAL,2023
PIERCE,INTERNATIONAL,2022
PIERCE,INTERNATIONAL,2021
PIERCE,INTERNATIONAL,2020
PIERCE,FREIGHTLINER,2024
PIERCE,FREIGHTLINER,2023
PIERCE,FREIGHTLINER,2022
PIERCE,FREIGHTLINER,2021
PIERCE,FREIGHTLINER,2020
PIERCE,ARROW XT,2022
PIERCE,LADDER AND PLATFORM,2022
PIERCE,LADDER AND PLATFORM,2021
PIERCE,LADDER AND PLATFORM,2020
PIERCE,LADDER AND PLATFORM,2019
PIERCE,LADDER AND PLATFORM,2018
PIERCE,LADDER AND PLATFORM,2017
PIERCE,LADDER AND PLATFORM,2016
PIERCE,ENFORCER,2023
PIERCE,IMPEL,2023
PIERCE,VELOCITY,2023
PIERCE,ARROW XT,2023
PIERCE,SABER,2022
PIERCE,DASH CF,2020
PIERCE,DASH CF,2019
PIERCE,DASH CF,2018
PIERCE,DASH CF,2017
PIERCE,F550,2022
PIERCE,M2-112,2022
PIERCE,M2-106,2022
PIERCE,DASH CF,2021
PIERCE,DASH CF,2022
PIERCE,QUANTUM,2022
PIERCE,SABER,2018
PIERCE,ENFORCER,2022
PIERCE,IMPEL,2022
PIERCE,VELOCITY,2022
PIERCE,SABER,2019
PIERCE,SABER,2020
PIERCE,VELOCITY,2021
PIERCE,SABER,2021
PIERCE,QUANTUM,2021
PIERCE,IMPEL,2021
PIERCE,ENFORCER,2021
PIERCE,ARROW XT,2021
PIERCE,FREIGHTLINER,2018
PIERCE,FREIGHTLINER,2017
PIERCE,FREIGHTLINER,2016
PIERCE,QUANTUM,2020
PIERCE,DASH,2020
PIERCE,VELOCITY,2020
PIERCE,IMPEL,2020
PIERCE,ENFORCER,2020
PIERCE,ARROW XT,2020
PIERCE,PUMPER,2019
PIERCE,VELOCITY,2019
PIERCE,QUANTUM,2019
PIERCE,ENFORCER,2019
PIERCE,DASH,2019
PIERCE,ARROW XT,2019
PIERCE,FIRE TRUCK,2001
PIERCE,CONTENDER,2001
PIERCE,CUSTOM CHASSIS,2002
MEDTEC,AMBULANCE,2001
MEDTEC,AMBULANCE,2002
MEDTEC,AMBULANCE,2003
PIERCE,CUSTOM CHASSIS,2001
PIERCE,CUSTOM CHASSIS,2003
PIERCE,CUSTOM CONTENDER,2001
PIERCE,SABER,2001
PIERCE,KENWORTH,2003
PIERCE,CUSTOM CHASSIS,2004
PIERCE,SABER,2004
PIERCE,QUANTUM,2001
PIERCE,QUANTUM,2002
PIERCE,QUANTUM,2003
PIERCE,QUANTUM,2004
PIERCE,DASH,2001
PIERCE,DASH,2002
PIERCE,QUANTUM,2018
PIERCE,DASH,2003
PIERCE,DASH,2004
PIERCE,LANCE,2001
PIERCE,LANCE,2002
PIERCE,LANCE,2003
PIERCE,LANCE,2004
PIERCE,ENFORCER,2001
PIERCE,ENFORCER,2002
PIERCE,ENFORCER,2003
PIERCE,ENFORCER,2004
PIERCE,ARROW XT,2004
PIERCE,ARROW XT,2005
PIERCE,ENFORCER,2005
PIERCE,LANCE,2005
PIERCE,DASH,2005
PIERCE,QUANTUM,2005
PIERCE,SABER,2002
PIERCE,ARROW XT,2002
PIERCE,ARROW XT,2003
PIERCE,SABER,2003
PIERCE,SABER,2005
PIERCE,ENFORCER,2006
PIERCE,SABER,2006
PIERCE,CUSTOM CHASSIS,2005
PIERCE,CUSTOM CHASSIS,2006
PIERCE,ARROW XT,2007
PIERCE,DASH,2007
PIERCE,ENFORCER,2007
PIERCE,LANCE,2007
PIERCE,QUANTUM,2007
PIERCE,SABER,2007
PIERCE,VELOCITY,2007
PIERCE,IMPEL,2007
PIERCE,ARROW XT,2008
PIERCE,DASH,2008
PIERCE,ENFORCER,2008
PIERCE,IMPEL,2008
PIERCE,LANCE,2008
PIERCE,QUANTUM,2008
PIERCE,SABER,2008
PIERCE,VELOCITY,2008
PIERCE,ARROW XT,2009
PIERCE,CUSTOM CONTENDER,2009
PIERCE,CUSTOM CONTENDER,2008
PIERCE,QUANTUM,2009
PIERCE,SABER,2009
PIERCE,VELOCITY,2009
PIERCE,IMPEL,2009
PIERCE,75' ALUMINUM LADDER,2003
PIERCE,75' ALUMINUM LADDER,2004
PIERCE,75' ALUMINUM LADDER,2005
PIERCE,75' ALUMINUM LADDER,2006
PIERCE,75' ALUMINUM LADDER,2007
PIERCE,75' ALUMINUM LADDER,2008
PIERCE,75' ALUMINUM LADDER,2009
PIERCE,PUC PUMPER,2009
PIERCE,PUC PUMPER,2008
PIERCE,PUC PUMPER,2007
PIERCE,PUC PUMPER,2006
PIERCE,PUC PUMPER,2005
PIERCE,PUC PUMPER,2004
PIERCE,PUC PUMPER,2003
PIERCE,REAR MOUNT PUMPER,2003
PIERCE,REAR MOUNT PUMPER,2004
PIERCE,REAR MOUNT PUMPER,2005
PIERCE,REAR MOUNT PUMPER,2006
PIERCE,REAR MOUNT PUMPER,2007
PIERCE,REAR MOUNT PUMPER,2008
PIERCE,ENFORCER,2018
PIERCE,REAR MOUNT PUMPER,2009
PIERCE,DASH,2009
PIERCE,ARROW XT,2006
PIERCE,DASH,2006
PIERCE,LANCE,2006
PIERCE,QUANTUM,2006
PIERCE,VELOCITY,2006
PIERCE,LANCE,2009
PIERCE,DASH,2010
PIERCE,LANCE,2010
PIERCE,ARROW XT,2010
PIERCE,QUANTUM,2010
PIERCE,VELOCITY,2010
PIERCE,CUSTOM CONTENDER,2003
PIERCE,CUSTOM CONTENDER,2004
PIERCE,CUSTOM CONTENDER,2005
PIERCE,CUSTOM CONTENDER,2006
PIERCE,CUSTOM CONTENDER,2007
PIERCE,ENFORCER,2009
PIERCE,VELOCITY,2003
PIERCE,VELOCITY,2004
PIERCE,VELOCITY,2005
PIERCE,DASH,2018
PIERCE,IMPEL,2003
PIERCE,IMPEL,2004
PIERCE,IMPEL,2005
PIERCE,IMPEL,2006
PIERCE,ENFORCER,2010
PIERCE,IMPEL,2010
PIERCE,PIERCE,2009
PIERCE,PIERCE,2010
PIERCE,ARROW XT,2001
PIERCE,IMPEL,2002
PIERCE,IMPEL,2001
PIERCE,VELOCITY,2002
PIERCE,VELOCITY,2001
PIERCE,CUSTOM CONTENDER,2010
PIERCE,SABER,2010
PIERCE,PIERCE,2002
PIERCE,ARROW,2001
PIERCE,CUSTOM CONTENDER,2002
PIERCE,ARROW,2002
PIERCE,ARROW,2003
PIERCE,ARROW,2004
PIERCE,ARROW,2005
PIERCE,ARROW,2006
PIERCE,ARROW,2007
PIERCE,ARROW,2008
PIERCE,COMMERCIAL,2001
PIERCE,COMMERCIAL,2002
PIERCE,COMMERCIAL,2003
PIERCE,COMMERCIAL,2004
PIERCE,COMMERCIAL,2005
PIERCE,COMMERCIAL,2006
PIERCE,COMMERCIAL,2007
PIERCE,COMMERCIAL,2008
PIERCE,DASH CF,2010
PIERCE,CONTENDER BIG BLOCK,2010
PIERCE,CONTENDER BIG BLOCK,2011
PIERCE,CONTENDER BIG BLOCK,2012
PIERCE,ARROW,2013
PIERCE,DASH CF,2007
PIERCE,DASH CF,2008
PIERCE,DASH CF,2009
OSHKOSH,AMAMTH-2,2008
PIERCE,COMMERCIAL,2009
PIERCE,COMMERCIAL,2010
PIERCE,ENFORCER,2011
PIERCE,COMMERCIAL,2018
PIERCE,ENFORCER,2012
PIERCE,ENFORCER,2013
PIERCE,DASH CF,2016
PIERCE,PUMPER,2015
PIERCE,PUMPER,2016
PIERCE,TANKER,2016
PIERCE,TANKER,2015
PIERCE,IMPEL,2017
PIERCE,IMPEL,2018
FRONTLINE,C-35X,2018
FRONTLINE,C-35X,2019
FRONTLINE,C-25,2018
PIERCE,VELOCITY,2018
KIA,SPORTAGE HYBRID,2025
KIA,SPORTAGE PHEV,2023
KIA,SPORTAGE HYBRID,2024
KIA,SPORTAGE PHEV,2024
JEEP,GRAND CHEROKEE L,2021
CHRYSLER,PACIFICA PLUG-IN HYBRID,2025
KIA,SELTOS,2023
MERCEDES-BENZ,CL63,2012
MERCEDES-BENZ,AMG S63,2014
MERCEDES-BENZ,S63,2015
MERCEDES-BENZ,AMG S63,2016
MERCEDES-BENZ,AMG S63,2017
MERCEDES-BENZ,S63,2017
MERCEDES-BENZ,GL63,2015
MERCEDES-BENZ,GL63,2016
MERCEDES-BENZ,AMG GLA45,2016
MERCEDES-BENZ,AMG GLA45,2015
MERCEDES-BENZ,AMG GLA45,2017
MERCEDES-BENZ,AMG GLA45,2018
MERCEDES-BENZ,AMG GLA45,2019
MERCEDES-BENZ,S63,2010
MERCEDES-BENZ,S63,2011
MERCEDES-BENZ,S63,2012
MERCEDES-BENZ,AMG S63,2013
MERCEDES-BENZ,S63,2014
MERCEDES-BENZ,AMG S63,2015
MERCEDES-BENZ,S63,2016
MERCEDES-BENZ,AMG GT,2017
MERCEDES-BENZ,AMG GT,2018
MERCEDES-BENZ,AMG GT,2019
MERCEDES-BENZ,AMG GT,2020
MERCEDES-BENZ,AMG GT,2021
MERCEDES-BENZ,AMG GT R,2018
MERCEDES-BENZ,AMG GT R,2019
MERCEDES-BENZ,AMG GT R,2020
MERCEDES-BENZ,AMG GT S,2016
MERCEDES-BENZ,AMG GT S,2017
MERCEDES-BENZ,AMG GT S,2018
MERCEDES-BENZ,AMG GT S,2019
MERCEDES-BENZ,AMG C63,2015
MERCEDES-BENZ,AMG C63,2012
MERCEDES-BENZ,AMG C63,2013
MERCEDES-BENZ,AMG C63,2017
MERCEDES-BENZ,C63S AMG,2017
MERCEDES-BENZ,AMG C63,2014
MERCEDES-BENZ,AMG C63,2016
MERCEDES-BENZ,AMG C63,2018
MERCEDES-BENZ,AMG C63S,2016
MERCEDES-BENZ,AMG C63S,2015
MERCEDES-BENZ,AMG C63S,2018
MERCEDES-BENZ,AMG C63,2010
MERCEDES-BENZ,AMG C63,2019
MERCEDES-BENZ,AMG C63 S,2019
MERCEDES-BENZ,AMG C63,2011
MERCEDES BENZ,REDUNDANT C63 AMG,2015
MERCEDES-BENZ,CL600,2010
MERCEDES-BENZ,CL600,2011
MERCEDES-BENZ,CL600,2012
MERCEDES-BENZ,CL600,2013
MERCEDES-BENZ,CL600,2014
MERCEDES-BENZ,CL63,2010
MERCEDES-BENZ,CL63,2011
MERCEDES-BENZ,AMG CLS63,2011
MERCEDES-BENZ,CL63,2013
MERCEDES-BENZ,CL63,2014
MERCEDES-BENZ,AMG CLS63,2010
MERCEDES-BENZ,CL65,2010
MERCEDES-BENZ,CL65,2011
MERCEDES-BENZ,CL65,2012
MERCEDES-BENZ,CL65,2013
MERCEDES-BENZ,CL65,2014
MERCEDES-BENZ,AMG CLA45,2015
MERCEDES-BENZ,AMG CLA45,2014
MERCEDES-BENZ,AMG CLA45,2016
MERCEDES-BENZ,AMG CLA45,2017
MERCEDES-BENZ,AMG CLA45,2018
MERCEDES-BENZ,AMG CLA45,2019
MERCEDES-BENZ,CLS63,2013
MERCEDES-BENZ,CLS63,2014
MERCEDES-BENZ,CLS63,2015
MERCEDES-BENZ,CLS63,2012
MERCEDES-BENZ,CLS63S,2014
MERCEDES-BENZ,CLS63S,2015
MERCEDES-BENZ,CLS 63S,2016
MERCEDES-BENZ,AMG CLS63,2017
MERCEDES-BENZ,AMG CLS63,2018
MERCEDES-BENZ,E63,2013
MERCEDES-BENZ,E63,2015
MERCEDES-BENZ,E63,2014
MERCEDES-BENZ,E63,2016
MERCEDES-BENZ,E63,2010
MERCEDES-BENZ,E63,2011
MERCEDES-BENZ,E63,2012
MERCEDES-BENZ,AMG E63S,2015
MERCEDES-BENZ,AMG E63S,2014
MERCEDES-BENZ,AMG E63S,2013
MERCEDES-BENZ,AMG E63,2022
MERCEDES-BENZ,GL63,2013
MERCEDES-BENZ,GL63,2014
MERCEDES-BENZ,AMG ML63,2012
MERCEDES-BENZ,AMG ML63,2013
MERCEDES-BENZ,AMG ML63,2014
MERCEDES-BENZ,ML63,2010
MERCEDES-BENZ,AMG ML63,2010
MERCEDES-BENZ,S600,2010
MERCEDES-BENZ,S600,2013
MERCEDES-BENZ,S600,2011
MERCEDES-BENZ,S600,2012
MERCEDES-BENZ,AMG ML63,2011
MERCEDES-BENZ,AMG ML63,2015
MERCEDES-BENZ,S65,2011
MERCEDES-BENZ,S65,2012
MERCEDES-BENZ,AMG S63,2020
MERCEDES-BENZ,AMG S63,2019
MERCEDES-BENZ,AMG S65,2015
MERCEDES-BENZ,AMG S65,2016
MERCEDES-BENZ,S65 AMG,2017
MERCEDES-BENZ,AMG S65,2017
MERCEDES-BENZ,S65,2010
MERCEDES-BENZ,S65,2013
MERCEDES-BENZ,AMG GLE63,2016
MERCEDES-BENZ,GLE63S,2016
MERCEDES-BENZ,AMG GLE63,2020
MERCEDES-BENZ,GLE63S,2017
MERCEDES-BENZ,AMG GLE63,2019
MERCEDES-BENZ,AMG GLE63,2018
MERCEDES-BENZ,AMG GLE63,2017
MERCEDES-BENZ,AMG GLS63,2017
MERCEDES-BENZ,AMG GLS63,2018
MERCEDES-BENZ,AMG SL65,2018
MERCEDES-BENZ,SLK55 AMG,2016
MERCEDES-BENZ,ML63,2011
MERCEDES-BENZ,SL65,2015
MERCEDES-BENZ,AMG SL65,2017
MERCEDES-BENZ,SLK55,2014
MERCEDES-BENZ,AMG SLK55,2013
MERCEDES-BENZ,SLS,2014
MERCEDES-BENZ,AMG SLK55,2015
MERCEDES-BENZ,SLS,2013
MERCEDES-BENZ,SL65,2014
MERCEDES-BENZ,SL63,2015
MERCEDES-BENZ,SL65,2013
MERCEDES-BENZ,AMG S65,2020
MERCEDES-MAYBACH,S 650,2019
MERCEDES-MAYBACH,S650,2017
MERCEDES-BENZ,SL63,2013
MERCEDES-BENZ,SL63,2014
MERCEDES-BENZ,SL63,2017
MERCEDES-BENZ,AMG SL63,2018
MERCEDES-BENZ,AMG SL63,2019
MERCEDES-BENZ,AMG S65,2019
MERCEDES-BENZ,AMG SL63,2016
MERCEDES-BENZ,AMG SL63,2020
KIA,EV9,2025
KIA,EV9,2024
GMC,SIERRA 2500,2005
CHEVROLET,C4500,2004
CHEVROLET,C4500,2005
CHEVROLET,C4500,2006
CHEVROLET,C4500,2007
CHEVROLET,C4500,2008
CHEVROLET,C4500,2009
CHEVROLET,C4500,2010
CHEVROLET,C5500,2004
CHEVROLET,C5500,2005
CHEVROLET,C5500,2006
CHEVROLET,C5500,2007
CHEVROLET,EXPRESS 4500,2009
CHEVROLET,EXPRESS 4500,2012
CHEVROLET,EXPRESS CUTAWAY VAN,2003
CHEVROLET,EXPRESS CUTAWAY VAN,2004
CHEVROLET,EXPRESS CUTAWAY VAN,2005
CHEVROLET,EXPRESS CUTAWAY VAN,2006
CHEVROLET,EXPRESS CUTAWAY VAN,2007
CHEVROLET,EXPRESS CUTAWAY VAN,2008
CHEVROLET,EXPRESS CUTAWAY VAN,2009
CHEVROLET,EXPRESS CUTAWAY VAN,2010
CHEVROLET,EXPRESS CUTAWAY VAN,2011
CHEVROLET,EXPRESS CUTAWAY VAN,2012
GMC,C4500,2004
GMC,C4500,2005
GMC,C4500,2006
GMC,C4500,2007
GMC,C4500,2009
GMC,C5500,2004
GMC,C5500,2005
GMC,C5500,2006
GMC,C5500,2007
GMC,C5500,2009
CHEVROLET,AVALANCHE,2007
CHEVROLET,AVALANCHE,2008
CHEVROLET,AVALANCHE,2009
CHEVROLET,AVALANCHE,2010
CHEVROLET,AVALANCHE,2011
CHEVROLET,AVALANCHE,2012
CHEVROLET,AVALANCHE 1500,2002
CHEVROLET,AVALANCHE 1500,2003
CHEVROLET,AVALANCHE 1500,2004
CHEVROLET,AVALANCHE 1500,2005
CHEVROLET,AVALANCHE 1500,2006
CHEVROLET,AVALANCHE 1500,2007
CHEVROLET,AVALANCHE 1500,2008
CHEVROLET,AVALANCHE 1500,2009
CHEVROLET,AVALANCHE 1500,2010
CHEVROLET,AVALANCHE 1500,2011
CHEVROLET,AVALANCHE 1500,2012
CHEVROLET,AVALANCHE 2500,2002
CHEVROLET,AVALANCHE 2500,2003
CHEVROLET,AVALANCHE 2500,2004
CHEVROLET,AVALANCHE 2500,2005
CHEVROLET,AVALANCHE 2500,2006
CHEVROLET,AVALANCHE 2500,2007
CHEVROLET,C4500,2003
CHEVROLET,C4500 NA,2008
CHEVROLET,C5500,2003
CHEVROLET,C5500,2008
CHEVROLET,EXPRESS,2001
CHEVROLET,EXPRESS,2002
CHEVROLET,EXPRESS,2003
CHEVROLET,EXPRESS,2004
CHEVROLET,EXPRESS,2005
CHEVROLET,EXPRESS,2006
CHEVROLET,EXPRESS,2007
CHEVROLET,EXPRESS,2008
CHEVROLET,EXPRESS,2009
CHEVROLET,EXPRESS,2010
CHEVROLET,EXPRESS,2011
CHEVROLET,EXPRESS,2012
CHEVROLET,EXPRESS 1500,2001
CHEVROLET,EXPRESS 1500,2002
CHEVROLET,EXPRESS 1500,2003
CHEVROLET,EXPRESS 1500,2004
CHEVROLET,EXPRESS 1500,2005
CHEVROLET,EXPRESS 1500,2006
CHEVROLET,EXPRESS 1500,2007
CHEVROLET,EXPRESS 1500,2008
CHEVROLET,EXPRESS 1500,2009
CHEVROLET,EXPRESS 1500,2010
CHEVROLET,EXPRESS 1500,2011
CHEVROLET,EXPRESS 1500,2012
CHEVROLET,EXPRESS 2500,2001
CHEVROLET,EXPRESS 2500,2002
CHEVROLET,EXPRESS 2500,2003
CHEVROLET,EXPRESS 2500,2004
CHEVROLET,EXPRESS 2500,2005
CHEVROLET,EXPRESS 2500,2006
CHEVROLET,EXPRESS 2500,2007
CHEVROLET,EXPRESS 2500,2008
CHEVROLET,EXPRESS 2500,2009
CHEVROLET,EXPRESS 2500,2010
CHEVROLET,EXPRESS 2500,2011
CHEVROLET,EXPRESS 2500,2012
CHEVROLET,EXPRESS 3500,2001
CHEVROLET,EXPRESS 3500,2002
CHEVROLET,EXPRESS 3500,2003
CHEVROLET,EXPRESS 3500,2004
CHEVROLET,EXPRESS 3500,2005
CHEVROLET,EXPRESS 3500,2006
CHEVROLET,EXPRESS 3500,2007
CHEVROLET,EXPRESS 3500,2008
CHEVROLET,EXPRESS 3500,2009
CHEVROLET,EXPRESS 3500,2010
CHEVROLET,EXPRESS 3500,2011
CHEVROLET,EXPRESS 3500,2012
CHEVROLET,SILVERADO 1500,2001
CHEVROLET,SILVERADO 1500,2002
CHEVROLET,SILVERADO 1500,2003
CHEVROLET,SILVERADO 1500,2004
CHEVROLET,SILVERADO 1500,2005
CHEVROLET,SILVERADO 1500,2006
CHEVROLET,SILVERADO 1500,2007
CHEVROLET,SILVERADO 1500,2008
CHEVROLET,SILVERADO 1500,2009
CHEVROLET,SILVERADO 1500,2010
CHEVROLET,SILVERADO 1500,2011
CHEVROLET,SILVERADO 1500,2012
CHEVROLET,SILVERADO 1500 HD,2001
CHEVROLET,SILVERADO 1500 HD,2002
CHEVROLET,SILVERADO 1500 HD,2003
CHEVROLET,SILVERADO 1500 HD,2004
CHEVROLET,SILVERADO 1500 HD,2005
CHEVROLET,redundant SILVERADO 2500,2001
CHEVROLET,SILVERADO 2500,2002
CHEVROLET,SILVERADO 2500,2003
CHEVROLET,SILVERADO 2500,2004
CHEVROLET,SILVERADO 2500,2005
CHEVROLET,SILVERADO 2500,2006
CHEVROLET,SILVERADO 2500,2007
CHEVROLET,SILVERADO 2500,2008
CHEVROLET,SILVERADO 2500,2009
CHEVROLET,SILVERADO 2500,2010
CHEVROLET,SILVERADO 2500,2011
CHEVROLET,SILVERADO 2500,2012
CHEVROLET,SILVERADO 2500,2001
CHEVROLET,SILVERADO 3500,2001
CHEVROLET,SILVERADO 3500,2002
CHEVROLET,SILVERADO 3500,2003
CHEVROLET,SILVERADO 3500,2004
CHEVROLET,SILVERADO 3500,2005
CHEVROLET,SILVERADO 3500,2006
CHEVROLET,SILVERADO 3500,2007
CHEVROLET,SILVERADO 3500,2008
CHEVROLET,SILVERADO 3500,2009
CHEVROLET,SILVERADO 3500,2010
CHEVROLET,SILVERADO 3500,2011
CHEVROLET,SILVERADO 3500,2012
CHEVROLET,SUBURBAN,2001
CHEVROLET,SUBURBAN,2002
CHEVROLET,SUBURBAN,2003
CHEVROLET,SUBURBAN,2004
CHEVROLET,SUBURBAN,2005
CHEVROLET,SUBURBAN,2006
CHEVROLET,SUBURBAN,2007
CHEVROLET,SUBURBAN,2008
CHEVROLET,SUBURBAN,2009
CHEVROLET,SUBURBAN,2010
CHEVROLET,SUBURBAN,2011
CHEVROLET,SUBURBAN,2012
CHEVROLET,SUBURBAN 1500,2001
CHEVROLET,SUBURBAN 1500,2002
CHEVROLET,SUBURBAN 1500,2003
CHEVROLET,SUBURBAN 1500,2004
CHEVROLET,SUBURBAN 1500,2005
CHEVROLET,SUBURBAN 1500,2006
CHEVROLET,SUBURBAN 1500,2007
CHEVROLET,SUBURBAN 1500,2008
CHEVROLET,SUBURBAN 1500,2009
CHEVROLET,SUBURBAN 1500,2010
CHEVROLET,SUBURBAN 1500,2011
CHEVROLET,SUBURBAN 2500,2001
CHEVROLET,SUBURBAN 2500,2002
CHEVROLET,SUBURBAN 2500,2003
CHEVROLET,SUBURBAN 2500,2004
CHEVROLET,SUBURBAN 2500,2005
CHEVROLET,SUBURBAN 2500,2006
CHEVROLET,SUBURBAN 2500,2008
CHEVROLET,SUBURBAN 2500,2009
CHEVROLET,SUBURBAN 2500,2010
CHEVROLET,SUBURBAN 2500,2011
GMC,C4500,2003
GMC,C4500,2008
GMC,C5500,2003
GMC,C5500,2008
GMC,EXPRESS,2001
GMC,EXPRESS,2002
GMC,EXPRESS,2009
GMC,SAVANA,2001
GMC,SAVANA,2002
GMC,SAVANA,2003
GMC,SAVANA,2004
GMC,SAVANA,2005
GMC,SAVANA,2006
GMC,SAVANA,2007
GMC,SAVANA,2008
GMC,SAVANA,2009
GMC,SAVANA,2010
GMC,SAVANA,2011
GMC,SAVANA,2012
GMC,SAVANA 1500,2001
GMC,SAVANA 1500,2002
GMC,SAVANA 1500,2003
GMC,SAVANA 1500,2004
GMC,SAVANA 1500,2005
GMC,SAVANA 1500,2006
GMC,SAVANA 1500,2007
GMC,SAVANA 1500,2008
GMC,SAVANA 1500,2009
GMC,SAVANA 1500,2010
GMC,SAVANA 1500,2011
GMC,SAVANA 1500,2012
GMC,SAVANA 2500,2001
GMC,SAVANA 2500,2002
GMC,SAVANA 2500,2003
GMC,SAVANA 2500,2004
GMC,SAVANA 2500,2005
GMC,SAVANA 2500,2006
GMC,SAVANA 2500,2007
GMC,SAVANA 2500,2008
GMC,SAVANA 2500,2009
GMC,SAVANA 2500,2010
GMC,SAVANA 2500,2011
GMC,SAVANA 2500,2012
GMC,SAVANA 3500,2001
GMC,SAVANA 3500,2002
GMC,SAVANA 3500,2003
GMC,SAVANA 3500,2004
GMC,SAVANA 3500,2005
GMC,SAVANA 3500,2006
GMC,SAVANA 3500,2007
GMC,SAVANA 3500,2008
GMC,SAVANA 3500,2009
GMC,SAVANA 3500,2010
GMC,SAVANA 3500,2011
GMC,SAVANA 3500,2012
GMC,SIERRA 1500,2001
GMC,SIERRA 1500,2002
GMC,SIERRA 1500,2003
GMC,SIERRA 1500,2004
GMC,SIERRA 1500,2005
GMC,SIERRA 1500,2006
GMC,SIERRA 1500,2007
GMC,SIERRA 1500,2008
GMC,SIERRA 1500,2009
GMC,SIERRA 1500,2010
GMC,SIERRA 1500,2011
GMC,SIERRA 1500,2012
GMC,SIERRA 1500 HD,2001
GMC,SIERRA 1500 HD,2002
GMC,SIERRA 1500 HD,2003
GMC,SIERRA 1500 HD,2004
GMC,SIERRA 1500 HD,2005
GMC,SIERRA 2500,2001
GMC,SIERRA 2500,2002
GMC,SIERRA 2500,2003
GMC,SIERRA 2500,2004
GMC,SIERRA 2500,2006
GMC,SIERRA 2500,2007
GMC,SIERRA 2500,2008
GMC,SIERRA 2500,2009
GMC,SIERRA 2500,2010
GMC,SIERRA 2500,2011
GMC,SIERRA 2500,2012
GMC,SIERRA 3500,2001
GMC,SIERRA 3500,2002
GMC,SIERRA 3500,2003
GMC,SIERRA 3500,2004
GMC,SIERRA 3500,2005
GMC,SIERRA 3500,2006
GMC,SIERRA 3500,2007
GMC,SIERRA 3500,2008
GMC,SIERRA 3500,2009
GMC,SIERRA 3500,2010
GMC,SIERRA 3500,2011
GMC,SIERRA 3500,2012
GMC,SIERRA DENALI,2002
GMC,SIERRA DENALI,2003
GMC,SIERRA DENALI,2007
GMC,SIERRA DENALI,2008
GMC,SIERRA DENALI,2009
GMC,SIERRA DENALI,2010
GMC,SIERRA DENALI,2011
GMC,SIERRA DENALI,2012
GMC,SUBURBAN,2003
GMC,SUBURBAN,2004
GMC,YUKON DENALI XL,2003
GMC,YUKON DENALI XL,2004
GMC,YUKON DENALI XL,2005
GMC,YUKON DENALI XL,2006
GMC,YUKON DENALI XL,2007
GMC,YUKON DENALI XL,2008
GMC,YUKON DENALI XL,2009
GMC,YUKON DENALI XL,2010
GMC,YUKON DENALI XL,2011
GMC,YUKON DENALI XL,2012
GMC,YUKON XL,2001
GMC,YUKON XL,2002
GMC,YUKON XL,2003
GMC,YUKON XL,2004
GMC,YUKON XL,2005
GMC,YUKON XL,2006
GMC,YUKON XL,2007
GMC,YUKON XL,2008
GMC,YUKON XL,2009
GMC,YUKON XL,2010
GMC,YUKON XL,2011
GMC,YUKON XL,2012
GMC,YUKON XL 1500,2001
GMC,YUKON XL 1500,2002
GMC,YUKON XL 1500,2003
GMC,YUKON XL 1500,2004
GMC,YUKON XL 1500,2005
GMC,YUKON XL 1500,2006
GMC,YUKON XL 1500,2007
GMC,YUKON XL 1500,2008
GMC,YUKON XL 1500,2009
GMC,YUKON XL 1500,2010
GMC,YUKON XL 1500,2011
GMC,YUKON XL 1500,2012
GMC,YUKON XL 2500,2001
GMC,YUKON XL 2500,2002
GMC,YUKON XL 2500,2003
GMC,YUKON XL 2500,2004
GMC,YUKON XL 2500,2005
GMC,YUKON XL 2500,2006
GMC,YUKON XL 2500,2007
GMC,YUKON XL 2500,2008
GMC,YUKON XL 2500,2009
GMC,YUKON XL 2500,2010
GMC,YUKON XL 2500,2011
GMC,YUKON XL 2500,2012
GMC,YUKON XL DENALI,2001
GMC,YUKON XL DENALI,2002
GMC,YUKON XL DENALI,2003
HUMMER,H2,2004
HUMMER,H2 SUT,2004
HUMMER,H2,2005
HUMMER,H2,2006
HUMMER,H2,2007
HUMMER,H2,2003
HUMMER,H2 SUT,2008
HUMMER,H2,2008
HUMMER,H2,2009
HUMMER,H2 SUT,2007
HUMMER,H2 SUT,2006
HUMMER,H2 SUT,2005
HUMMER,H2 SUT,2003
HUMMER,H2 SUT,2009
HUMMER,H2,2010
HUMMER,H2,2002
PROTERRA,ZX5,2022
PROTERRA,CATALYST,2020
PROTERRA,ZX5,2021
PROTERRA,ZX5,2020
PROTERRA,CATALYST,2016
PROTERRA,CATALYST,2015
PROTERRA,CATALYST,2017
PROTERRA,CATALYST,2019
PROTERRA,ECORIDE,2013
PROTERRA,CATALYST,2018
PROTERRA,CATALYST,2021
PROTERRA,ZX5,2019
PROTERRA,ECORIDE,2012
PROTERRA,ECORIDE,2014
PROTERRA,ECORIDE,2015
PROTERRA,ZX5,2023
BRIGHTDROP,600 ELCV,2024
FOREST RIVER BUS,FOREST RIVER VAN,2023
FOREST RIVER BUS,FOREST RIVER VAN,2022
FOREST RIVER BUS,FOREST RIVER VAN,2024
BRINKLEY RV,MODEL Z,2023
NEW FLYER,XDE60,2022
NEW FLYER,XE60,2020
NEW FLYER,XE60,2019
NEW FLYER,XDE60,2024
NEW FLYER,XDE60,2023
MCI,J4500,2019
MCI,J4500,2020
MCI,J4500,2022
MCI,J4500,2023
MCI,J4500,2024
MCI,J4500,2016
ALTEC,SERVICE BODY,2024
ALTEC,SERVICE BODY,2018
ALTEC,SERVICE BODY,2020
ALTEC,SERVICE BODY,2021
ALTEC,SERVICE BODY,2022
ALTEC,SERVICE BODY,2023
ALTEC,SERVICE BODY,2019
MCI,J3500,2023
MCI,J3500,2024
MCI,J3500,2025
MCI,J3500,2020
MCI,J3500,2021
MCI,J3500,2022
MCI,J3500,2019
MCI,J4500,2025
COACHMEN,BEYOND,2024
MASERATI,GRANTURISMO,2023
MASERATI,LEVANTE,2024
MASERATI,LEVANTE,2023
MASERATI,LEVANTE,2022
MASERATI,LEVANTE,2021
MASERATI,LEVANTE,2020
MASERATI,LEVANTE,2019
MASERATI,LEVANTE S,2017
MASERATI,LEVANTE,2015
MASERATI,LEVANTE,2016
MASERATI,LEVANTE,2017
MASERATI,LEVANTE,2018
MASERATI,LEVANTE,2014
HYUNDAI,ELANTRA HYBRID,2023
HYUNDAI,ELANTRA HYBRID,2022
HYUNDAI,ELANTRA HYBRID,2021
HYUNDAI,TUCSON,2014
HYUNDAI,TUCSON,2015
KIA,EV6,2023
KIA,EV6,2022
KIA,EV6,2024
KIA,SORENTO,2025
KIA,CARNIVAL,2025
BMW,M550I,2019
BMW,M850I,2020
BMW,M850I,2021
BMW,750I,2015
BMW,M550I,2020
BMW,850I,2019
BMW,750I,2018
BMW,750I,2019
BMW,650I,2018
BMW,X3,2024
BMW,IX,2024
BMW,I7,2024
BMW,I5,2024
BMW,M5,2018
BMW,M3,2017
BMW,M3,2018
BMW,M5,2020
BMW,M5,2019
BMW,M3,2016
BMW,M4,2017
BMW,M4,2018
BMW,M4,2020
BMW,M4,2016
BMW,M4,2019
BMW,M5,2016
BMW,4 SERIES,2023
BMW,X3,2025
BMW,IX,2025
BMW,430I,2025
BMW,740I,2025
BMW,530I,2025
BMW,X2,2025
BMW,X1,2025
BMW,Z4,2023
BMW,Z4,2022
BMW,Z4,2020
BMW,Z4,2019
BMW,Z4,2021
BMW,IX M60,2024
BMW,XM,2023
BMW,X3,2019
BMW,X3,2018
BMW,X4,2021
BMW,X4,2020
BMW,X4,2019
BMW,X4,2018
BMW,X3,2021
BMW,X3,2020
BMW,X6,2020
BMW,X5,2019
BMW,X7,2019
BMW,X7,2020
BMW,X6,2019
BMW,X5,2020
BMW,330I,2025
BMW,X5,2025
BMW,X7,2025
BMW,X6,2025
MINI,COOPER S,2025
MINI,COUNTRYMAN SE ALL4,2025
MINI,COUNTRYMAN S ALL4,2025
MINI,COUNTRYMAN,2025
MINI,JCW COUNTRYMAN ALL4,2025
BMW,R 12 NINET US,2024
BMW,CE 02,2024
BUICK,ENCLAVE,2012
CHEVROLET,CAPTIVA SPORT,2012
GMC,YUKON DENALI,2012
CADILLAC,ESCALADE ESV,2012
CADILLAC,ESCALADE EXT,2012
CADILLAC,CTS-V,2012
CADILLAC,DTS,2012
BUICK,LUCERNE,2012
CADILLAC,ESCALADE HYBRID,2012
CHEVROLET,TAHOE HYBRID,2012
CADILLAC,ESCALADE,2012
GMC,YUKON HYBRID,2012
GMC,ENVOY,2012
CHEVROLET,CAPTIVA,2012
CHEVROLET,CAPRICE POLICE PURSUIT,2012
CHEVROLET,TAHOE POLICE PURSUIT,2012
CADILLAC,STS,2012
CHEVROLET,CAPRICE,2012
CADILLAC,CTS,2012
CADILLAC,SRX,2012
CHEVROLET,CAMARO,2012
CHEVROLET,COLORADO,2012
CHEVROLET,CORVETTE,2012
CHEVROLET,CRUZE,2012
CHEVROLET,EQUINOX,2012
CHEVROLET,IMPALA,2012
CHEVROLET,MALIBU,2012
CHEVROLET,SONIC,2012
CHEVROLET,TRAVERSE,2012
GMC,ACADIA,2012
GMC,CANYON,2012
GMC,TERRAIN,2012
GMC,YUKON,2012
BUICK,VERANO,2012
CHEVROLET,TAHOE,2012
MERCEDES-BENZ,GLC 300E,2025
MERCEDES-BENZ,S 560 E,2020
MERCEDES-BENZ,S 560 E,2019
MERCEDES-BENZ,AMG S63 4MATIC,2016
MERCEDES-BENZ,AMG S63 4MATIC,2015
MERCEDES-MAYBACH,S 560,2021
MERCEDES-MAYBACH,S 560,2020
MERCEDES-BENZ,S 560,2021
MERCEDES-MAYBACH,S 560,2019
MERCEDES-BENZ,AMG GTA,2018
MERCEDES-BENZ,C300,2014
MERCEDES-BENZ,C63,2011
MERCEDES-BENZ,S600,2016
MERCEDES-BENZ,S600,2015
MERCEDES-BENZ,redundant S550E,2015
MERCEDES-BENZ,S 450,2020
MERCEDES-BENZ,S 450,2019
MERCEDES-BENZ,S550E,2017
MERCEDES-MAYBACH,S550,2017
MERCEDES-BENZ,S550,2014
MERCEDES-BENZ,GLE450,2017
MERCEDES-BENZ,S550,2017
MERCEDES-BENZ,S550,2016
MERCEDES-BENZ,GLE450,2016
MERCEDES-BENZ,S550,2015
MERCEDES-BENZ,GLA 250,2019
MERCEDES-BENZ,S600,2017
MERCEDES BENZ,C 300 4MATIC,2018
MERCEDES-BENZ,CLS400,2015
MERCEDES-BENZ,CLS 400,2016
MERCEDES-BENZ,CLS550,2012
MERCEDES-BENZ,CLS550,2013
MERCEDES-BENZ,CLS550,2014
MERCEDES-BENZ,CLS550,2015
MERCEDES-BENZ,CLS 550,2016
MERCEDES-BENZ,E400,2015
MERCEDES-BENZ,E400,2016
MERCEDES-BENZ,E550,2010
MERCEDES-BENZ,E550,2011
MERCEDES-BENZ,E550,2012
MERCEDES-BENZ,E550,2013
MERCEDES-BENZ,E550,2014
MERCEDES-BENZ,E550,2015
MERCEDES-BENZ,E550,2016
MERCEDES-BENZ,ML250,2015
MERCEDES-BENZ,ML350,2011
MERCEDES-BENZ,ML350,2012
MERCEDES-BENZ,ML350,2013
MERCEDES-BENZ,ML350,2015
MERCEDES-BENZ,ML350,2014
MERCEDES-BENZ,ML400,2015
MERCEDES-BENZ,ML550,2012
MERCEDES-BENZ,ML550,2013
MERCEDES-BENZ,ML550,2014
MERCEDES-BENZ,AMG C43,2017
MERCEDES-BENZ,AMG C43,2018
MERCEDES-BENZ,AMG C43,2019
MERCEDES-BENZ,C300,2015
MERCEDES-BENZ,C300,2016
MERCEDES-BENZ,C300,2017
MERCEDES-BENZ,C 300,2018
MERCEDES-BENZ,C 300,2019
MERCEDES-BENZ,C 300,2020
MERCEDES-BENZ,C350E,2016
MERCEDES-BENZ,C350E,2017
MERCEDES-BENZ,C 350 E,2018
MERCEDES-BENZ,C400,2015
MERCEDES-BENZ,C450,2016
MERCEDES-BENZ,C450,2017
MERCEDES-BENZ,CLS550,2017
MERCEDES-BENZ,E350,2010
MERCEDES-BENZ,E350,2011
MERCEDES-BENZ,E350,2012
MERCEDES-BENZ,E350,2013
MERCEDES-BENZ,E350,2014
MERCEDES-BENZ,E550,2017
MERCEDES-BENZ,GLE300D,2016
MERCEDES-BENZ,GLE 350,2018
MERCEDES-BENZ,GLE350D,2016
MERCEDES-BENZ,GLE400,2016
MERCEDES-BENZ,GLE400,2017
MERCEDES-BENZ,GLE 550 E,2018
MERCEDES-BENZ,GL350,2013
MERCEDES-BENZ,GL450,2013
MERCEDES-BENZ,GL350,2014
MERCEDES-BENZ,GL450,2014
MERCEDES-BENZ,GL350,2015
MERCEDES-BENZ,GL450,2015
MERCEDES-BENZ,GL450,2016
MERCEDES-BENZ,GL350,2016
MERCEDES-BENZ,GL450,2017
MERCEDES-BENZ,AMG GLE43,2017
MERCEDES-BENZ,GLS350D,2017
MERCEDES-BENZ,GLS 450,2018
MERCEDES-BENZ,AMG GLE43,2018
MERCEDES-BENZ,AMG GLE43,2019
MERCEDES-BENZ,GL550,2013
MERCEDES-BENZ,GL550,2014
MERCEDES-BENZ,GL550,2015
MERCEDES-BENZ,GLS450,2017
MERCEDES-BENZ,GL550,2016
MERCEDES-BENZ,GLE550E,2016
MERCEDES-BENZ,GL550,2017
MERCEDES-BENZ,GLE550E,2017
MERCEDES-BENZ,GLS550,2017
MERCEDES-BENZ,GLS450,2016
MERCEDES-BENZ,GLE550,2017
MERCEDES-BENZ,GLS 550,2018
MERCEDES-BENZ,GLE 550 E,2019
MERCEDES-BENZ,GLA 250,2015
MERCEDES-BENZ,GLA 250,2016
MERCEDES-BENZ,GLA 250,2017
MERCEDES-BENZ,GLA 250,2018
VAN HOOL,TDX25,2016
VAN HOOL,C2045,2005
VAN HOOL,T2145,2005
VAN HOOL,T2140,2005
VAN HOOL,TX40,2019
VAN HOOL,TD925,2019
VAN HOOL,TX45,2011
VAN HOOL,TX45,2010
VAN HOOL,TX45,2009
VAN HOOL,TX45,2008
VAN HOOL,TX45,2007
VAN HOOL,TX45,2006
VAN HOOL,TX45,2005
VAN HOOL,TX45,2004
VAN HOOL,TX45,2003
VAN HOOL,TX45,2002
VAN HOOL,TX45,2001
VAN HOOL,TX40,2013
VAN HOOL,TX40,2012
VAN HOOL,TX40,2011
VAN HOOL,TX40,2010
VAN HOOL,TX40,2009
VAN HOOL,TX40,2008
VAN HOOL,TX40,2007
VAN HOOL,TX40,2006
VAN HOOL,TX40,2005
VAN HOOL,TX40,2004
VAN HOOL,TX40,2003
VAN HOOL,TX40,2002
VAN HOOL,TX40,2001
VAN HOOL,CX45,2013
VAN HOOL,CX45,2012
VAN HOOL,CX45,2011
VAN HOOL,CX45,2010
VAN HOOL,CX45,2009
VAN HOOL,CX45,2008
VAN HOOL,CX45,2007
VAN HOOL,CX45,2006
VAN HOOL,CX45,2005
VAN HOOL,CX45,2004
VAN HOOL,CX45,2003
VAN HOOL,CX45,2002
VAN HOOL,CX45,2001
VAN HOOL,CX35,2015
VAN HOOL,CX35,2014
VAN HOOL,CX35,2013
VAN HOOL,CX35,2012
VAN HOOL,CX35,2011
VAN HOOL,CX35,2010
VAN HOOL,CX35,2009
VAN HOOL,CX35,2008
VAN HOOL,CX35,2007
VAN HOOL,CX35,2006
VAN HOOL,CX35,2005
VAN HOOL,CX35,2004
VAN HOOL,CX35,2003
VAN HOOL,CX35,2002
VAN HOOL,C3045,2010
VAN HOOL,A300L,2012
VAN HOOL,C2045,2013
VAN HOOL,A330FC,2007
VAN HOOL,AG300,2007
VAN HOOL,AG300,2006
VAN HOOL,AG300,2004
VAN HOOL,AG300,2003
VAN HOOL,AG300,2002
VAN HOOL,A330FC,2004
VAN HOOL,A330,2004
VAN HOOL,A330,2003
VAN HOOL,A330,2002
VAN HOOL,A300K HYB,2005
VAN HOOL,A300K,2009
VAN HOOL,A300K,2008
VAN HOOL,A300K,2006
VAN HOOL,A300L,2010
VAN HOOL,A300L,2008
VAN HOOL,A300L,2009
VAN HOOL,AG300,2009
VAN HOOL,T2140,2004
VAN HOOL,C2045,2018
VAN HOOL,TDX25E,2021
VAN HOOL,CX45E,2022
VAN HOOL,CX45E,2021
VAN HOOL,CX45,2022
VAN HOOL,TX45,2021
VAN HOOL,CX45,2021
VAN HOOL,T2145,2002
VAN HOOL,T2145,2001
VAN HOOL,T2145,2004
VAN HOOL,T2145,2003
VAN HOOL,C2045,2002
VAN HOOL,C2045,2001
VAN HOOL,C2045,2004
VAN HOOL,C2045,2003
VAN HOOL,TDX25,2014
VAN HOOL,CX35,2001
VAN HOOL,TX45,2013
VAN HOOL,TX45,2012
VAN HOOL,CX35,2023
VAN HOOL,TDX25E,2023
VAN HOOL,CX45,2023
VAN HOOL,TDX25,2023
VAN HOOL,CX45E,2023
VAN HOOL,CX35,2022
VAN HOOL,CX45,2024
VAN HOOL,CX35,2024
VAN HOOL,TX45,2022
VAN HOOL,TDX25E,2022
VAN HOOL,TDX25,2021
VAN HOOL,CX35,2021
VAN HOOL,AG300,2021
VAN HOOL,TDX25,2020
VAN HOOL,TX45,2020
VAN HOOL,TX40,2020
VAN HOOL,CX45,2020
VAN HOOL,CX35,2020
VAN HOOL,TX45,2019
VAN HOOL,TDX25,2019
VAN HOOL,CX45,2019
VAN HOOL,CX35,2019
VAN HOOL,TD925,2018
VAN HOOL,TDX25,2018
VAN HOOL,TX40,2018
VAN HOOL,TX45,2018
VAN HOOL,CX35,2018
VAN HOOL,CX45,2018
VAN HOOL,TD925,2017
VAN HOOL,TDX25,2017
VAN HOOL,TX40,2017
VAN HOOL,TX45,2017
VAN HOOL,CX45,2017
VAN HOOL,CX35,2017
VAN HOOL,TX40,2016
VAN HOOL,TD925,2016
VAN HOOL,CX45,2016
VAN HOOL,CX35,2016
VAN HOOL,TX45,2016
VAN HOOL,TDX25,2015
VAN HOOL,CX45,2015
VAN HOOL,TD925,2015
VAN HOOL,TX40,2015
VAN HOOL,TX45,2015
VAN HOOL,TX40,2014
VAN HOOL,TX45,2014
VAN HOOL,CX45,2014
VAN HOOL,TD925,2014
VAN HOOL,T2145,2014
VAN HOOL,C2045,2014
VAN HOOL,T2140,2013
VAN HOOL,TD925,2013
VAN HOOL,T2145,2013
VAN HOOL,TD925,2012
VAN HOOL,T2145,2012
VAN HOOL,T2140,2012
VAN HOOL,C2045,2012
VAN HOOL,T2140,2011
VAN HOOL,TD925,2011
VAN HOOL,T2145,2011
VAN HOOL,C2045,2011
VAN HOOL,TD925,2010
VAN HOOL,T2145,2010
VAN HOOL,T2140,2010
VAN HOOL,C2045,2010
VAN HOOL,TD925,2009
VAN HOOL,T2145,2009
VAN HOOL,T2140,2009
VAN HOOL,C2045,2009
VAN HOOL,TD925,2008
VAN HOOL,T2145,2008
VAN HOOL,T2140,2008
VAN HOOL,C2045,2008
VAN HOOL,T2145,2007
VAN HOOL,T2140,2007
VAN HOOL,C2045,2007
VAN HOOL,T2145,2006
VAN HOOL,T2140,2006
VAN HOOL,C2045,2006
VAN HOOL,C2045,2015
VAN HOOL,C2045,2016
VAN HOOL,C2045,2017
MERCEDES-BENZ,SLC 300,2019
MERCEDES-BENZ,SLC 300,2020
MERCEDES-BENZ,C 350 E,2019
MERCEDES-BENZ,SLC 300,2018
MERCEDES-BENZ,SLC300,2017
MERCEDES-BENZ,SLK300,2016
MERCEDES-BENZ,C 350 E,2020
MINI,COOPER COUNTRYMAN,2011
BMW,840I,2024
HONDA,FIT,2017
HONDA,CR-V,2025
HONDA,CIVIC,2024
HONDA,CIVIC,2025
HONDA,CIVIC,2023
HONDA,CR-V,2023
HONDA,PILOT,2024
HONDA,CR-V,2024
HONDA,PILOT,2025
HONDA,PILOT,2023
HONDA,ODYSSEY,2020
HONDA,ODYSSEY,2021
HONDA,ODYSSEY,2022
BMW,1 SERIES,2012
HONDA,CR-V HYBRID,2021
HONDA,ACCORD HYBRID,2023
HONDA,ACCORD HYBRID,2024
ACURA,TLX TYPE S,2021
ACURA,TLX TYPE S,2024
ACURA,TLX TYPE S,2023
ACURA,TLX TYPE S,2025
ACURA,TLX TYPE S,2022
ACURA,INTEGRA,2025
ACURA,INTEGRA,2023
ACURA,INTEGRA,2024
BMW,X7,2023
BMW,X4,2024
HONDA,PASSPORT,2024
HONDA,PILOT,2022
HONDA,PASSPORT,2022
HONDA,PASSPORT,2023
HONDA,CR-V HYBRID,2023
HONDA,CR-V HYBRID,2024
HONDA,CR-V HYBRID,2025
FORD,F-150,2025
FORD,BRONCO SPORT,2025
FORD,MAVERICK,2025
LINCOLN,NAVIGATOR,2021
FORD,TRANSIT,2024
LINCOLN,AVIATOR,2024
LINCOLN,NAVIGATOR,2018
LINCOLN,NAVIGATOR,2019
LINCOLN,NAVIGATOR,2020
FORD,EXPEDITION,2018
FORD,EXPEDITION,2019
FORD,EXPEDITION,2020
FORD,EXPEDITION,2021
FORD,F-150,2017
FORD,MUSTANG,2018
FORD,MUSTANG,2024
FORD,TRANSIT,2015
FORD,TRANSIT,2017
FORD,TRANSIT,2018
FORD,TRANSIT,2016
FORD,TRANSIT,2019
LINCOLN,MKC,2019
LINCOLN,MKC,2018
LINCOLN,MKC,2017
LINCOLN,MKC,2016
LINCOLN,MKC,2015
FORD,EXPLORER,2018
FORD,EXPLORER,2017
FORD,EXPLORER,2016
FORD,EXPLORER,2019
JEEP,GRAND CHEROKEE 4XE,2022
JEEP,GRAND CHEROKEE 4XE,2023
JEEP,GRAND CHEROKEE 4XE,2024
JEEP,RENEGADE,2015
JEEP,GRAND CHEROKEE,2014
JEEP,GRAND CHEROKEE,2015
MERCEDES-BENZ,CLA 250,2019
MERCEDES-BENZ,E300,2016
MERCEDES-BENZ,GLE 350 E,2020
MERCEDES-BENZ,EQS SUV 450 4MATIC,2025
MERCEDES-BENZ,EQS SUV 450+,2025
MERCEDES-BENZ,EQS SUV 580 4MATIC,2025
MERCEDES-MAYBACH,EQS SUV 680 4MATIC,2025
MERCEDES-BENZ,EQE SUV 500 4MATIC,2025
MERCEDES-BENZ,AMG EQE 53 4MATIC,2024
MERCEDES-BENZ,AMG EQE SUV 53 4MATIC,2025
MERCEDES-BENZ,AMG EQE SUV 53 4MATIC,2024
MERCEDES-BENZ,AMG EQE SUV 4MATIC,2025
MERCEDES-BENZ,SL 450,2018
MERCEDES-BENZ,SL 450,2019
MERCEDES-BENZ,SL 450,2020
MERCEDES-BENZ,SL550,2017
MERCEDES-BENZ,SL 550,2018
MERCEDES-BENZ,SL 550,2019
MERCEDES-BENZ,GLE 400,2019
MERCEDES-BENZ,SL 550,2020
MERCEDES-MAYBACH,S600,2017
MERCEDES-MAYBACH,S 650,2020
MERCEDES-BENZ,GLE350,2017
MERCEDES-BENZ,GLE350,2016
MERCEDES-BENZ,C350,2015
MERCEDES-BENZ,C350,2014
MERCEDES-BENZ,C350,2013
MERCEDES-BENZ,C350,2012
MERCEDES-BENZ,SL400,2015
MERCEDES-BENZ,SL400,2016
MERCEDES-BENZ,C350,2011
MERCEDES-BENZ,C350,2010
MERCEDES-BENZ,SL550,2013
MERCEDES-BENZ,SL550,2014
MERCEDES-BENZ,SL550,2015
MERCEDES-BENZ,SL550,2016
MERCEDES-BENZ,C300,2010
MERCEDES-BENZ,AMG GLE43,2016
MERCEDES-BENZ,S550 HYBRID,2016
MERCEDES-BENZ,S550E,2015
MERCEDES-BENZ,SL450,2017
MERCEDES-BENZ,C250,2012
MERCEDES-BENZ,C250,2013
MERCEDES-BENZ,C250,2014
MERCEDES-BENZ,C250,2015
MERCEDES BENZ,C300,2008
MERCEDES BENZ,C300,2009
MERCEDES-BENZ,C300,2011
MERCEDES-BENZ,C300,2012
MERCEDES-BENZ,C300,2013
MERCEDES BENZ,C350,2008
MERCEDES BENZ,C350,2009
MERCEDES BENZ,C63,2008
MERCEDES BENZ,C63,2009
MERCEDES BENZ,C63 AMG,2009
MERCEDES-BENZ,C350,2016
MERCEDES-BENZ,C350,2017
MERCEDES-BENZ,AMG GT43,2020
MERCEDES-BENZ,AMG GLE43,2020
MERCEDES-BENZ,C 350,2020
MERCEDES-BENZ,EQC 400,2020
MERCEDES-BENZ,AMG CLE63E S,2024
MERCEDES-BENZ,GLE 400 E,2021
MERCEDES-BENZ,GLE 400 E,2024
MERCEDES-BENZ,AMG GLE43,2021
SUZUKI,GSX-R1000A,2017
SUZUKI,GSX-R1000,2017
SUZUKI,GSX-R1000,2018
MERCEDES-BENZ,AMG GT C,2021
MERCEDES-BENZ,AMG GT S,2020
MERCEDES-BENZ,E 350 E,2021
MERCEDES-BENZ,GLB 200,2020
MERCEDES-BENZ,GLE292 COUPE,2016
MERCEDES-BENZ,GLE300D,2017
MERCEDES-BENZ,GLE 350,2019
MERCEDES-BENZ,GLE 400,2018
MERCEDES-BENZ,ML400,2013
MERCEDES-BENZ,ML400,2014
MERCEDES-BENZ,S550 4MATIC,2016
MERCEDES-BENz,SLK250,2013
MERCEDES-BENZ,SLK250,2014
MERCEDES-BENZ,SLK250,2015
MERCEDES-BENZ,SLK250,2016
MERCEDES-BENZ,SLC300,2016
MERCEDES-BENZ,SLK350,2013
MERCEDES-BENZ,SLK350,2012
MERCEDES-BENZ,SLK350,2014
MERCEDES-BENZ,SLK350,2015
MERCEDES-BENZ,SLK350,2016
MERCEDES-BENZ,SLC 43 AMG,2017
MERCEDES-BENZ,AMG SLC43,2020
MERCEDES-BENZ,AMG SLC43,2017
MERCEDES-BENZ,AMG SLC43,2018
MERCEDES-BENZ,AMG SLC43,2019
MERCEDES BENZ,CLS500,2006
MERCEDES BENZ,CLS500,2007
MERCEDES BENZ,CLS500,2008
MERCEDES BENZ,CLS500,2009
MERCEDES BENZ,CLS550,2006
MERCEDES-BENZ,AMG CLS55,2006
MERCEDES-BENZ,AMG CLS63,2007
MERCEDES-BENZ,AMG CLS63,2008
MERCEDES-BENZ,AMG CLS63,2009
MERCEDES-BENZ,AMG GT,2016
MERCEDES-BENZ,AMG GT C,2018
MERCEDES-BENZ,AMG GT C,2019
MERCEDES-BENZ,AMG GT C,2020
FREIGHTLINER,122SD,2015
WESTERN STAR,4700,2016
WESTERN STAR,4700,2018
WESTERN STAR,4700,2019
WESTERN STAR,4700,2020
WESTERN STAR,5700,2017
WESTERN STAR,5700,2018
WESTERN STAR,5700,2019
WESTERN STAR,5700,2020
WESTERN STAR,6900,2017
WESTERN STAR,6900,2018
WESTERN STAR,6900,2019
WESTERN STAR,6900,2020
FREIGHTLINER,108SD,2016
WESTERN STAR,4900,2017
WESTERN STAR,4900,2018
WESTERN STAR,4900,2019
WESTERN STAR,4900,2020
FREIGHTLINER,114SD,2016
FREIGHTLINER,BUSINESS CLASS M2,2015
FREIGHTLINER,BUSINESS CLASS M2,2016
WESTERN STAR,5700,2015
WESTERN STAR,4700,2015
FREIGHTLINER,108SD,2015
FREIGHTLINER,CORONADO,2017
FREIGHTLINER,CORONADO,2018
FREIGHTLINER,CORONADO,2019
FREIGHTLINER,CORONADO,2020
FREIGHTLINER,CORONADO,2021
FREIGHTLINER,CORONADO,2022
FREIGHTLINER,CORONADO,2015
FREIGHTLINER,114SD,2015
FREIGHTLINER,CORONADO,2023
FREIGHTLINER,E-CASCADIA,2025
FCCC,MT55,2024
FCCC,MT45,2024
FCCC,XCR,2024
THOMAS BUILT BUSES,SAF-T-LINER C2,2024
FREIGHTLINER,ECONIC SD,2024
WESTERN STAR,4700,2022
FREIGHTLINER,CLASSIC CASCADIA,2020
WESTERN STAR,5700,2022
WESTERN STAR,5700,2021
WESTERN STAR,4900,2021
WESTERN STAR,4700,2023
WESTERN STAR,4700,2021
WESTERN STAR,49X,2018
WESTERN STAR,47X,2018
WESTERN STAR,47X,2017
WESTERN STAR,49X,2017
FCCC,MT45,2020
FCCC,MT55,2020
THOMAS BUILT BUSES,SAF-T-LINER C2,2023
THOMAS BUILT BUSES,SAF-T-LINER C2,2022
FCCC,MT55,2019
FCCC,MT45,2021
FCCC,MT45,2023
THOMAS BUILT BUSES,SAF-T-LINER C2,2019
FCCC,MT45,2022
THOMAS BUILT BUSES,SAF-T-LINER C2,2021
THOMAS BUILT BUSES,SAF-T-LINER C2,2020
FCCC,MT55,2021
FCCC,MT55,2022
FCCC,MT45,2019
FCCC,MT55,2023
THOMAS BUILT BUSES,SAF-T-LINER C2 JOULEY,2022
THOMAS BUILT BUSES,SAF-T-LINER C2 JOULEY,2021
THOMAS BUILT BUSES,SAF-T-LINER C2 JOULEY,2023
THOMAS BUILT BUSES,SAF-T-LINER C2 JOULEY,2025
THOMAS BUILT BUSES,SAF-T-LINER C2 JOULEY,2024
THOMAS BUILT BUSES,SAF-T-LINER C2 JOULEY,2020
FCCC,MT50E,2021
FCCC,MT50E,2022
FCCC,MT50E,2023
THOMAS BUILT BUSES,SAF-T-LINER HDX,2021
THOMAS BUILT BUSES,SAF-T-LINER HDX,2020
THOMAS BUILT BUSES,SAF-T-LINER HDX,2022
THOMAS BUILT BUSES,SAF-T-LINER HDX,2023
THOMAS BUILT BUSES,SAF-T-LINER HDX,2019
THOMAS BUILT BUSES,SAF-T-LINER HDX,2018
THOMAS BUILT BUSES,SAF-T-LINER HDX,2017
THOMAS BUILT BUSES,SAF-T-LINER HDX,2024
THOMAS BUILT BUSES,SAF-T-LINER HDX,2025
THOMAS BUILT BUSES,SAF-T-LINER HDX,2016
THOMAS BUILT BUSES,SAF-T-LINER HDX,2015
FCCC,MT50E,2024
FOREST RIVER,SABRE,2024
FOREST RIVER,CHEROKEE,2025
GENESIS,G80,2018
HYUNDAI,SONATA,2025
HYUNDAI,IONIQ 5,2025
HYUNDAI,KONA,2025
GENESIS,G80,2019
GENESIS,G80,2020
GENESIS,G80,2021
GENESIS,G70,2020
GENESIS,G70,2021
GENESIS,G70,2022
GENESIS,G70,2023
GENESIS,G70,2024
GENESIS,G70,2025
GENESIS,G80,2022
GENESIS,G80,2023
GENESIS,G80,2024
GENESIS,G80,2025
GENESIS,GV70,2022
GENESIS,GV70,2023
GENESIS,GV70,2024
GENESIS,GV70,2025
GENESIS,GV80,2022
GENESIS,GV80,2021
GENESIS,GV80,2023
GENESIS,GV80,2025
GENESIS,GV80,2024
GENESIS,G70,2019
KIA,SORENTO,2016
KIA,SORENTO,2018
KIA,SORENTO,2017
KIA,K4,2025
KIA,CARNIVAL HYBRID,2025
JEEP,GRAND CHEROKEE,2012
JEEP,GRAND CHEROKEE,2013
DODGE,DURANGO,2015
DODGE,DURANGO,2013
DODGE,DURANGO,2012
ALTEC,AERIAL DEVICE,2023
ALTEC,AERIAL DEVICE,2024
INFINITI,Q50,2016
INFINITI,Q50,2017
INFINITI,Q60,2017
INFINITI,Q60,2018
INFINITI,Q50,2018
NISSAN,ROGUE,2017
NISSAN,ROGUE SPORT,2017
NISSAN,ROGUE,2018
NISSAN,ROGUE HYBRID,2017
NISSAN,ROGUE SPORT,2018
NISSAN,ROGUE HYBRID,2018
NISSAN,ROGUE,2021
NISSAN,ROGUE,2023
NISSAN,ROGUE,2022
NISSAN,ROGUE,2025
NISSAN,ROGUE,2024
NISSAN,ARIYA,2025
NISSAN,KICKS,2023
NISSAN,SENTRA,2024
NISSAN,SENTRA,2023
NISSAN,SENTRA,2022
NISSAN,SENTRA,2021
NISSAN,SENTRA,2020
MERCEDES-BENZ,R350,2012
MERCEDES-BENZ,S650,2017
MERCEDES-BENZ,B 250E,2014
MERCEDES-BENZ,B 250E,2015
MERCEDES-BENZ,B 250E,2016
MERCEDES-BENZ,B 250E,2017
MERCEDES BENZ,C230,2001
MERCEDES BENZ,C230,2002
MERCEDES BENZ,C230,2003
MERCEDES BENZ,C230,2004
MERCEDES BENZ,C230,2005
MERCEDES BENZ,C230,2006
MERCEDES BENZ,C230,2007
MERCEDES BENZ,C240,2001
MERCEDES BENZ,C240,2002
MERCEDES BENZ,C240,2003
MERCEDES BENZ,C240,2004
MERCEDES BENZ,C240,2005
MERCEDES BENZ,C280,2006
MERCEDES BENZ,C280,2007
MERCEDES BENZ,C320,2001
MERCEDES BENZ,C320,2002
MERCEDES BENZ,C320,2003
MERCEDES BENZ,C320,2004
MERCEDES BENZ,C320,2005
MERCEDES BENZ,C320,2006
MERCEDES BENZ,C320,2007
MERCEDES BENZ,C350,2006
MERCEDES BENZ,C350,2007
MERCEDES BENZ,CL550,2007
MERCEDES BENZ,CL550,2008
MERCEDES BENZ,CL550,2009
MERCEDES-BENZ,CL550,2011
MERCEDES-BENZ,CL550,2012
MERCEDES-BENZ,CL550,2013
MERCEDES-BENZ,CL550,2014
MERCEDES BENZ,CL600,2007
MERCEDES BENZ,CL600,2008
MERCEDES BENZ,CL600,2009
MERCEDES BENZ,CL63,2007
MERCEDES BENZ,CL63,2008
MERCEDES BENZ,CL63,2009
MERCEDES BENZ,CL65,2008
MERCEDES BENZ,CL65,2009
MERCEDES BENZ,CLS55,2007
MERCEDES BENZ,CLS55,2008
MERCEDES BENZ,CLS55,2009
MERCEDES BENZ,CLS550,2007
MERCEDES BENZ,CLS550,2008
MERCEDES BENZ,CLS550,2009
MERCEDES-BENZ,CLS550,2010
MERCEDES-BENZ,CLS550,2011
MERCEDES BENZ,CLS63,2006
MERCEDES BENZ,E,2012
MERCEDES-BENZ,E250,2014
MERCEDES-BENZ,E250,2015
MERCEDES-BENZ,E250,2016
MERCEDES BENZ,E320,2004
MERCEDES BENZ,E320,2005
MERCEDES BENZ,E320,2006
MERCEDES BENZ,E320,2007
MERCEDES BENZ,E320,2008
MERCEDES BENZ,E320,2009
MERCEDES-BENZ,E330,2013
MERCEDES-BENZ,E400 HYBRID,2013
MERCEDES-BENZ,E400 HYBRID,2014
MERCEDES-BENZ,E400 HYBRID,2015
MERCEDES BENZ,E450,2006
MERCEDES BENZ,E500,2004
MERCEDES BENZ,E500,2005
MERCEDES BENZ,E500,2006
MERCEDES BENZ,E500,2007
MERCEDES BENZ,E500,2008
MERCEDES BENZ,E500,2009
MERCEDES BENZ,E53,2007
MERCEDES BENZ,E55,2007
MERCEDES BENZ,E55,2008
MERCEDES BENZ,E55,2009
MERCEDES BENZ,E550,2004
MERCEDES BENZ,E550,2005
MERCEDES BENZ,E550,2006
MERCEDES BENZ,E550,2007
MERCEDES BENZ,E550,2008
MERCEDES BENZ,E550,2009
MERCEDES BENZ,E63,2005
MERCEDES BENZ,E63,2006
MERCEDES-BENZ,GLK350,2010
MERCEDES-BENZ,GLK350,2011
MERCEDES-BENZ,GLK350,2012
MERCEDES-BENZ,GLK350,2013
MERCEDES-BENZ,GLK350,2014
MERCEDES-BENZ,GLK350,2015
MERCEDES-BENZ,AMG C32,2002
MERCEDES-BENZ,AMG C32,2003
MERCEDES-BENZ,AMG C32,2004
MERCEDES-BENZ,AMG C55,2005
MERCEDES-BENZ,AMG C55,2006
MERCEDES-BENZ,AMG E55,2004
MERCEDES-BENZ,AMG E55,2005
MERCEDES-BENZ,AMG E55,2006
MERCEDES-BENZ,AMG E63,2003
MERCEDES-BENZ,AMG E63,2004
MERCEDES-BENZ,AMG E63,2007
MERCEDES-BENZ,AMG E63,2008
MERCEDES-BENZ,AMG E63,2009
MERCEDES-BENZ,CL550,2010
MERCEDES-BENZ,CLA250,2014
MERCEDES-BENZ,CLA250,2015
MERCEDES-BENZ,CLA250,2016
MERCEDES-BENZ,CLA250,2017
MERCEDES-BENZ,CLA 250,2018
MERCEDES-BENZ,CLS 550,2018
MERCEDES-BENZ,E350,2004
MERCEDES-BENZ,E350,2005
MERCEDES-BENZ,E350,2006
MERCEDES-BENZ,E350,2007
MERCEDES-BENZ,E350,2008
MERCEDES-BENZ,E350,2009
MERCEDES-BENZ,E350,2015
MERCEDES-BENZ,E350,2016
MERCEDES-BENZ,E350,2017
MERCEDES-BENZ,GLK250,2013
MERCEDES-BENZ,GLK250,2014
MERCEDES-BENZ,GLK250,2015
MERCEDES BENZ,GL450,2007
MERCEDES BENZ,GL320,2007
MERCEDES BENZ,GL550,2007
MERCEDES BENZ,GL450,2008
MERCEDES BENZ,GL320,2008
MERCEDES BENZ,GL550,2008
MERCEDES BENZ,GL320,2009
MERCEDES BENZ,GL450,2009
MERCEDES BENZ,GL550,2009
MERCEDES-BENZ,GL320,2010
MERCEDES-BENZ,GL320,2011
MERCEDES-BENZ,GL450,2011
MERCEDES-BENZ,GL450,2010
MERCEDES-BENZ,GL550,2010
MERCEDES-BENZ,GL550,2011
MERCEDES-BENZ,GL350,2010
MERCEDES-BENZ,GL350,2011
MERCEDES-BENZ,GL450,2012
MERCEDES-BENZ,GL350,2012
MERCEDES-BENZ,GL550,2012
MERCEDES-BENZ,GL350,2017
MERCEDES-BENZ,EQC 400 E,2021
MERCEDES BENZ,GL350,2009
MERCEDES BENZ,ML320,2001
MERCEDES BENZ,ML430,2001
MERCEDES BENZ,ML55,2001
MERCEDES BENZ,ML320,2002
MERCEDES BENZ,ML55,2002
MERCEDES BENZ,ML500,2002
MERCEDES BENZ,ML320,2003
MERCEDES BENZ,ML350,2004
MERCEDES BENZ,ML500,2004
MERCEDES BENZ,ML320,2005
MERCEDES BENZ,ML500,2005
MERCEDES BENZ,ML350,2003
MERCEDES BENZ,ML500,2003
MERCEDES BENZ,ML350,2006
MERCEDES BENZ,ML500,2006
MERCEDES BENZ,ML350,2005
MERCEDES BENZ,ML350,2007
MERCEDES BENZ,ML500,2007
MERCEDES BENZ,ML63,2005
MERCEDES BENZ,ML63,2006
MERCEDES BENZ,ML63,2007
MERCEDES BENZ,ML320,2007
MERCEDES BENZ,ML320,2006
MERCEDES BENZ,ML550,2007
MERCEDES BENZ,ML550,2005
MERCEDES BENZ,ML550,2006
MERCEDES BENZ,ML350,2008
MERCEDES BENZ,ML500,2008
MERCEDES BENZ,ML63,2008
MERCEDES BENZ,ML320,2008
MERCEDES BENZ,ML550,2008
MERCEDES BENZ,ML320,2009
MERCEDES BENZ,ML350,2009
MERCEDES BENZ,ML550,2009
MERCEDES BENZ,ML63,2009
MERCEDES BENZ,ML500,2009
MERCEDES BENZ,ML350,2001
MERCEDES BENZ,ML55,2003
MERCEDES-BENZ,AMG ML63,2007
MERCEDES-BENZ,AMG ML63,2008
MERCEDES-BENZ,AMG ML63,2009
MERCEDES-BENZ,ML350,2010
MERCEDES-BENZ,ML500,2010
MERCEDES-BENZ,ML500,2011
MERCEDES-BENZ,ML550,2011
MERCEDES-BENZ,ML320,2010
MERCEDES-BENZ,ML550,2010
MERCEDES-BENZ,ML450,2010
MERCEDES-BENZ,ML450,2011
MERCEDES-BENZ,ML320,2011
MERCEDES-BENZ,ML550,2015
MERCEDES-BENZ,ML500,2012
MERCEDES-BENZ,ML500,2013
MERCEDES-BENZ,ML500,2014
MERCEDES-BENZ,ML500,2015
MERCEDES-BENZ,R350,2006
MERCEDES-BENZ,R350,2007
MERCEDES BENZ,R320,2007
MERCEDES BENZ,R320,2006
MERCEDES-BENZ,R350,2008
MERCEDES BENZ,R320,2008
MERCEDES-BENZ,R350,2009
MERCEDES BENZ,R320,2009
MERCEDES-BENZ,R350,2011
MERCEDES-BENZ,R350,2010
MERCEDES BENZ,R500,2006
MERCEDES BENZ,R500,2007
MERCEDES BENZ,AMG R63,2007
MERCEDES BENZ,S55 AMG,2001
MERCEDES BENZ,S430,2001
MERCEDES BENZ,S500,2003
MERCEDES BENZ,S430,2005
MERCEDES BENZ,S500,2005
MERCEDES BENZ,S600,2005
MERCEDES BENZ,S600,2003
MERCEDES BENZ,S500,2006
MERCEDES BENZ,S350,2006
MERCEDES BENZ,S430,2006
MERCEDES BENZ,S600,2006
MERCEDES BENZ,S65,2006
MERCEDES BENZ,S55,2006
MERCEDES BENZ,S500,2002
MERCEDES BENZ,S600,2007
MERCEDES BENZ,S500,2007
MERCEDES BENZ,S65,2007
MERCEDES BENZ,S350,2005
MERCEDES BENZ,S350,2007
MERCEDES BENZ,S430,2007
MERCEDES BENZ,S55,2007
MERCEDES BENZ,S55,2005
MERCEDES BENZ,S65,2005
MERCEDES BENZ,S550,2007
MERCEDES BENZ,S430,2004
MERCEDES BENZ,S55,2004
MERCEDES BENZ,S600,2004
MERCEDES BENZ,S550,2005
MERCEDES BENZ,S550,2006
MERCEDES BENZ,S550,2008
MERCEDES BENZ,S63,2007
MERCEDES BENZ,S65,2008
MERCEDES BENZ,S600,2008
MERCEDES BENZ,S63,2008
MERCEDES BENZ,S63,2009
MERCEDES BENZ,S430,2003
MERCEDES BENZ,redundant S550E,2015
MERCEDES-BENZ,S550,2010
MERCEDES BENZ,S600,2009
MERCEDES BENZ,S65,2009
MERCEDES BENZ,S600,2002
MERCEDES BENZ,S500,2001
MERCEDES BENZ,S430,2002
MERCEDES BENZ,S600,2001
MERCEDES-BENZ,S550,2011
MERCEDES-BENZ,S550,2012
MERCEDES-BENZ,S400,2012
MERCEDES-BENZ,S400,2011
MERCEDES-BENZ,S550,2013
MERCEDES BENZ,S55,2003
MERCEDES-BENZ,S450,2013
MERCEDES-BENZ,S400,2013
MERCEDES-BENZ,S350,2013
MERCEDES-BENZ,S400,2010
MERCEDES BENZ,S500,2004
MERCEDES BENZ,S55,2002
MERCEDES-BENZ,S350,2012
MERCEDES-BENZ,S550 4MATIC,2017
MERCEDES-BENZ,S 550,2019
MERCEDES-BENZ,S 550,2020
MERCEDES-BENZ,S500E,2015
PHOENIXEV,ZX5,2024
MERCEDES BENZ,SL65,2004
MERCEDES BENZ,SL65,2005
MERCEDES BENZ,SL65,2006
MERCEDES BENZ,SL65,2007
MERCEDES BENZ,SL65,2008
MERCEDES BENZ,SL65,2009
MERCEDES BENZ,SLK2,2011
MERCEDES BENZ,SLK,2012
MERCEDES BENZ,SLK230,2001
MERCEDES BENZ,SLK230,2004
MERCEDES BENZ,SLK230,2005
MERCEDES BENZ,SLK280,2005
MERCEDES BENZ,SLK280,2006
MERCEDES BENZ,SLK280,2007
MERCEDES BENZ,SLK280,2008
MERCEDES BENZ,SLK280,2009
MERCEDES BENZ,SLK300,2009
MERCEDES-BENZ,SLK300,2015
MERCEDES BENZ,SLK32,2004
MERCEDES BENZ,SLK320,2001
MERCEDES BENZ,SLK320,2002
MERCEDES BENZ,SLK320,2003
MERCEDES BENZ,SLK320,2004
MERCEDES BENZ,SLK320,2005
MERCEDES BENZ,SLK350,2005
MERCEDES BENZ,SLK350,2006
MERCEDES BENZ,SLK350,2007
MERCEDES BENZ,SLK350,2008
MERCEDES BENZ,SLK350,2009
MERCEDES-BENZ,SLK 350,2017
MERCEDES BENZ,SLK55,2005
MERCEDES BENZ,SLK55,2006
MERCEDES BENZ,SLK55,2007
MERCEDES BENZ,SLK55,2008
MERCEDES BENZ,SLK55,2009
MERCEDES-BENZ,AMG C43,2016
MERCEDES-BENZ,AMG CLK55,2003
MERCEDES-BENZ,AMG CLK55,2004
MERCEDES-BENZ,AMG CLK55,2005
MERCEDES-BENZ,AMG E55,2003
MERCEDES-BENZ,AMG SL53E,2024
MERCEDES-BENZ,AMG SL65,2019
MERCEDES-BENZ,C180,2003
MERCEDES-BENZ,C180,2011
MERCEDES-BENZ,C180,2012
MERCEDES-BENZ,C 250 D,2018
MERCEDES-BENZ,CLK350,2010
MERCEDES-BENZ,E350,2003
MERCEDES-BENZ,SLK230,2002
MERCEDES-BENZ,SLK230,2003
MERCEDES BENZ,AMG E53,2007
MERCEDES BENZ,AMG E53,2008
MERCEDES BENZ,AMG E53,2009
MERCEDES-BENZ,C200,2015
MERCEDES-BENZ,C220,2015
MERCEDES BENZ,C240,2006
MERCEDES BENZ,C240,2007
MERCEDES-BENZ,C250,2016
MERCEDES BENZ,C280,2005
MERCEDES BENZ,C36 AMG,2006
MERCEDES BENZ,C36 AMG,2007
MERCEDES BENZ,C36 AMG,2008
MERCEDES BENZ,C36 AMG,2009
MERCEDES BENZ,C43 AMG,2006
MERCEDES BENZ,C43 AMG,2007
MERCEDES BENZ,C43 AMG,2008
MERCEDES BENZ,C43 AMG,2009
MERCEDES BENZ,C55,2004
MERCEDES BENZ,C55,2007
MERCEDES BENZ,C63,2006
MERCEDES BENZ,C63,2007
MERCEDES BENZ,CL500,2001
MERCEDES BENZ,CL500,2002
MERCEDES BENZ,CL500,2003
MERCEDES BENZ,CL500,2004
MERCEDES BENZ,CL500,2005
MERCEDES BENZ,CL500,2006
MERCEDES BENZ,CL500,2007
MERCEDES BENZ,CL55,2003
MERCEDES BENZ,CL55,2004
MERCEDES BENZ,CL55,2005
MERCEDES BENZ,CL55,2006
MERCEDES BENZ,CL55,2007
MERCEDES BENZ,CL55 AMG,2001
MERCEDES BENZ,CL55 AMG,2002
MERCEDES BENZ,CL600,2001
MERCEDES BENZ,CL600,2002
MERCEDES BENZ,CL600,2003
MERCEDES BENZ,CL600,2004
MERCEDES BENZ,CL600,2005
MERCEDES BENZ,CL600,2006
MERCEDES BENZ,CL65,2004
MERCEDES BENZ,CL65,2005
MERCEDES BENZ,CL65,2006
MERCEDES BENZ,CL65,2007
MERCEDES BENZ,CLK320,2003
MERCEDES BENZ,CLK320,2004
MERCEDES BENZ,CLK320,2005
MERCEDES BENZ,CLK320,2006
MERCEDES BENZ,CLK320,2007
MERCEDES BENZ,CLK320,2008
MERCEDES BENZ,CLK320,2009
MERCEDES BENZ,CLK350,2005
MERCEDES BENZ,CLK350,2006
MERCEDES BENZ,CLK350,2007
MERCEDES BENZ,CLK350,2008
MERCEDES BENZ,CLK350,2009
MERCEDES BENZ,CLK430,2002
MERCEDES BENZ,CLK430,2003
MERCEDES BENZ,CLK500,2003
MERCEDES BENZ,CLK500,2004
MERCEDES BENZ,CLK500,2005
MERCEDES BENZ,CLK500,2006
MERCEDES BENZ,CLK500,2007
MERCEDES BENZ,CLK500,2008
MERCEDES BENZ,CLK500,2009
MERCEDES BENZ,CLK55,2005
MERCEDES BENZ,CLK55,2006
MERCEDES BENZ,CLK55,2007
MERCEDES BENZ,CLK55,2008
MERCEDES BENZ,CLK55,2009
MERCEDES BENZ,CLK550,2007
MERCEDES BENZ,CLK550,2008
MERCEDES BENZ,CLK550,2009
MERCEDES BENZ,CLK63,2007
MERCEDES BENZ,AMG CLK63,2008
MERCEDES-BENZ,CLS300,2011
MERCEDES-BENZ,CLS,2012
MERCEDES BENZ,CLS500,2003
MERCEDES BENZ,CLS500,2004
MERCEDES BENZ,CLS500,2005
MERCEDES BENZ,CLS55,2005
MERCEDES BENZ,CLS550,2003
MERCEDES BENZ,CLS550,2004
MERCEDES BENZ,CLS550,2005
MERCEDES BENZ,CLS63,2003
MERCEDES BENZ,CLS63,2004
MERCEDES BENZ,CLS63,2005
MERCEDES BENZ,E300,2001
MERCEDES BENZ,E300,2002
MERCEDES BENZ,E320,2001
MERCEDES BENZ,E320,2002
MERCEDES BENZ,E320,2003
MERCEDES BENZ,E430,2001
MERCEDES BENZ,E430,2002
MERCEDES BENZ,E500,2003
MERCEDES BENZ,E55,2002
MERCEDES BENZ,GL320,2005
MERCEDES BENZ,GL320,2006
MERCEDES BENZ,GL450,2005
MERCEDES BENZ,GL450,2006
MERCEDES BENZ,GL550,2005
MERCEDES BENZ,GL550,2006
MERCEDES BENZ,SL500,2001
MERCEDES BENZ,SL500,2003
MERCEDES BENZ,SL500,2004
MERCEDES BENZ,SL500,2005
MERCEDES BENZ,SL500,2006
MERCEDES BENZ,SL500,2007
MERCEDES BENZ,SL500,2008
MERCEDES BENZ,SL500,2009
MERCEDES BENZ,SL500R,2003
MERCEDES BENZ,SL55,2003
MERCEDES BENZ,SL55,2004
MERCEDES BENZ,SL55,2005
MERCEDES BENZ,SL55,2006
MERCEDES BENZ,SL55,2007
MERCEDES BENZ,SL55,2008
MERCEDES BENZ,SL55,2009
MERCEDES BENZ,SL550,2007
MERCEDES BENZ,SL550,2008
MERCEDES BENZ,SL550,2009
MERCEDES-BENZ,SL550,2011
MERCEDES BENZ,SL600,2003
MERCEDES BENZ,SL600,2004
MERCEDES BENZ,SL600,2005
MERCEDES BENZ,SL600,2006
MERCEDES BENZ,SL600,2007
MERCEDES BENZ,SL600,2008
MERCEDES BENZ,SL600,2009
MERCEDES BENZ,SL63 AMG,2007
MERCEDES BENZ,SL63 AMG,2008
MERCEDES BENZ,SL63 AMG,2009
MERCEDES BENZ,SL65,2003
HONDA,CIVIC HATCHBACK,2022
HONDA,CIVIC HATCHBACK,2023
HONDA,CIVIC HATCHBACK,2026
HONDA,CIVIC HATCHBACK,2024
HONDA,CIVIC,2022
HONDA,ACCORD,2023
HONDA,ACCORD,2025
HONDA,ACCORD,2024
CHEVROLET,CAMARO,2010
CHEVROLET,CAMARO,2011
MASERATI,GRANTURISMO,2015
MASERATI,QUATTROPORTES,2005
MASERATI,QUATTROPORTE,2006
MASERATI,QUATTROPORTE,2007
MASERATI,SPYDER,2002
MASERATI,QUATTROPORTE,2023
MASERATI,SEDAN,2002
MASERATI,COUPE,2004
MASERATI,SPYDER,2004
MASERATI,COUPE,2003
MASERATI,SPYDER,2003
MASERATI,COUPE,2002
MASERATI,GRANTURISMO,2008
MASERATI,QUATTROPORTE,2008
MASERATI,GRANTURISMO,2009
MASERATI,QUATTROPORTE,2009
MASERATI,GRANTURISMO,2010
MASERATI,QUATTROPORTE,2004
MASERATI,QUATTROPORTE,2005
MASERATI,QUATTROPORTE,2010
MASERATI,SPYDER,2005
MASERATI,GRANSPORT,2005
MASERATI,GRANSPORT,2006
MASERATI,COUPE,2005
MASERATI,COUPE,2006
MASERATI,QUATTROPORTE GTS,2014
MASERATI,GRANTURISMO,2011
MASERATI,QUATTROPORTE,2011
MASERATI,GRANTURISMO,2012
MASERATI,QUATTROPORTE,2012
MASERATI,GRANTURISMO,2013
MASERATI,QUATTROPORTE,2013
MASERATI,GRANTURISMO,2014
MASERATI,QUATTROPORTE,2014
MASERATI,GHIBLI,2014
MASERATI,GHIBLI,2015
MASERATI,QUATTROPORTE,2015
MASERATI,GRANTURISMO,2016
MASERATI,GHIBLI,2016
MASERATI,QUATTROPORTE,2016
MASERATI,GRANTURISMO,2017
MASERATI,GHIBLI,2017
MASERATI,QUATTROPORTE,2017
MASERATI,GRANTURISMO,2018
MASERATI,GHIBLI,2018
MASERATI,QUATTROPORTE,2018
MASERATI,GRANTURISMO,2019
MASERATI,QUATTROPORTE,2019
MASERATI,GHIBLI,2019
MASERATI,QUATTROPORTE,2020
MASERATI,GHIBLI,2020
MASERATI,GRANTURISMO,2020
MASERATI,GHIBLI,2021
MASERATI,QUATTROPORTE,2021
MASERATI,GHIBLI,2022
MASERATI,QUATTROPORTE,2022
MASERATI,GRANTURISMO,2021
MASERATI,GRANTURISMO,2022
MASERATI,GHIBLI,2023
MASERATI,GHIBLI,2024
MASERATI,QUATTROPORTE,2024
MASERATI,FOLGORE,2024
BMW,R 1300 GS ADVENTURE,2025
VOLVO,VAH,2013
VOLVO,VAH,2014
VOLVO,VAH,2015
VOLVO,VHD,2013
VOLVO,VHD,2014
VOLVO,VHD,2015
VOLVO,VN,2013
VOLVO,VN,2014
VOLVO,VN,2015
TESLA,MODEL Y,2022
TESLA,MODEL Y,2023
TESLA,MODEL Y,2021
TESLA,MODEL S,2025
TESLA,MODEL X,2025
POLARIS,SLINGSHOT,2025
POLARIS,SLINGSHOT S,2025
POLARIS,SLINGSHOT SL,2025
POLARIS,SLINGSHOT SLR,2025
ALTEC,AERIAL DEVICE,2020
ALTEC,AERIAL DEVICE,2021
ALTEC,AERIAL DEVICE,2022
CHRYSLER,TOWN AND COUNTRY,2018
DODGE,CARAVAN,2019
DODGE,CARAVAN,2018
DODGE,CARAVAN,2017
CHRYSLER,TOWN AND COUNTRY,2019
CHRYSLER,TOWN AND COUNTRY,2017
SUBARU,CROSSTREK,2025
SUBARU,ASCENT,2025
BMW,R NINE T,2024
BMW,G 310 R,2024
CAN-AM,SPYDER RT,2024
CAN-AM,SPYDER F3,2024
JEEP,RENEGADE,2025
FORD,MUSTANG,2025
LINCOLN,CORSAIR,2025
LINCOLN,CORSAIR,2024
LINCOLN,CORSAIR,2023
FORD,MUSTANG MACH E,2022
FORD,MUSTANG MACH E,2021
DODGE,GRAND CARAVAN,2017
DODGE,GRAND CARAVAN,2015
DODGE,GRAND CARAVAN,2016
CHRYSLER,TOWN AND COUNTRY,2016
CHRYSLER,TOWN AND COUNTRY,2015
DODGE,GRAND CARAVAN,2019
DODGE,GRAND CARAVAN,2018
FREIGHTLINER,SPRINTER 2500,2019
MERCEDES-BENZ,SPRINTER 3500,2019
MERCEDES-BENZ,SPRINTER 2500,2020
MERCEDES-BENZ,SPRINTER 3500,2020
MERCEDES-BENZ,SPRINTER 4500,2020
FREIGHTLINER,SPRINTER (VS30),2019
FREIGHTLINER,SPRINTER 2500,2020
FREIGHTLINER,SPRINTER 3500,2020
FREIGHTLINER,SPRINTER 4500,2020
MERCEDES-BENZ,SPRINTER 2500,2021
MERCEDES-BENZ,SPRINTER 3500,2021
MERCEDES-BENZ,SPRINTER 4500,2019
MERCEDES-BENZ,SPRINTER (VS30),2019
MERCEDES-BENZ,SPRINTER 2500,2019
FREIGHTLINER,SPRINTER 4500,2021
FREIGHTLINER,SPRINTER 3500,2021
FREIGHTLINER,SPRINTER 2500,2021
MERCEDES-BENZ,SPRINTER 4500,2021
MERCEDES-BENZ,SPRINTER (VS30),2020
FREIGHTLINER,SPRINTER (VS30),2020
MERCEDES-BENZ,SPRINTER 2500,2022
FREIGHTLINER,SPRINTER 2500,2022
FREIGHTLINER,SPRINTER 3500,2022
FREIGHTLINER,SPRINTER 4500,2022
MERCEDES-BENZ,SPRINTER 3500,2022
MERCEDES-BENZ,SPRINTER 4500,2022
FREIGHTLINER,SPRINTER 3500,2019
FREIGHTLINER,SPRINTER 4500,2019
ARBOC,SPIRIT OF INDEPENDENCE,2018
ARBOC,SPIRIT OF INDEPENDENCE,2019
INTERNATIONAL,EMV,2025
INTERNATIONAL,HX,2023
INTERNATIONAL,HX,2019
INTERNATIONAL,HX,2020
INTERNATIONAL,HX,2021
INTERNATIONAL,HX,2022
INTERNATIONAL,EMV,2021
IC BUS,CESB,2020
INTERNATIONAL,HV,2020
IC BUS,CESB,2025
INTERNATIONAL,LT,2024
INTERNATIONAL,RH,2024
MCI,J3500,2018
NEW FLYER,XE60,2024
NEW FLYER,XE40,2024
NEW FLYER,XE40,2023
NEW FLYER,XE35,2022
CAN-AM,RYKER,2025
CAN-AM,ORIGIN,2025
JEEP,GRAND CHEROKEE L,2025
JEEP,CHEROKEE,2025
JEEP,CHEROKEE,2024
MAZDA,MAZDA3,2018
MAZDA,MAZDA3,2017
MAZDA,CX-5,2017
MAZDA,CX-3,2017
MAZDA,CX-3,2016
MAZDA,MAZDA6,2017
MAZDA,MAZDA6,2016
MAZDA,MAZDA6,2015
MAZDA,MAZDA6,2014
MAZDA,CX-5,2016
MAZDA,CX-5,2015
MAZDA,CX-5,2014
MAZDA,CX-5,2013
MAZDA,CX-3,2018
LUCID,AIR,2025
LUCID,AIR,2024
LUCID,AIR,2022
LUCID,AIR,2023
LOTUS,EMIRA,2025
LOTUS,EMIRA,2024
LOTUS,EMIRA,2023
ARBOC,SPIRIT OF MOBILITY,2018
SEA ELECTRIC,BATTERY MANAGEMENT SYSTEM,9999
ARBOC,SPIRIT OF EQUESS,2019
ARBOC,SPIRIT OF EQUESS,2021
ARBOC,SPIRIT OF EQUESS,2018
ARBOC,SPIRIT OF EQUESS,2020
ARBOC,SPIRIT OF FREEDOM,2021
ARBOC,SPIRIT OF FREEDOM,2020
AUDI,S6 E-TRON,2025
AUDI,A6 E-TRON,2025
AUDI,RS 6 AVANT,2026
AUDI,A6 E-TRON,2026
AUDI,S6 E-TRON,2026
AUDI,A7,2026
AUDI,S7,2026
AUDI,RS 7,2026
AUDI,A8,2026
AUDI,S8,2026
AUDI,E-TRON GT,2026
AUDI,RS E-TRON GT,2026
AUDI,Q3,2026
AUDI,Q4 E-TRON,2026
AUDI,Q4 SPORTBACK E-TRON,2026
AUDI,Q5,2026
AUDI,Q5 E,2026
AUDI,Q5 SPORTBACK,2026
AUDI,SQ5,2026
AUDI,SQ5 SPORTBACK,2026
AUDI,Q6 E-TRON,2026
AUDI,SQ6 E-TRON,2026
AUDI,Q7,2026
AUDI,SQ7,2026
AUDI,Q8,2026
AUDI,SQ8,2026
AUDI,RS Q8,2026
AUDI,Q8 E-TRON,2026
AUDI,S6,2026
AUDI,Q8 SPORTBACK E-TRON,2026
AUDI,SQ8 E-TRON,2026
AUDI,SQ8 SPORTBACK E-TRON,2026
AUDI,A3,2026
AUDI,S3,2026
AUDI,A4,2026
AUDI,A4 ALLROAD,2026
AUDI,S4,2026
AUDI,A5,2026
AUDI,A5 SPORTBACK,2026
AUDI,S5,2026
AUDI,S5 SPORTBACK,2026
AUDI,RS 5 SPORTBACK,2026
AUDI,A6,2026
AUDI,A6 ALLROAD,2026
ZF GROUP,INTEGRATED BRAKE CONTROL2,9999
KIA,NIRO PHEV,2023
KIA,SORENTO HYBRID,2022
KIA,SORENTO PHEV,2022
ARBOC,SPIRIT OF FREEDOM,2023
PETERBILT,579,2025
PETERBILT,537,2022
PETERBILT,536,2022
PETERBILT,367,2022
PETERBILT,389,2022
PETERBILT,567,2022
PETERBILT,579,2022
PETERBILT,337,2021
PETERBILT,589,2025
PETERBILT,365,2025
PETERBILT,367,2025
PETERBILT,520,2021
PETERBILT,367,2021
PETERBILT,389,2021
PETERBILT,536,2021
PETERBILT,348,2023
PETERBILT,348,2021
PETERBILT,365,2021
PETERBILT,537,2021
PETERBILT,548,2021
PETERBILT,337,2023
PETERBILT,579,2024
PETERBILT,567,2024
PETERBILT,589,2024
PETERBILT,348,2024
PETERBILT,365,2024
PETERBILT,389,2025
PETERBILT,365,2022
PETERBILT,548,2022
PETERBILT,365,2023
PETERBILT,520,2022
PETERBILT,348,2022
PETERBILT,337,2022
PETERBILT,536,2023
PETERBILT,548,2023
PETERBILT,579,2021
PETERBILT,567,2021
PETERBILT,537,2023
PETERBILT,579,2023
PETERBILT,567,2023
PETERBILT,389,2023
PETERBILT,367,2023
PETERBILT,520,2023
KENWORTH,T680,2025
VERMEER,VXT600,2022
MAZDA,MX-5,2020
MAZDA,MX-5,2021
MAZDA,MX-5,2022
MAZDA,MX-5,2023
MAZDA,MX-5,2025
RIVIAN,R1S,2022
RIVIAN,R1T,2022
PETERBILT,520,2024
KENWORTH,T180,2024
KENWORTH,T280,2024
KENWORTH,T280,2023
KENWORTH,T380,2023
KENWORTH,T480,2023
KENWORTH,T180,2023
PETERBILT,535,2024
PETERBILT,535,2023
SUZUKI,GSX-8R,2025
SUZUKI,GSX-R750,2025
SUZUKI,GSX-S1000,2025
SUZUKI,SV650,2025
SUZUKI,GSX-R600,2025
CUMMINS,ISB6.7,9999
LINCOLN,NAUTILUS,2023
CUMMINS,ISX12N,9999
CUMMINS,L9N,9999
FARADAY FUTURE,FF-91 ALLIANCE,2023
FARADAY FUTURE,FF-91 ALLIANCE,2024
FARADAY FUTURE,FF-91 ALLIANCE,2025
PIAGGIO,PIAGGIO 1,2022
FORD,F-750 SD,2025
FORD,F-650 SD,2025
FORD,F-650 INCOMPLETE CHASSIS,2024
FORD,F-750 SD,2024
VOLKSWAGEN,PASSAT,2017
VOLKSWAGEN,GOLF,2017
VOLKSWAGEN,GTI,2026
VOLKSWAGEN,GOLF R,2026
VOLKSWAGEN,GOLF SPORTWAGEN,2015
MITSUBISHI,OUTLANDER,2025
MITSUBISHI,OUTLANDER PHEV,2022
MITSUBISHI,MIRAGE,2024
MITSUBISHI,MIRAGE G4,2024
MITSUBISHI,OUTLANDER SPORT,2024
MITSUBISHI,OUTLANDER SPORT,2025
MITSUBISHI,ECLIPSE CROSS,2018
MITSUBISHI,ECLIPSE CROSS,2020
MITSUBISHI,ECLIPSE CROSS,2019
MITSUBISHI,OUTLANDER PHEV,2020
MITSUBISHI,OUTLANDER PHEV,2021
MITSUBISHI,OUTLANDER PHEV,2018
MITSUBISHI,OUTLANDER PHEV,2019
FREIGHTLINER,SPRINTER 1500,2019
MERCEDES-BENZ,SPRINTER 1500,2022
MERCEDES-BENZ,SPRINTER 1500,2019
MERCEDES-BENZ,METRIS,2020
MERCEDES-BENZ,METRIS,2019
MERCEDES-BENZ,METRIS,2018
MERCEDES-BENZ,METRIS,2015
MERCEDES-BENZ,METRIS,2016
MERCEDES-BENZ,METRIS,2017
FREIGHTLINER,SPRINTER 1500,2022
MERCEDES-BENZ,METRIS,2022
FREIGHTLINER,SPRINTER 1500,2020
MERCEDES-BENZ,SPRINTER 1500,2020
FREIGHTLINER,SPRINTER 1500,2021
MERCEDES-BENZ,METRIS,2023
MERCEDES-BENZ,METRIS,2021
MERCEDES-BENZ,SPRINTER 1500,2021
ARBOC SPECIALTY VEHICLES,SPIRIT OF MOBILITY,2022
ARBOC SPECIALTY VEHICLES,SPIRIT OF MOBILITY,2023
ARBOC SPECIALTY VEHICLES,SPIRIT OF MOBILITY,2024
ARBOC,SPIRIT OF MOBILITY,2019
ARBOC SPECIALTY VEHICLES,SPIRIT OF EQUESS,2023
ARBOC SPECIALTY VEHICLES,SPIRIT OF EQUESS,2022
ARBOC SPECIALTY VEHICLES,SPIRIT OF FREEDOM,2022
PLEASURE WAY,ONTOUR,2024
PLEASURE WAY,ONTOUR,2022
PLEASURE WAY,PLATEAU,2022
PLEASURE WAY,TOFINO,2022
PLEASURE WAY,EXCEL,2006
JAGUAR,I-PACE,2023
JAGUAR,I-PACE,2019
LAND ROVER,RANGE ROVER SPORT,2025
SUZUKI,UH200,2017
SUZUKI,UH200,2015
SUZUKI,UH200,2018
SUZUKI,UH200,2020
SUZUKI,UH200,2022
SUZUKI,UH200,2019
SUZUKI,UH200,2014
SUZUKI,UH200,2016
KAWASAKI,AFTERMARKET FOOTPEG,9999
LAND ROVER,DISCOVERY SPORT,2017
LAND ROVER,DISCOVERY SPORT,2018
PROTERRA,ECORIDE,2011
PROTERRA,ECORIDE,2010
NIKOLA,TRE FCEV,2024
NIKOLA,TRE FCEV,2025
HARLEY-DAVIDSON,FLHTCUTGSE,2022
HARLEY-DAVIDSON,FLRT,2023
HARLEY-DAVIDSON,FLTRT,2024
HARLEY-DAVIDSON,FLRT,2022
HARLEY-DAVIDSON,FLRT,2021
HARLEY-DAVIDSON,FLHTCUTGSE,2020
HARLEY-DAVIDSON,FLHTCUTGSE,2019
HARLEY-DAVIDSON,FLHTCUTG,2020
HARLEY-DAVIDSON,FLHTCUTG,2019
HARLEY-DAVIDSON,FLHTCUTG ANV,2018
HARLEY-DAVIDSON,FLHTCUTG,2018
HARLEY-DAVIDSON,FLHTCUTG,2017
HARLEY-DAVIDSON,FLHTCUTG,2016
HARLEY-DAVIDSON,FLHTCUTG,2015
HARLEY-DAVIDSON,FLHTCUTG,2014
HARLEY-DAVIDSON,FLHTCUTG,2013
HARLEY-DAVIDSON,FLHTCUTG,2023
HARLEY-DAVIDSON,FLHTCUTG,2011
HARLEY-DAVIDSON,FLHTCUTG,2012
HARLEY-DAVIDSON,FLHTCUTG,2010
HARLEY-DAVIDSON,FLHTCUTG,2009
HARLEY-DAVIDSON,FLRT,2020
HARLEY-DAVIDSON,FLHTCUTGANV,2023
HARLEY-DAVIDSON,FLRT,2019
HARLEY-DAVIDSON,FLRT,2018
HARLEY-DAVIDSON,FLRT,2017
HARLEY-DAVIDSON,FLRT,2016
HARLEY-DAVIDSON,FLHTCUTG,2024
HARLEY-DAVIDSON,FLRT,2015
HARLEY-DAVIDSON,FLHTCUTGSE,2021
HARLEY-DAVIDSON,FLHTCUTG,2021
HARLEY-DAVIDSON,FLTRT,2023
HARLEY-DAVIDSON,FLHTCUTG,2022
HARLEY-DAVIDSON,FLHXXX,2011
HARLEY-DAVIDSON,FLHXXX,2012
HARLEY-DAVIDSON,FLHXXX,2010
HARLEY-DAVIDSON,FLRT,2024
HARLEY-DAVIDSON,FLHRXS,2023
HARLEY-DAVIDSON,FXLR,2020
HARLEY-DAVIDSON,FXLRS,2020
HARLEY-DAVIDSON,FXST,2020
HARLEY-DAVIDSON,FLFBSANV,2020
HARLEY-DAVIDSON,FLHTK SHRINE,2020
HARLEY-DAVIDSON,FLHC,2021
HARLEY-DAVIDSON,FLHCS,2021
HARLEY-DAVIDSON,FLFBS,2021
HARLEY-DAVIDSON,FXST,2021
HARLEY-DAVIDSON,FLSL,2021
HARLEY-DAVIDSON,FXBBS,2021
HARLEY-DAVIDSON,FXFBS,2021
HARLEY-DAVIDSON,FLSB,2021
HARLEY-DAVIDSON,FXLRS,2021
HARLEY-DAVIDSON,FLHP,2021
HARLEY-DAVIDSON,FLHR,2021
HARLEY-DAVIDSON,FLHRXS,2021
HARLEY-DAVIDSON,FLHTK,2021
HARLEY-DAVIDSON,FLHTK SHRINE,2021
HARLEY-DAVIDSON,FLHTP,2021
HARLEY-DAVIDSON,FLHX,2021
HARLEY-DAVIDSON,FLHXS,2021
HARLEY-DAVIDSON,FLTRX,2021
HARLEY-DAVIDSON,FLTRXS,2021
HARLEY-DAVIDSON,FLHT,2021
HARLEY-DAVIDSON,FLTRK,2021
HARLEY-DAVIDSON,FLHTKSE,2021
HARLEY-DAVIDSON,FLHXSE,2021
HARLEY-DAVIDSON,FLTRXSE,2021
HARLEY-DAVIDSON,FLH,2021
HARLEY-DAVIDSON,FLHXST,2022
HARLEY-DAVIDSON,FLTRXST,2022
HARLEY-DAVIDSON,FLFBS,2022
HARLEY-DAVIDSON,FLHCS,2022
HARLEY-DAVIDSON,FLHP,2022
HARLEY-DAVIDSON,FLHR,2022
HARLEY-DAVIDSON,FLHRXS,2022
HARLEY-DAVIDSON,FLHT,2022
HARLEY-DAVIDSON,FLHTK,2022
HARLEY-DAVIDSON,FLHTP,2022
HARLEY-DAVIDSON,FLHX,2022
HARLEY-DAVIDSON,FLHXS,2022
HARLEY-DAVIDSON,FLTRK,2022
HARLEY-DAVIDSON,FLTRKSE,2022
HARLEY-DAVIDSON,FLTRX,2022
HARLEY-DAVIDSON,FLTRXS,2022
HARLEY-DAVIDSON,FLTRXSE,2022
HARLEY-DAVIDSON,FXBBS,2022
HARLEY-DAVIDSON,FXBRS,2022
HARLEY-DAVIDSON,FXFBS,2022
HARLEY-DAVIDSON,FXST,2022
HARLEY-DAVIDSON,FXLRST,2022
HARLEY-DAVIDSON,FXLRS,2022
HARLEY-DAVIDSON,FLHTK SHRINE,2022
HARLEY-DAVIDSON,FLHXSE,2022
HARLEY-DAVIDSON,FLSB,2022
HARLEY-DAVIDSON,FXRST,2022
HARLEY-DAVIDSON,FLHCS,2023
HARLEY-DAVIDSON,FLHCS ANV,2023
HARLEY-DAVIDSON,FLFBS,2023
HARLEY-DAVIDSON,FLFBSANV,2023
HARLEY-DAVIDSON,FLHTCUL,2017
HARLEY-DAVIDSON,FXST,2023
HARLEY-DAVIDSON,FXBBS,2023
HARLEY-DAVIDSON,FXFBS,2023
HARLEY-DAVIDSON,FXLRS,2023
HARLEY-DAVIDSON,FXLRST,2023
HARLEY-DAVIDSON,FXBR,2023
HARLEY-DAVIDSON,FLHP,2023
HARLEY-DAVIDSON,FLHTK,2023
HARLEY-DAVIDSON,FLHTKANV,2023
HARLEY-DAVIDSON,FLHTK SHRINE,2023
HARLEY-DAVIDSON,FLHTP,2023
HARLEY-DAVIDSON,FLHX,2023
HARLEY-DAVIDSON,FLHXS,2023
HARLEY-DAVIDSON,FLHXSANV,2023
HARLEY-DAVIDSON,FLTRX,2023
HARLEY-DAVIDSON,FLTRXS,2023
HARLEY-DAVIDSON,FLTRXSANV,2023
HARLEY-DAVIDSON,FXBRS,2023
HARLEY-DAVIDSON,FLTRK,2023
HARLEY-DAVIDSON,FLHXST,2023
HARLEY-DAVIDSON,FLTRXST,2023
HARLEY-DAVIDSON,FLHFB,2023
HARLEY-DAVIDSON,FLTRKSE ANV,2023
HARLEY-DAVIDSON,FLTRXSTSE,2023
HARLEY-DAVIDSON,FLHX,2024
HARLEY-DAVIDSON,FLHCS,2024
HARLEY-DAVIDSON,FLFBS,2024
HARLEY-DAVIDSON,FXBBS,2024
HARLEY-DAVIDSON,FLHP,2024
HARLEY-DAVIDSON,FLHRXS,2024
HARLEY-DAVIDSON,FLHTK,2024
HARLEY-DAVIDSON,FLHTP,2024
HARLEY-DAVIDSON,FLTRXP,2024
HARLEY-DAVIDSON,FLTRK,2024
HARLEY-DAVIDSON,FXST,2024
HARLEY-DAVIDSON,FXLRS,2024
HARLEY-DAVIDSON,FXLRST,2024
HARLEY-DAVIDSON,FXBR,2024
HARLEY-DAVIDSON,FLI,2024
HARLEY-DAVIDSON,FXFBS,2024
HARLEY-DAVIDSON,FLHTK,2017
HARLEY-DAVIDSON,FLHTKSE,2017
HARLEY-DAVIDSON,FLHR,2017
HARLEY-DAVIDSON,FLHP,2017
HARLEY-DAVIDSON,FLHTCU,2017
HARLEY-DAVIDSON,FLHTP,2017
HARLEY-DAVIDSON,FLHRXS,2017
HARLEY-DAVIDSON,FLHX,2017
HARLEY-DAVIDSON,FLHXS,2017
HARLEY-DAVIDSON,FLTRX,2017
HARLEY-DAVIDSON,FLTRXS,2017
HARLEY-DAVIDSON,FLTRU,2017
HARLEY-DAVIDSON,FLHTKL,2017
HARLEY-DAVIDSON,FLHTCUTC,2017
HARLEY-DAVIDSON,FLHXSE,2017
HARLEY-DAVIDSON,FLDE,2017
HARLEY-DAVIDSON,FLHC,2017
HARLEY-DAVIDSON,FLHTK,2018
HARLEY-DAVIDSON,FLHR,2018
HARLEY-DAVIDSON,FLHTCU,2018
HARLEY-DAVIDSON,FLHTKL,2018
HARLEY-DAVIDSON,FLHXS,2018
HARLEY-DAVIDSON,FLTRX,2018
HARLEY-DAVIDSON,FLTRXS,2018
HARLEY-DAVIDSON,FXSB,2018
HARLEY-DAVIDSON,FLSL,2018
HARLEY-DAVIDSON,FXDB,2018
HARLEY-DAVIDSON,FLDE,2018
HARLEY-DAVIDSON,FLHTKSE,2018
HARLEY-DAVIDSON,FLHXSE,2018
HARLEY-DAVIDSON,FLHP,2018
HARLEY-DAVIDSON,FLHTP,2018
HARLEY-DAVIDSON,FLFB,2018
HARLEY-DAVIDSON,FLFBS,2018
HARLEY-DAVIDSON,FLFBS ANV,2018
HARLEY-DAVIDSON,FLFBS ANX,2018
HARLEY-DAVIDSON,FXBR,2018
HARLEY-DAVIDSON,FXBRS,2018
HARLEY-DAVIDSON,FXBRS ANX,2018
HARLEY-DAVIDSON,FLHX,2018
HARLEY-DAVIDSON,FLSB,2018
HARLEY-DAVIDSON,FLHCS,2018
HARLEY-DAVIDSON,FXFBS,2018
HARLEY-DAVIDSON,FLHRXS,2018
HARLEY-DAVIDSON,FLTRU,2018
HARLEY-DAVIDSON,FLTRXSE,2018
HARLEY-DAVIDSON,FXLR,2018
HARLEY-DAVIDSON,FXBB,2018
HARLEY-DAVIDSON,FLHTK ANV,2018
HARLEY-DAVIDSON,FLHTKSE ANV,2018
HARLEY-DAVIDSON,FLHC,2018
HARLEY-DAVIDSON,FLHX ANV,2018
HARLEY-DAVIDSON,FLHX ANX,2018
HARLEY-DAVIDSON,FLHCS ANV,2018
HARLEY-DAVIDSON,FXFB,2018
HARLEY-DAVIDSON,FLHTKSE,2019
HARLEY-DAVIDSON,FLHXSE,2019
HARLEY-DAVIDSON,FLHTCU,2019
HARLEY-DAVIDSON,FLHTK,2019
HARLEY-DAVIDSON,FLHTKL,2019
HARLEY-DAVIDSON,FLHTP,2019
HARLEY-DAVIDSON,FLHX,2019
HARLEY-DAVIDSON,FLHXS,2019
HARLEY-DAVIDSON,FLTRU,2019
HARLEY-DAVIDSON,FLTRX,2019
HARLEY-DAVIDSON,FLTRXS,2019
HARLEY-DAVIDSON,FLTRXSE,2019
HARLEY-DAVIDSON,FLHR,2019
HARLEY-DAVIDSON,FLHCS,2019
HARLEY-DAVIDSON,FXDRS,2019
HARLEY-DAVIDSON,FXLR,2019
HARLEY-DAVIDSON,FXBB,2019
HARLEY-DAVIDSON,FLHC,2019
HARLEY-DAVIDSON,FLDE,2019
HARLEY-DAVIDSON,FLSL,2019
HARLEY-DAVIDSON,FXBR,2019
HARLEY-DAVIDSON,FLFB,2019
HARLEY-DAVIDSON,FLFBS,2019
HARLEY-DAVIDSON,FXBRS,2019
HARLEY-DAVIDSON,FXFB,2019
HARLEY-DAVIDSON,FXFBS,2019
HARLEY-DAVIDSON,FLSB,2019
HARLEY-DAVIDSON,FLHRXS,2019
HARLEY-DAVIDSON,FLHT,2019
HARLEY-DAVIDSON,FLHP,2019
HARLEY-DAVIDSON,FLTRX,2020
HARLEY-DAVIDSON,FLHRXS,2020
HARLEY-DAVIDSON,FLHTK,2020
HARLEY-DAVIDSON,FLHXS,2020
HARLEY-DAVIDSON,FLHR,2020
HARLEY-DAVIDSON,FLTRXS,2020
HARLEY-DAVIDSON,FLHT,2020
HARLEY-DAVIDSON,FLHX,2020
HARLEY-DAVIDSON,FLSL,2020
HARLEY-DAVIDSON,FLSB,2020
HARLEY-DAVIDSON,FXDRS,2020
HARLEY-DAVIDSON,FXBRS,2020
HARLEY-DAVIDSON,FLHCS,2020
HARLEY-DAVIDSON,FLHTKSE,2020
HARLEY-DAVIDSON,FLDE,2020
HARLEY-DAVIDSON,FLFBS,2020
HARLEY-DAVIDSON,FLTRK,2020
HARLEY-DAVIDSON,FLHP,2020
HARLEY-DAVIDSON,FXBB,2020
HARLEY-DAVIDSON,FLHC,2020
HARLEY-DAVIDSON,FLHTP,2020
HARLEY-DAVIDSON,FLHXSE,2020
HARLEY-DAVIDSON,FLTRXSE,2020
HARLEY-DAVIDSON,FXFBS,2020
HARLEY-DAVIDSON,FXDB,2015
HARLEY-DAVIDSON,FLHTP,2015
HARLEY-DAVIDSON,FLSTC,2015
HARLEY-DAVIDSON,FLHTCUL TC,2015
HARLEY-DAVIDSON,FLHTK,2015
HARLEY-DAVIDSON,FLTRXS,2015
HARLEY-DAVIDSON,FXDL,2015
HARLEY-DAVIDSON,FLTRX,2015
HARLEY-DAVIDSON,FLHR,2015
HARLEY-DAVIDSON,FLHRC,2015
HARLEY-DAVIDSON,FLHXSE,2015
HARLEY-DAVIDSON,FLD,2015
HARLEY-DAVIDSON,FLHX103,2014
HARLEY-DAVIDSON,FLTRUSE,2015
HARLEY-DAVIDSON,FLHTCU103,2014
HARLEY-DAVIDSON,FLS103,2015
HARLEY-DAVIDSON,FLSTF103,2015
HARLEY-DAVIDSON,FXDF,2015
HARLEY-DAVIDSON,FLHTCU,2015
HARLEY-DAVIDSON,FLHP,2015
HARLEY-DAVIDSON,FLSTN,2015
HARLEY-DAVIDSON,FLSTFB,2015
HARLEY-DAVIDSON,FLHXS,2015
HARLEY-DAVIDSON,FXSB,2015
HARLEY-DAVIDSON,FLHTKSE,2015
HARLEY-DAVIDSON,FLHTCUL,2015
HARLEY-DAVIDSON,FLSTNSE,2015
HARLEY-DAVIDSON,FLHTCU TC,2015
HARLEY-DAVIDSON,FLHTKL,2015
HARLEY-DAVIDSON,FLSTFB,2014
HARLEY-DAVIDSON,FLHP,2016
HARLEY-DAVIDSON,FLHR,2016
HARLEY-DAVIDSON,FLHX,2015
HARLEY-DAVIDSON,FXDF,2014
HARLEY-DAVIDSON,FLHTCU TC,2014
HARLEY-DAVIDSON,FLD,2016
HARLEY-DAVIDSON,FLHRC,2013
HARLEY-DAVIDSON,FLHTCU103,2012
HARLEY-DAVIDSON,FLHTK,2014
HARLEY-DAVIDSON,FLHTP,2012
HARLEY-DAVIDSON,FLHTCUSE7,2012
HARLEY-DAVIDSON,FLHXSE3,2012
HARLEY-DAVIDSON,FLTRXSE,2012
HARLEY-DAVIDSON,FLHTK,2012
HARLEY-DAVIDSON,FLTRX103,2013
HARLEY-DAVIDSON,FLHP,2012
HARLEY-DAVIDSON,FXS,2012
HARLEY-DAVIDSON,FLSTC,2012
HARLEY-DAVIDSON,FXDC,2012
HARLEY-DAVIDSON,FLHX103,2013
HARLEY-DAVIDSON,FLD,2012
HARLEY-DAVIDSON,FLSTN,2012
HARLEY-DAVIDSON,FLSTSE3,2012
HARLEY-DAVIDSON,FLSTFB,2012
HARLEY-DAVIDSON,FXDB,2012
HARLEY-DAVIDSON,FLHTCU103,2013
HARLEY-DAVIDSON,FXDF,2012
HARLEY-DAVIDSON,FXDL,2012
HARLEY-DAVIDSON,FLHRC103,2012
HARLEY-DAVIDSON,FLTRU103,2012
HARLEY-DAVIDSON,FLTRX103,2012
HARLEY-DAVIDSON,FLHR103,2013
HARLEY-DAVIDSON,FLHTC103,2012
HARLEY-DAVIDSON,FLHX103,2012
HARLEY-DAVIDSON,FXSB,2013
HARLEY-DAVIDSON,FLTRU,2013
HARLEY-DAVIDSON,FLTRXSE2,2013
HARLEY-DAVIDSON,FLHTK,2013
HARLEY-DAVIDSON,FLHTC,2013
HARLEY-DAVIDSON,FLHTCU,2013
HARLEY-DAVIDSON,FLHX,2013
HARLEY-DAVIDSON,FLHP,2013
HARLEY-DAVIDSON,FLTRU103,2013
HARLEY-DAVIDSON,FLHTP,2013
HARLEY-DAVIDSON,FLTRX,2013
HARLEY-DAVIDSON,FXSBSE,2013
HARLEY-DAVIDSON,FLSTC,2013
HARLEY-DAVIDSON,FXDWG,2013
HARLEY-DAVIDSON,FLHTCUSE8,2013
HARLEY-DAVIDSON,FLHR,2013
HARLEY-DAVIDSON,FLSTN,2013
HARLEY-DAVIDSON,FXDC,2013
HARLEY-DAVIDSON,FXDB,2013
HARLEY-DAVIDSON,FXDL,2013
HARLEY-DAVIDSON,FLHRSE,2013
HARLEY-DAVIDSON,FXDF,2013
HARLEY-DAVIDSON,FLS,2013
HARLEY-DAVIDSON,FXDBP,2013
HARLEY-DAVIDSON,FLSTFB,2013
HARLEY-DAVIDSON,FLHP,2008
HARLEY-DAVIDSON,FLHPE,2008
HARLEY-DAVIDSON,FLHR,2008
HARLEY-DAVIDSON,FLHRC,2008
HARLEY-DAVIDSON,FLHRSE4,2008
HARLEY-DAVIDSON,FLHT,2008
HARLEY-DAVIDSON,FLHTC,2008
HARLEY-DAVIDSON,FLHTCU,2008
HARLEY-DAVIDSON,FLHTCUSE3,2008
HARLEY-DAVIDSON,FLHTP,2008
HARLEY-DAVIDSON,FLHX,2008
HARLEY-DAVIDSON,FLTR,2008
HARLEY-DAVIDSON,FXDSE2,2008
HARLEY-DAVIDSON,FXST,2008
HARLEY-DAVIDSON,FLHRS,2008
HARLEY-DAVIDSON,FXSTSSE2,2008
HARLEY-DAVIDSON,FLHX ANV,2008
HARLEY-DAVIDSON,FLHTCU,2009
HARLEY-DAVIDSON,FLHRC,2009
HARLEY-DAVIDSON,FLHR,2009
HARLEY-DAVIDSON,FLHT,2009
HARLEY-DAVIDSON,FLHTC,2009
HARLEY-DAVIDSON,FLHX,2009
HARLEY-DAVIDSON,FLSTC,2009
HARLEY-DAVIDSON,FXD,2009
HARLEY-DAVIDSON,FLD,2014
HARLEY-DAVIDSON,FXDB,2009
HARLEY-DAVIDSON,FXDC,2009
HARLEY-DAVIDSON,FXDF,2009
HARLEY-DAVIDSON,FXDL,2009
HARLEY-DAVIDSON,FXDWG,2014
HARLEY-DAVIDSON,FLHTK,2009
HARLEY-DAVIDSON,FLHP,2009
HARLEY-DAVIDSON,FLHPE,2009
HARLEY-DAVIDSON,FXDB,2014
HARLEY-DAVIDSON,FLHTCUH,2009
HARLEY-DAVIDSON,FLHTP,2009
HARLEY-DAVIDSON,FLHTPH,2009
HARLEY-DAVIDSON,FLSTF,2009
HARLEY-DAVIDSON,FXDC,2014
HARLEY-DAVIDSON,FLSTN,2009
HARLEY-DAVIDSON,FLTR,2009
HARLEY-DAVIDSON,FXCW,2009
HARLEY-DAVIDSON,FXCWC,2009
HARLEY-DAVIDSON,FLSTN,2014
HARLEY-DAVIDSON,FLHTCUSE4,2009
HARLEY-DAVIDSON,FLSTSB,2009
HARLEY-DAVIDSON,FXSTB,2009
HARLEY-DAVIDSON,FLTRSE3,2009
HARLEY-DAVIDSON,FLSTC,2014
HARLEY-DAVIDSON,FXDFSE,2009
HARLEY-DAVIDSON,FXST,2009
HARLEY-DAVIDSON,FXSTC,2009
HARLEY-DAVIDSON,FXSTSSE3,2009
HARLEY-DAVIDSON,FXDL,2014
HARLEY-DAVIDSON,FXDB,2010
HARLEY-DAVIDSON,FXDC,2010
HARLEY-DAVIDSON,FXDL,2010
HARLEY-DAVIDSON,FLHRC,2010
HARLEY-DAVIDSON,FLHRC,2014
HARLEY-DAVIDSON,FLHT,2010
HARLEY-DAVIDSON,FLHP,2010
HARLEY-DAVIDSON,FLHR,2010
HARLEY-DAVIDSON,FLHTC,2010
HARLEY-DAVIDSON,FLHR,2014
HARLEY-DAVIDSON,FLHTCU,2010
HARLEY-DAVIDSON,FLHTP,2010
HARLEY-DAVIDSON,FLHX,2010
HARLEY-DAVIDSON,FLSTC,2010
HARLEY-DAVIDSON,FXSB,2014
HARLEY-DAVIDSON,FLSTF,2010
HARLEY-DAVIDSON,FLSTFB,2010
HARLEY-DAVIDSON,FLSTN,2010
HARLEY-DAVIDSON,FLSTSB,2010
HARLEY-DAVIDSON,FLSTSE,2010
HARLEY-DAVIDSON,FLHP,2014
HARLEY-DAVIDSON,FXCWC,2010
HARLEY-DAVIDSON,FXD,2010
HARLEY-DAVIDSON,FXDF,2010
HARLEY-DAVIDSON,FXST,2010
HARLEY-DAVIDSON,FXSTC,2010
HARLEY-DAVIDSON,FXDWG,2010
HARLEY-DAVIDSON,FLSTNSE,2014
HARLEY-DAVIDSON,FLTRX,2010
HARLEY-DAVIDSON,FLHTK,2010
HARLEY-DAVIDSON,FLHPE,2010
HARLEY-DAVIDSON,FLHTCUSE5,2010
HARLEY-DAVIDSON,FXSBSE,2014
HARLEY-DAVIDSON,FLHXSE,2010
HARLEY-DAVIDSON,FLTRU,2010
HARLEY-DAVIDSON,FXDFSE2,2010
HARLEY-DAVIDSON,FLHRX103,2011
HARLEY-DAVIDSON,FLHP,2011
HARLEY-DAVIDSON,FLHRC,2011
HARLEY-DAVIDSON,FLHRUSE,2011
HARLEY-DAVIDSON,FLHTC,2011
HARLEY-DAVIDSON,FLHTCU,2011
HARLEY-DAVIDSON,FLHTK,2011
HARLEY-DAVIDSON,FLHTP,2011
HARLEY-DAVIDSON,FLHX,2011
HARLEY-DAVIDSON,FLSTC,2011
HARLEY-DAVIDSON,FLSTF,2011
HARLEY-DAVIDSON,FLSTFB,2011
HARLEY-DAVIDSON,FLSTN,2011
HARLEY-DAVIDSON,FLHRSE,2014
HARLEY-DAVIDSON,FLSTSB,2011
HARLEY-DAVIDSON,FLTRU,2011
HARLEY-DAVIDSON,FXST,2011
HARLEY-DAVIDSON,FXCWC,2011
HARLEY-DAVIDSON,FXDB,2011
HARLEY-DAVIDSON,FXDC,2011
HARLEY-DAVIDSON,FLHTKSE,2014
HARLEY-DAVIDSON,FXDF,2011
HARLEY-DAVIDSON,FXDWG,2011
HARLEY-DAVIDSON,FLTRUSE,2011
HARLEY-DAVIDSON,FLHR,2011
HARLEY-DAVIDSON,FLHPE,2011
HARLEY-DAVIDSON,FLHXS,2014
HARLEY-DAVIDSON,FLHTCUSE6,2011
HARLEY-DAVIDSON,FLTRX,2011
HARLEY-DAVIDSON,FLHXSE2,2011
HARLEY-DAVIDSON,FLHX,2014
HARLEY-DAVIDSON,FLSTSE2,2011
HARLEY-DAVIDSON,FXS,2011
HARLEY-DAVIDSON,FLHR103,2011
HARLEY-DAVIDSON,FLHRC103,2011
HARLEY-DAVIDSON,FLHTC103,2011
HARLEY-DAVIDSON,FLHTP,2014
HARLEY-DAVIDSON,FLHTCU103,2011
HARLEY-DAVIDSON,FLHX103,2011
HARLEY-DAVIDSON,FLTRU103,2011
HARLEY-DAVIDSON,FLTRX103,2011
HARLEY-DAVIDSON,FXDL,2011
HARLEY-DAVIDSON,FLHTCU,2014
HARLEY-DAVIDSON,FLHR,2012
HARLEY-DAVIDSON,FLHTC,2012
HARLEY-DAVIDSON,FLHX,2012
HARLEY-DAVIDSON,FXD,2006
HARLEY-DAVIDSON,FXDC,2006
HARLEY-DAVIDSON,FXDCI,2006
HARLEY-DAVIDSON,FXDI,2006
HARLEY-DAVIDSON,FXDL,2006
HARLEY-DAVIDSON,FXDLI,2006
HARLEY-DAVIDSON,FXD35,2006
HARLEY-DAVIDSON,FXDBI,2006
HARLEY-DAVIDSON,FXDWGI,2006
HARLEY-DAVIDSON,FLSTF,2007
HARLEY-DAVIDSON,FXCW,2007
HARLEY-DAVIDSON,FXST,2007
HARLEY-DAVIDSON,FLSTC,2007
HARLEY-DAVIDSON,FLHTP,2007
HARLEY-DAVIDSON,FLHRC,2007
HARLEY-DAVIDSON,FLHTCU,2007
HARLEY-DAVIDSON,FXSTB,2007
HARLEY-DAVIDSON,FXSTD,2007
HARLEY-DAVIDSON,FXSTS,2007
HARLEY-DAVIDSON,FXSTC,2007
HARLEY-DAVIDSON,FXDC,2007
HARLEY-DAVIDSON,FXSTSSE,2007
HARLEY-DAVIDSON,FLSTN,2007
HARLEY-DAVIDSON,FLSTSC,2007
HARLEY-DAVIDSON,FLTR,2007
HARLEY-DAVIDSON,FXD,2007
HARLEY-DAVIDSON,FXDB,2007
HARLEY-DAVIDSON,FXDL,2007
HARLEY-DAVIDSON,FXDSE,2007
HARLEY-DAVIDSON,FXDWG,2007
HARLEY-DAVIDSON,FLHX,2007
HARLEY-DAVIDSON,FLST,2007
HARLEY-DAVIDSON,FLHTCUSE2,2007
HARLEY-DAVIDSON,FLHR,2007
HARLEY-DAVIDSON,FLHRS,2007
HARLEY-DAVIDSON,FLHRSE3,2007
HARLEY-DAVIDSON,FLHT,2007
HARLEY-DAVIDSON,FLHTC,2007
HARLEY-DAVIDSON,FLHP,2007
HARLEY-DAVIDSON,FLHPE,2007
HARLEY-DAVIDSON,FLSTC,2008
HARLEY-DAVIDSON,FLSTF,2008
HARLEY-DAVIDSON,FLSTN,2008
HARLEY-DAVIDSON,FXDF,2008
HARLEY-DAVIDSON,FXSTB,2008
HARLEY-DAVIDSON,FXCW,2008
HARLEY-DAVIDSON,FXCWC,2008
HARLEY-DAVIDSON,FXD,2008
HARLEY-DAVIDSON,FXDB,2008
HARLEY-DAVIDSON,FXDC,2008
HARLEY-DAVIDSON,FXDL,2008
HARLEY-DAVIDSON,FXDWG,2008
HARLEY-DAVIDSON,FLSTSB,2008
HARLEY-DAVIDSON,FXSTC,2008
HARLEY-DAVIDSON,FLHRC,2016
HARLEY-DAVIDSON,FLHTCU,2016
HARLEY-DAVIDSON,FLHTCUL,2016
HARLEY-DAVIDSON,FLHTK,2016
HARLEY-DAVIDSON,FLHTKL,2016
HARLEY-DAVIDSON,FLHTKSE,2016
HARLEY-DAVIDSON,FLHTP,2016
HARLEY-DAVIDSON,FLHX,2016
HARLEY-DAVIDSON,FLHXS,2016
HARLEY-DAVIDSON,FLHXSE,2016
HARLEY-DAVIDSON,FLSTC,2016
HARLEY-DAVIDSON,FLSTFB,2016
HARLEY-DAVIDSON,FLSTN,2016
HARLEY-DAVIDSON,FLTRUSE,2016
HARLEY-DAVIDSON,FLTRX,2016
HARLEY-DAVIDSON,FLTRXS,2016
HARLEY-DAVIDSON,FXDB,2016
HARLEY-DAVIDSON,FXDF,2016
HARLEY-DAVIDSON,FXDL,2016
HARLEY-DAVIDSON,FXSB,2016
HARLEY-DAVIDSON,FLTRU,2016
HARLEY-DAVIDSON,FLSTFBS,2016
HARLEY-DAVIDSON,FLSS,2016
HARLEY-DAVIDSON,FXSE,2016
HARLEY-DAVIDSON,FLSTF,2016
HARLEY-DAVIDSON,FXDWG,2016
HARLEY-DAVIDSON,FXDLS,2016
HARLEY-DAVIDSON,FXDBP 103,2016
HARLEY-DAVIDSON,FXDBC 103,2016
HARLEY-DAVIDSON,FLS103,2016
HARLEY-DAVIDSON,FXDL,2017
HARLEY-DAVIDSON,FLSTC,2017
HARLEY-DAVIDSON,FLSS,2017
HARLEY-DAVIDSON,FXSB,2017
HARLEY-DAVIDSON,FLSTFB,2017
HARLEY-DAVIDSON,FLSTF,2017
HARLEY-DAVIDSON,FLSTN,2017
HARLEY-DAVIDSON,FLS,2017
HARLEY-DAVIDSON,FLSTFBS,2017
HARLEY-DAVIDSON,FXDWG,2017
HARLEY-DAVIDSON,FXDLS,2017
HARLEY-DAVIDSON,FXDB,2017
HARLEY-DAVIDSON,FXDF,2017
HARLEY-DAVIDSON,FXDBP 103,2017
HARLEY-DAVIDSON,FXSE,2017
HARLEY-DAVIDSON,LWZX350RA,2024
HARLEY-DAVIDSON,X350RA,2023
NEW FLYER,XD40,2021
HARLEY-DAVIDSON,FLTRX,2024
HARLEY-DAVIDSON,FLTRXSTSE,2024
HARLEY-DAVIDSON,FLTRXSE,2023
HARLEY-DAVIDSON,FLHXSE,2023
HARLEY-DAVIDSON,FLHXSE,2024
HARLEY-DAVIDSON,FLTRXSE,2024
MCLAREN,720S SPIDER,2019
MCLAREN,720S SPIDER,2020
MCLAREN,720S SPIDER,2021
MCLAREN,720S SPIDER,2022
MCLAREN,720S SPIDER,2023
BMW,M4,2024
BMW,M3,2024
BMW,M2,2024
BMW,I5 EDRIVE40,2024
BMW,I4,2024
BMW,740I,2023
BMW,I4,2023
BMW,K1200LT,2009
CHEVROLET,CORVETTE,2005
CHEVROLET,CORVETTE,2006
CHEVROLET,CORVETTE,2008
CHEVROLET,CORVETTE,2011
CHEVROLET,CORVETTE,2009
CHEVROLET,CORVETTE,2010
CHEVROLET,CORVETTE,2007
INFINITI,Q60,2021
INFINITI,Q60,2022
INFINITI,Q60,2020
INFINITI,Q50,2020
INFINITI,Q60,2019
INFINITI,Q50,2023
INFINITI,Q50,2022
INFINITI,Q50,2019
INFINITI,Q50,2024
INFINITI,Q50,2021
NISSAN,TITAN,2017
NISSAN,TITAN,2016
NISSAN,TITAN,2019
NISSAN,TITAN,2018
VOLVO,V90,2022
VOLVO,V90CC,2022
VOLVO,XC60,2021
VOLVO,EX30,2025
VOLVO,V70,2010
VOLVO,V90,2017
VOLVO,V90,2018
VOLVO,V90,2019
VOLVO,V90,2020
VOLVO,V90,2021
VOLVO,V90CC,2017
VOLVO,V90CC,2018
VOLVO,V90CC,2019
VOLVO,V90CC,2020
VOLVO,V90CC,2021
VOLVO,XC40,2019
VOLVO,XC40,2020
VOLVO,XC60,2010
VOLVO,XC60,2011
VOLVO,XC60,2012
VOLVO,XC60,2013
VOLVO,XC60,2014
VOLVO,XC60,2015
VOLVO,XC60,2016
VOLVO,XC60,2017
VOLVO,XC60,2018
VOLVO,XC60,2019
VOLVO,XC60,2020
VOLVO,XC60PHEV,2018
VOLVO,C70,2014
VOLVO,C70,2013
VOLVO,S60PHEV,2021
VOLVO,C70,2012
VOLVO,S60PHEV,2020
VOLVO,S60PHEV,2019
VOLVO,C70,2011
VOLVO,C70,2010
VOLVO,S60MHEV,2022
VOLVO,S60I,2018
VOLVO,C70,2009
VOLVO,S60I,2017
VOLVO,C70,2008
VOLVO,S60I,2016
VOLVO,S60CC,2018
VOLVO,C70,2007
VOLVO,C70,2006
VOLVO,S60CC,2017
VOLVO,S60CC,2016
VOLVO,S60,2022
VOLVO,C70,2005
VOLVO,S60,2021
VOLVO,S60,2020
VOLVO,C70,2004
VOLVO,S60,2019
VOLVO,C70,2003
VOLVO,S60,2018
VOLVO,S60,2017
VOLVO,C70,2002
VOLVO,C70,2001
VOLVO,S80,2005
VOLVO,S60,2016
VOLVO,S60,2015
VOLVO,S60,2014
VOLVO,S60,2013
VOLVO,S60,2012
VOLVO,S60,2011
VOLVO,XC90PHEV,2021
VOLVO,S60,2009
VOLVO,XC90PHEV,2020
VOLVO,S60,2008
VOLVO,S80,2004
VOLVO,XC90PHEV,2019
VOLVO,XC90PHEV,2018
VOLVO,S60,2007
VOLVO,S60,2006
VOLVO,S60,2005
VOLVO,XC90PHEV,2017
VOLVO,S60,2004
VOLVO,S60,2003
VOLVO,S60,2002
VOLVO,S60,2001
VOLVO,XC90PHEV,2016
VOLVO,S40,2011
VOLVO,S40,2012
VOLVO,S40,2010
VOLVO,S40,2009
VOLVO,S40,2008
VOLVO,S40,2007
VOLVO,XC90E,2018
VOLVO,S40,2006
VOLVO,S40,2005
VOLVO,XC90E,2017
VOLVO,S40,2004
VOLVO,S40,2003
VOLVO,S40,2002
VOLVO,XC90,2022
VOLVO,S80,2003
VOLVO,S40,2001
VOLVO,S40,2000
VOLVO,NO SUCH MODEL YEAR EX90,2024
VOLVO,C70,2000
VOLVO,XC90,2021
VOLVO,C30,2014
VOLVO,C30,2013
VOLVO,C30,2012
VOLVO,XC90,2020
VOLVO,C30,2011
VOLVO,C30,2010
VOLVO,XC90,2019
VOLVO,S80,2002
VOLVO,XC90,2018
VOLVO,S80,2001
VOLVO,S80,2000
VOLVO,XC90,2017
VOLVO,XC90,2016
VOLVO,XC90,2015
VOLVO,XC90,2014
VOLVO,V50,2007
VOLVO,XC90,2012
VOLVO,XC90,2011
VOLVO,XC90,2010
VOLVO,XC90,2009
VOLVO,XC90,2008
VOLVO,XC90,2007
VOLVO,XC90,2006
VOLVO,XC90,2005
VOLVO,XC90,2004
VOLVO,XC90,2003
VOLVO,XC70,2016
VOLVO,XC70,2015
VOLVO,XC70,2014
VOLVO,XC70,2013
VOLVO,XC70,2012
VOLVO,XC70,2011
VOLVO,XC70,2010
VOLVO,C30,2009
VOLVO,S70,2000
VOLVO,XC70,2009
VOLVO,XC70,2008
VOLVO,C30,2008
VOLVO,XC70,2007
VOLVO,XC70,2006
VOLVO,XC70,2005
VOLVO,XC70,2004
VOLVO,XC70,2003
VOLVO,XC70,2002
VOLVO,C30,2007
VOLVO,XC70,2001
VOLVO,XC60PHEV,2021
VOLVO,XC60PHEV,2020
VOLVO,S80,2006
VOLVO,S80,2007
VOLVO,S80,2008
VOLVO,S80,2009
VOLVO,S80,2010
VOLVO,S80,2011
VOLVO,S80,2012
VOLVO,S80,2013
VOLVO,S80,2014
VOLVO,S80,2015
VOLVO,S80,2016
VOLVO,S90,2017
VOLVO,S90,2018
VOLVO,XC60PHEV,2019
VOLVO,S90,2019
VOLVO,S90,2020
VOLVO,S90,2021
VOLVO,S90PHEV,2018
VOLVO,S90PHEV,2019
VOLVO,S90PHEV,2020
VOLVO,S90PHEV,2021
VOLVO,V40,2000
VOLVO,V40,2001
VOLVO,V40,2002
VOLVO,V40,2003
VOLVO,V40,2004
VOLVO,V50,2005
VOLVO,V50,2006
VOLVO,XC90,2013
VOLVO,V50,2008
VOLVO,V50,2009
VOLVO,V50,2010
VOLVO,V50,2011
VOLVO,V50,2012
VOLVO,V60,2015
VOLVO,V60,2016
VOLVO,V60,2017
VOLVO,V60,2018
VOLVO,V60,2019
VOLVO,V60,2020
VOLVO,V60,2021
VOLVO,V60,2022
VOLVO,V60CC,2015
VOLVO,V60CC,2016
VOLVO,V60CC,2017
VOLVO,V60CC,2018
VOLVO,V60CC,2019
VOLVO,V60CC,2020
VOLVO,V60CC,2021
VOLVO,V60CC,2022
VOLVO,V60PHEV,2019
VOLVO,V60PHEV,2020
VOLVO,V60PHEV,2021
VOLVO,V70,2000
VOLVO,V70,2001
VOLVO,V70,2002
VOLVO,V70,2003
VOLVO,V70,2004
VOLVO,V70,2005
VOLVO,V70,2006
VOLVO,V70,2007
VOLVO,V70,2008
VOLVO,V70,2009
HYUNDAI,TUCSON,2024
HYUNDAI,ELANTRA N,2023
HYUNDAI,ELANTRA N,2022
HYUNDAI,KONA N,2022
HYUNDAI,VELOSTER N,2021
HYUNDAI,VELOSTER N,2022
HYUNDAI,VELOSTER N,2020
HYUNDAI,VELOSTER N,2019
HYUNDAI,KONA N,2023
FIAT,500E,2024
FORD,ESCAPE HYBRID,2022
FORD,ESCAPE HYBRID,2023
FORD,ESCAPE HYBRID,2024
CHEVROLET,N300 MAX,2017
LEXUS,RC,2024
LEXUS,IS,2024
LEXUS,RC,2025
LEXUS,RC,2020
LEXUS,RX HYBRID,2021
LEXUS,RX HYBRID,2022
LEXUS,RC,2021
LEXUS,RC,2022
LEXUS,RC,2023
LEXUS,RX,2020
LEXUS,RX,2021
LEXUS,RX,2022
LEXUS,RX HYBRID,2020
LEXUS,LS,2022
LEXUS,LS,2021
LEXUS,LS,2020
LEXUS,LS,2019
LEXUS,LS,2018
LEXUS,LC,2023
LEXUS,LC,2022
LEXUS,LC,2021
LEXUS,LC,2020
LEXUS,LC,2019
LEXUS,LC,2018
LEXUS,IS,2025
LEXUS,IS,2023
LEXUS,IS,2022
LEXUS,GX,2023
LEXUS,GX,2022
LEXUS,UX,2022
LEXUS,ES,2022
LEXUS,NX HYBRID,2021
LEXUS,NX HYBRID,2019
LEXUS,NX HYBRID,2018
LEXUS,NX,2021
LEXUS,NX,2020
LEXUS,NX,2019
LEXUS,NX,2018
LEXUS,RC,2019
LEXUS,RC,2018
LEXUS,NX HYBRID,2020
LEXUS,GX,2025
TOYOTA,GRAND HIGHLANDER,2026
TOYOTA,GRAND HIGHLANDER HYBRID,2026
TOYOTA,HIGHLANDER,2026
TOYOTA,HIGHLANDER HYBRID,2026
TOYOTA,SEQUOIA HYBRID,2026
TOYOTA,SIENNA HYBRID,2026
TOYOTA,SUPRA,2026
TOYOTA,TACOMA HYBRID,2026
TOYOTA,TUNDRA,2026
TOYOTA,TUNDRA HYBRID,2026
TOYOTA,MIRAI,2026
TOYOTA,LAND CRUISER HYBRID,2026
TOYOTA,PRIUS,2026
TOYOTA,PRIUS PLUG-IN HYBRID,2026
TOYOTA,RAV4 HYBRID,2026
TOYOTA,RAV4 PLUG-IN HYBRID,2026
TOYOTA,COROLLA HYBRID,2026
TOYOTA,CROWN SIGNIA,2026
TOYOTA,GR COROLLA,2026
TOYOTA,CROWN,2026
TOYOTA,TACOMA,2026
TOYOTA,4RUNNER,2026
TOYOTA,4RUNNER I-FORCE MAX HYBRID,2026
TOYOTA,86,2026
TOYOTA,BZ WOODLAND,2026
TOYOTA,CAMRY HYBRID,2026
TOYOTA,COROLLA,2026
TOYOTA,COROLLA CROSS HYBRID,2026
TOYOTA,COROLLA HATCHBACK,2026
TOYOTA,COROLLA CROSS,2026
LEXUS,non-existant UX,2025
LEXUS,ES,2025
LEXUS,NX,2025
LEXUS,LX HYBRID,2025
LEXUS,LX,2025
LEXUS,LS,2025
LEXUS,LC,2025
TOYOTA,VENZA HYBRID,2025
TOYOTA,YARIS,2025
TOYOTA,YARIS,2024
LEXUS,RZ,2023
LEXUS,RX HYBRID,2024
LEXUS,RX HYBRID,2023
LEXUS,RX,2024
LEXUS,RX,2023
LEXUS,LX,2024
LEXUS,LX,2023
LEXUS,LS,2024
LEXUS,LS,2023
LEXUS,TX HYBRID,2024
LEXUS,TX,2024
LEXUS,GX,2024
LEXUS,LX,2022
LEXUS,LS HYBRID,2013
LEXUS,GS HYBRID,2018
LEXUS,LS HYBRID,2016
LEXUS,LS HYBRID,2015
LEXUS,LS HYBRID,2014
LEXUS,GS HYBRID,2017
LEXUS,GS HYBRID,2016
JEEP,GRAND CHEROKEE 4XE,2021
JEEP,GRAND CHEROKEE 4XE,2025
BUICK,REGAL,2011
CADILLAC,CTS,2011
CHEVROLET,COLORADO,2011
GMC,CANYON,2011
BUICK,LACROSSE,2011
GMC,ACADIA,2011
BUICK,ENCLAVE,2011
CHEVROLET,TRAVERSE,2011
CHEVROLET,IMPALA,2011
BUICK,LUCERNE,2011
CADILLAC,SRX,2011
CHEVROLET,CRUZE,2011
CHEVROLET,HHR,2011
CHEVROLET,MALIBU,2011
CADILLAC,ESCALADE,2011
CHEVROLET,EQUINOX,2011
CHEVROLET,TAHOE,2011
GMC,TERRAIN,2011
GMC,YUKON,2011
CADILLAC,DTS,2011
CADILLAC,ESCALADE EXT 1500,2011
GMC,YUKON DENALI,2011
CHEVROLET,CAPTIVA,2011
CADILLAC,CTS-V,2011
CADILLAC,ESCALADE ESV,2011
CADILLAC,ESCALADE EXT,2011
CADILLAC,ESCALADE HYBRID,2011
CHEVROLET,TAHOE HYBRID,2011
GMC,YUKON HYBRID,2011
GMC,ENVOY,2011
CHEVROLET,G VAN BUS,2011
GMC,G VAN BUS,2011
CHEVROLET,SONIC,2011
CHEVROLET,TAHOE POLICE PURSUIT,2011
CHEVROLET,CAPTIVA SPORT,2011
CHEVROLET,CAPRICE,2011
CADILLAC,STS,2011
CHEVROLET,AVEO,2011
CHEVROLET,CORVETTE ZR1,2011
CHRYSLER,PACIFICA,2016
GMC,TOPKICK,2012
FOREST RIVER BUS,ELDORADO,2024
FOREST RIVER BUS,ELKHART COACH,2024
FOREST RIVER BUS,SENATOR II,2024
FOREST RIVER BUS,STARCRAFT ALLSTAR,2024
FOREST RIVER BUS,SENATOR II MVP,2024
FOREST RIVER BUS,STARCRAFT STARLITE,2024
FOREST RIVER BUS,COLLINS BUS,2025
NEWMAR,BAY STAR,2022
NEWMAR,DUTCH STAR,2024
NEWMAR,KING AIRE,2024
NEWMAR,CANYON STAR,2024
NEWMAR,ESSEX,2024
NEWMAR,KOUNTRY STAR,2024
NEWMAR,LONDON AIRE,2024
NEWMAR,MOUNTAIN AIRE,2024
NEWMAR,NEW AIRE,2024
NEWMAR,SUPREME AIRE,2024
NEWMAR,VENTANA,2024
NEWMAR,SUPER STAR,2024
NEWMAR,LONDON AIRE,2025
NEWMAR,KING AIRE,2025
NEWMAR,ESSEX,2023
NEWMAR,MOUNTAIN AIRE,2023
NEWMAR,LONDON AIRE,2023
NEWMAR,KING AIRE,2023
NEWMAR,ESSEX,2025
NEWMAR,MOUNTAIN AIRE,2025
THERMO KING,TRIPAC-3,9999
NEWMAR,SUPER STAR,2023
NEWMAR,SUPER STAR,2025
NEWMAR,BAY STAR,2024
NEWMAR,BAY STAR,2025
HYUNDAI,KONA,2024
CHEVROLET,SUBURBAN,2023
THERMO KING,PRECEDENT S-600M,9999
THERMO KING,PRECEDENT S-600,9999
THERMO KING,PRECEDENT S-700,9999
THERMO KING,PRECEDENT C-600,9999
HYUNDAI,SONATA HYBRID,2020
HYUNDAI,SONATA HYBRID,2021
HYUNDAI,SONATA HYBRID,2022
HYUNDAI,TUCSON HYBRID,2022
HYUNDAI,TUCSON HYBRID,2024
HYUNDAI,SANTA FE,2024
GENESIS,G90,2023
GENESIS,G90,2024
GENESIS,G90,2025
GENESIS,GV60 EV,2024
GENESIS,GV60 EV,2023
GENESIS,GV60 EV,2025
CADILLAC,ESCALADE,2003
KEYSTONE,COLEMAN,2025
NEW FLYER,XD60,2020
NEW FLYER,XD60,2021
NEW FLYER,XD40,2017
NEW FLYER,XD40,2018
NEW FLYER,XD40,2019
NEW FLYER,XD40,2020
NEW FLYER,XD60,2017
NEW FLYER,XD60,2019
NEW FLYER,XE40,2018
NEW FLYER,XE35,2024
NEW FLYER,XE35,2023
NEW FLYER,XE40,2022
NEW FLYER,XE35,2021
NEW FLYER,XE60,2023
NEW FLYER,XE60,2021
NEW FLYER,XE40,2021
NEW FLYER,XE40,2020
NEW FLYER,XE40,2019
NEW FLYER,XHE40,2023
NEW FLYER,XHE40,2024
BUGATTI,CHIRON SUPER SPORT,2022
BUGATTI,CHIRON SUPER SPORT,2021
BUGATTI,CHIRON SUPER SPORT,2023
HONDA,CIVIC HYBRID,2025
MERCEDES-BENZ,AMG G 55,2005
MERCEDES-BENZ,AMG G 55,2006
MERCEDES-BENZ,AMG G 55,2007
MERCEDES-BENZ,AMG G 55,2008
MERCEDES-BENZ,AMG G 55,2009
MERCEDES-BENZ,AMG G55,2010
MERCEDES-BENZ,GLC 300,2025
RAM,PROMASTER,2016
RAM,PROMASTER,2017
RAM,PROMASTER,2018
MERCEDES-BENZ,AMG SLS,2012
MERCEDES-BENZ,AMG SLS,2011
BMW,3 SERIES,2012
BMW,3 SERIES,2009
BMW,3 SERIES,2008
BMW,3 SERIES,2007
BMW,3 SERIES,2006
BMW,1 SERIES,2011
BMW,X5,2007
BMW,X5,2008
BMW,X5,2009
BMW,X5,2011
BMW,X5,2012
BMW,X5,2013
BMW,X6,2011
BMW,X6,2012
BMW,X6,2014
BMW,X6,2013
BMW,Z4,2014
BMW,Z4,2013
BMW,Z4,2012
BMW,Z4,2011
BMW,3 SERIES,2011
BMW,3 SERIES,2013
BMW,X5,2023
BMW,X6,2023
BMW,M8,2024
BMW,I7,2023
BMW,IX,2022
BMW,IX,2023
BMW,IX,2021
BMW,I4,2022
THOR MOTOR COACH,PASADENA,2025
THOR MOTOR COACH,INCEPTION,2025
BRINKLEY RV,MODEL G,2025
BRINKLEY RV,MODEL G,2023
BRINKLEY RV,MODEL G,2024
HYUNDAI,KONA ELECTRIC,2024
HYUNDAI,SANTA CRUZ,2025
HYUNDAI,SANTA FE,2025
HYUNDAI,SANTA FE HYBRID,2024
HYUNDAI,SANTA FE HYBRID,2025
HYUNDAI,SONATA,2024
HYUNDAI,TUCSON,2025
CHEVROLET,COLORADO,2006
BUICK,ALLURE,2005
BUICK,ALLURE,2006
BUICK,CENTURY,2001
BUICK,CENTURY,2002
BUICK,CENTURY,2003
BUICK,CENTURY,2004
BUICK,CENTURY,2005
BUICK,ENCLAVE,2008
BUICK,ENCLAVE,2009
BUICK,ENCLAVE,2010
BUICK,LACROSSE,2005
BUICK,LACROSSE,2006
BUICK,LACROSSE,2007
BUICK,LACROSSE,2008
BUICK,LACROSSE,2009
BUICK,LACROSSE,2010
BUICK,PARK AVENUE,2001
BUICK,PARK AVENUE,2002
BUICK,PARK AVENUE,2003
BUICK,PARK AVENUE,2004
BUICK,PARK AVENUE,2005
BUICK,RAINIER,2004
BUICK,RAINIER,2005
BUICK,RAINIER,2006
BUICK,RAINIER,2007
BUICK,REGAL,2001
BUICK,REGAL,2002
BUICK,REGAL,2003
BUICK,REGAL,2004
BUICK,REGAL,2005
BUICK,REGAL,2008
BUICK,REGAL,2009
BUICK,REGAL,2010
BUICK,RENDEZVOUS,2002
BUICK,RENDEZVOUS,2003
BUICK,RENDEZVOUS,2004
BUICK,RENDEZVOUS,2005
BUICK,RENDEZVOUS,2006
BUICK,RENDEZVOUS,2007
BUICK,TERRAZA,2005
BUICK,TERRAZA,2006
BUICK,TERRAZA,2007
BUICK,LUCERNE,2006
BUICK,LUCERNE,2007
BUICK,LUCERNE,2008
BUICK,LUCERNE,2009
BUICK,LUCERNE,2010
BUICK,LESABRE,2001
BUICK,LESABRE,2002
BUICK,LESABRE,2003
BUICK,LESABRE,2004
BUICK,LESABRE,2005
PONTIAC,GRAND PRIX,2001
PONTIAC,GRAND PRIX,2002
PONTIAC,GRAND PRIX,2003
PONTIAC,GRAND PRIX,2004
PONTIAC,GRAND PRIX,2005
PONTIAC,GRAND PRIX,2006
PONTIAC,GRAND PRIX,2007
PONTIAC,GRAND PRIX,2008
PONTIAC,GRAND AM,2001
PONTIAC,GRAND AM,2002
PONTIAC,GRAND AM,2003
PONTIAC,GRAND AM,2004
PONTIAC,GRAND AM,2005
PONTIAC,MONTANA,2001
PONTIAC,MONTANA,2002
PONTIAC,MONTANA,2003
PONTIAC,MONTANA,2004
PONTIAC,MONTANA,2005
PONTIAC,MONTANA,2006
PONTIAC,FIREBIRD,2001
PONTIAC,FIREBIRD,2002
PONTIAC,BONNEVILLE,2001
PONTIAC,BONNEVILLE,2002
PONTIAC,BONNEVILLE,2003
PONTIAC,BONNEVILLE,2004
PONTIAC,BONNEVILLE,2005
PONTIAC,SUNFIRE,2001
PONTIAC,SUNFIRE,2002
PONTIAC,SUNFIRE,2003
PONTIAC,SUNFIRE,2004
PONTIAC,SUNFIRE,2005
PONTIAC,G3,2009
PONTIAC,G4,2006
PONTIAC,AZTEK,2001
PONTIAC,AZTEK,2002
PONTIAC,AZTEK,2003
PONTIAC,AZTEK,2004
PONTIAC,AZTEK,2005
PONTIAC,G5,2007
PONTIAC,G5,2008
PONTIAC,G5,2009
PONTIAC,G5,2010
PONTIAC,G6,2005
PONTIAC,G6,2006
PONTIAC,G6,2007
PONTIAC,G6,2008
PONTIAC,G6,2009
PONTIAC,G6,2010
PONTIAC,SOLSTICE,2006
PONTIAC,SOLSTICE,2007
PONTIAC,SOLSTICE,2008
PONTIAC,SOLSTICE,2009
PONTIAC,SOLSTICE,2010
PONTIAC,VIBE,2003
PONTIAC,VIBE,2004
PONTIAC,VIBE,2005
PONTIAC,VIBE,2006
PONTIAC,VIBE,2007
PONTIAC,VIBE,2008
PONTIAC,VIBE,2009
PONTIAC,VIBE,2010
PONTIAC,TORRENT,2006
PONTIAC,TORRENT,2007
PONTIAC,TORRENT,2008
PONTIAC,TORRENT,2009
SATURN,SKY,2007
SATURN,SKY,2008
SATURN,SKY,2009
SATURN,SKY,2010
SATURN,RELAY,2006
SATURN,RELAY,2005
SATURN,RELAY,2007
SATURN,VUE,2004
SATURN,VUE,2005
SATURN,VUE,2002
SATURN,VUE,2003
SATURN,VUE,2006
SATURN,VUE,2007
SATURN,VUE,2008
SATURN,VUE,2009
SATURN,VUE,2010
SATURN,OUTLOOK,2007
SATURN,OUTLOOK,2008
SATURN,OUTLOOK,2009
SATURN,OUTLOOK,2010
SATURN,ION,2003
SATURN,ION,2004
SATURN,ION,2005
SATURN,ION,2006
SATURN,ION,2007
SATURN,AURA,2007
SATURN,AURA,2008
SATURN,AURA,2009
SATURN,AURA,2010
GEO,PRIZM,2001
GEO,PRIZM,2002
CHEVROLET,PRIZM,2001
CHEVROLET,PRIZM,2002
CHEVROLET,MALIBU,2001
CHEVROLET,MALIBU,2002
CHEVROLET,MALIBU,2003
CHEVROLET,MALIBU,2004
CHEVROLET,MALIBU,2005
CHEVROLET,MALIBU,2006
CHEVROLET,MALIBU,2007
CHEVROLET,MALIBU,2008
CHEVROLET,MALIBU,2009
CHEVROLET,MALIBU,2010
CHEVROLET,BLAZER,2001
CHEVROLET,BLAZER,2002
CHEVROLET,BLAZER,2003
CHEVROLET,BLAZER,2004
CHEVROLET,BLAZER,2005
CHEVROLET,BLAZER,2006
CHEVROLET,BLAZER,2007
CHEVROLET,BLAZER,2008
CHEVROLET,BLAZER,2009
CHEVROLET,SSR,2005
CHEVROLET,SSR,2003
CHEVROLET,SSR,2004
CHEVROLET,SSR,2006
CHEVROLET,EQUINOX,2005
CHEVROLET,EQUINOX,2006
CHEVROLET,EQUINOX,2007
CHEVROLET,EQUINOX,2008
CHEVROLET,EQUINOX,2009
CHEVROLET,EQUINOX,2010
CHEVROLET,UPLANDER,2005
CHEVROLET,UPLANDER,2006
CHEVROLET,UPLANDER,2007
CHEVROLET,UPLANDER,2008
CHEVROLET,UPLANDER,2009
CHEVROLET,CAVALIER,2001
CHEVROLET,CAVALIER,2002
CHEVROLET,CAVALIER,2003
CHEVROLET,CAVALIER,2004
CHEVROLET,CAVALIER,2005
CHEVROLET,COBALT,2005
CHEVROLET,COBALT,2006
CHEVROLET,COBALT,2007
CHEVROLET,COBALT,2008
CHEVROLET,COBALT,2009
CHEVROLET,COBALT,2010
CHEVROLET,TRAVERSE,2009
CHEVROLET,TRAVERSE,2010
GEO,TRACKER,2001
GEO,TRACKER,2002
CHEVROLET,TRACKER,2001
CHEVROLET,TRACKER,2002
CHEVROLET,TRACKER,2003
CHEVROLET,TRACKER,2004
CHEVROLET,CAMARO,2001
CHEVROLET,CAMARO,2002
CHEVROLET,MONTE CARLO,2001
CHEVROLET,MONTE CARLO,2002
CHEVROLET,MONTE CARLO,2003
CHEVROLET,MONTE CARLO,2004
CHEVROLET,MONTE CARLO,2005
CHEVROLET,MONTE CARLO,2006
CHEVROLET,MONTE CARLO,2007
CHEVROLET,CORVETTE,2001
CHEVROLET,CORVETTE,2002
CHEVROLET,CORVETTE,2003
CHEVROLET,CORVETTE,2004
CHEVROLET,LUMINA,2001
CHEVROLET,IMPALA,2001
CHEVROLET,IMPALA,2002
CHEVROLET,IMPALA,2003
CHEVROLET,IMPALA,2004
CHEVROLET,IMPALA,2005
CHEVROLET,IMPALA,2006
CHEVROLET,IMPALA,2007
CHEVROLET,IMPALA,2008
CHEVROLET,IMPALA,2009
CHEVROLET,IMPALA,2010
CHEVROLET,S10,2001
CHEVROLET,S10,2002
CHEVROLET,S10,2003
CHEVROLET,S10,2004
CHEVROLET,VENTURE,2001
CHEVROLET,VENTURE,2002
CHEVROLET,VENTURE,2003
CHEVROLET,VENTURE,2004
CHEVROLET,VENTURE,2005
CHEVROLET,HHR,2006
CHEVROLET,HHR,2007
CHEVROLET,HHR,2008
CHEVROLET,HHR,2009
CHEVROLET,HHR,2010
CHEVROLET,TRAILBLAZER,2002
CHEVROLET,TRAILBLAZER,2003
CHEVROLET,TRAILBLAZER,2004
CHEVROLET,TRAILBLAZER,2005
CHEVROLET,TRAILBLAZER,2006
CHEVROLET,TRAILBLAZER,2008
CHEVROLET,TRAILBLAZER,2007
CHEVROLET,TRAILBLAZER,2009
CHEVROLET,ASTRO,2001
CHEVROLET,ASTRO,2002
CHEVROLET,ASTRO,2003
CHEVROLET,ASTRO,2004
CHEVROLET,ASTRO,2005
GEO,METRO,2001
CHEVROLET,METRO,2001
CHEVROLET,COLORADO,2004
CHEVROLET,COLORADO,2005
CHEVROLET,COLORADO,2007
CHEVROLET,COLORADO,2008
CHEVROLET,COLORADO,2009
CHEVROLET,COLORADO,2010
CHEVROLET,TAHOE,2001
CHEVROLET,TAHOE,2002
CHEVROLET,TAHOE,2003
CHEVROLET,TAHOE,2004
CHEVROLET,TAHOE,2005
CHEVROLET,TAHOE,2006
CHEVROLET,TAHOE,2007
CHEVROLET,TAHOE,2008
CHEVROLET,TAHOE,2009
CHEVROLET,TAHOE,2010
OLDSMOBILE,ALERO,2001
OLDSMOBILE,ALERO,2002
OLDSMOBILE,ALERO,2003
OLDSMOBILE,ALERO,2004
OLDSMOBILE,SILHOUETTE,2001
OLDSMOBILE,SILHOUETTE,2002
OLDSMOBILE,SILHOUETTE,2003
OLDSMOBILE,SILHOUETTE,2004
OLDSMOBILE,BRAVADA,2005
OLDSMOBILE,BRAVADA,2003
OLDSMOBILE,BRAVADA,2004
OLDSMOBILE,BRAVADA,2001
OLDSMOBILE,BRAVADA,2002
OLDSMOBILE,INTRIGUE,2001
OLDSMOBILE,INTRIGUE,2002
OLDSMOBILE,AURORA,2001
OLDSMOBILE,AURORA,2002
OLDSMOBILE,AURORA,2003
HUMMER,H3,2006
HUMMER,H3,2007
HUMMER,H3 SUT,2009
HUMMER,H3,2008
HUMMER,H3,2009
HUMMER,H3,2010
GMC,SUBURBAN,2001
GMC,TERRAIN,2010
GMC,ENVOY,2001
GMC,ENVOY,2002
GMC,ENVOY,2003
GMC,ENVOY,2004
GMC,ENVOY,2005
GMC,ENVOY,2006
GMC,ENVOY,2008
GMC,ENVOY,2009
GMC,ENVOY,2007
GMC,SAFARI,2001
GMC,SAFARI,2002
GMC,SAFARI,2003
GMC,SAFARI,2004
GMC,SAFARI,2005
GMC,ACADIA,2007
GMC,ACADIA,2008
GMC,ACADIA,2009
GMC,ACADIA,2010
GMC,CANYON,2004
GMC,CANYON,2005
GMC,CANYON,2006
GMC,CANYON,2007
GMC,CANYON,2008
GMC,CANYON,2009
GMC,CANYON,2010
GMC,JIMMY,2001
CADILLAC,CTS,2003
CADILLAC,CTS,2004
CADILLAC,CTS,2005
CADILLAC,CTS,2006
CADILLAC,CTS,2007
CADILLAC,CTS,2008
CADILLAC,CTS,2009
CADILLAC,CTS,2010
CADILLAC,ELDORADO,2001
CADILLAC,ELDORADO,2002
CADILLAC,DTS,2006
CADILLAC,DTS,2007
CADILLAC,DTS,2008
CADILLAC,DTS,2009
CADILLAC,DTS,2010
CADILLAC,STS,2005
CADILLAC,STS,2006
CADILLAC,STS,2007
CADILLAC,STS,2008
CADILLAC,STS,2009
CADILLAC,STS,2010
CADILLAC,SEVILLE,2001
CADILLAC,SEVILLE,2002
CADILLAC,SEVILLE,2003
CADILLAC,SEVILLE,2004
CADILLAC,ESCALADE,2001
CADILLAC,ESCALADE,2002
CADILLAC,ESCALADE,2004
CADILLAC,ESCALADE,2005
CADILLAC,ESCALADE,2006
CADILLAC,ESCALADE,2007
CADILLAC,ESCALADE,2008
CADILLAC,ESCALADE,2009
CADILLAC,ESCALADE,2010
CADILLAC,ESCALADE ESV,2004
CADILLAC,ESCALADE ESV,2003
CADILLAC,ESCALADE ESV,2005
CADILLAC,ESCALADE ESV,2006
CADILLAC,ESCALADE ESV,2007
CADILLAC,ESCALADE ESV,2008
CADILLAC,ESCALADE ESV,2009
CADILLAC,ESCALADE ESV,2010
CADILLAC,SRX,2004
CADILLAC,SRX,2005
CADILLAC,SRX,2006
CADILLAC,SRX,2007
CADILLAC,SRX,2008
CADILLAC,SRX,2009
CADILLAC,SRX,2010
CADILLAC,XLR,2004
CADILLAC,XLR,2005
CADILLAC,XLR,2006
CADILLAC,XLR,2007
CADILLAC,XLR,2008
CADILLAC,XLR,2009
CADILLAC,DEVILLE,2001
CADILLAC,DEVILLE,2002
CADILLAC,DEVILLE,2003
CADILLAC,DEVILLE,2004
CADILLAC,DEVILLE,2005
ALTEC,AERIAL DEVICE,2017
ALTEC,AERIAL DEVICE,2018
INFINITI,QX55,2022
INFINITI,QX60,2022
INFINITI,QX60,2018
INFINITI,QX60,2019
INFINITI,QX80,2018
INFINITI,QX60,2021
INFINITI,Q70,2019
INFINITI,QX50,2021
INFINITI,QX80,2024
INFINITI,Q70 HYBRID,2015
INFINITI,Q70 HYBRID,2016
INFINITI,QX60,2024
INFINITI,Q50 HYBRID,2015
INFINITI,Q50 HYBRID,2016
INFINITI,QX60 HYBRID,2015
INFINITI,QX60 HYBRID,2016
INFINITI,Q50 HYBRID,2017
INFINITI,Q70 HYBRID,2017
INFINITI,Q70 HYBRID,2018
INFINITI,QX60 HYBRID,2017
INFINITI,QX60 HYBRID,2018
INFINITI,QX60,2023
INFINITI,QX50,2019
INFINITI,Q50 HYBRID,2018
INFINITI,QX60 HYBRID,2019
INFINITI,QX60,2020
INFINITI,QX50,2020
INFINITI,QX80,2015
INFINITI,QX80,2023
INFINITI,Q70,2015
INFINITI,Q50,2015
INFINITI,QX60,2015
INFINITI,Q70,2016
INFINITI,QX60,2016
INFINITI,QX80,2016
INFINITI,QX55,2023
INFINITI,QX60,2017
INFINITI,Q70,2017
INFINITI,QX80,2017
INFINITI,QX50,2023
INFINITI,Q70,2018
INFINITI,QX55,2024
INFINITI,QX50,2024
INFINITI,QX80,2021
INFINITI,QX80,2020
INFINITI,QX80,2022
INFINITI,QX80,2019
INFINITI,QX50,2022
INFINITI,QX80,2025
NISSAN,KICKS,2024
NISSAN,FRONTIER,2024
NISSAN,ARMADA,2024
NISSAN,ALTIMA,2020
NISSAN,ARMADA,2020
NISSAN,MURANO,2020
NISSAN,PATHFINDER,2020
NISSAN,KICKS,2020
NISSAN,TITAN,2020
NISSAN,TITAN,2021
NISSAN,TITAN XD,2021
NISSAN,ALTIMA,2021
NISSAN,MAXIMA,2021
NISSAN,ARMADA,2021
NISSAN,KICKS,2021
NISSAN,MURANO,2021
NISSAN,VERSA,2021
NISSAN,TITAN XD,2020
NISSAN,PATHFINDER,2021
NISSAN,PATHFINDER,2022
NISSAN,ALTIMA,2022
NISSAN,ARMADA,2022
NISSAN,FRONTIER,2022
NISSAN,VERSA,2022
NISSAN,MAXIMA,2022
NISSAN,MURANO,2022
NISSAN,KICKS,2022
NISSAN,TITAN,2022
NISSAN,TITAN XD,2022
NISSAN,TITAN,2023
NISSAN,FRONTIER,2023
NISSAN,PATHFINDER,2023
NISSAN,Z,2023
NISSAN,VERSA,2023
NISSAN,ALTIMA,2023
NISSAN,MAXIMA,2023
NISSAN,MURANO,2023
NISSAN,ROGUE SPORT,2019
NISSAN,ROGUE SPORT,2020
NISSAN,ROGUE SPORT,2021
NISSAN,ROGUE SPORT,2022
NISSAN,TITAN XD,2023
NISSAN,ARMADA,2023
NISSAN,PATHFINDER,2024
NISSAN,TITAN XD,2024
NISSAN,TITAN,2024
NISSAN,MURANO,2024
NISSAN,Z,2024
NISSAN,VERSA,2024
NISSAN,MURANO HYBRID,2016
NISSAN,MURANO HYBRID,2017
NISSAN,ROGUE,2020
NISSAN,MAXIMA,2020
NISSAN,VERSA,2020
NISSAN,MURANO,2015
NISSAN,ROGUE,2015
NISSAN,ROGUE,2016
NISSAN,MAXIMA,2016
NISSAN,ALTIMA,2016
NISSAN,MURANO,2016
NISSAN,MAXIMA,2017
NISSAN,SENTRA,2016
NISSAN,ALTIMA,2017
NISSAN,ARMADA,2017
NISSAN,MURANO,2017
NISSAN,PATHFINDER,2017
NISSAN,SENTRA,2017
NISSAN,ARMADA,2018
NISSAN,ALTIMA,2018
NISSAN,MAXIMA,2018
NISSAN,PATHFINDER,2018
NISSAN,MURANO,2018
NISSAN,SENTRA,2018
NISSAN,PATHFINDER,2019
NISSAN,KICKS,2018
NISSAN,ROGUE,2019
NISSAN,SENTRA,2019
NISSAN,ALTIMA,2019
NISSAN,ARMADA,2019
NISSAN,KICKS,2019
NISSAN,MAXIMA,2019
NISSAN,MURANO,2019
NISSAN,ALTIMA,2024
NISSAN,MURANO,2025
NEW FLYER,XHE40,2025
NEW FLYER,XHE60,2024
ALEXANDER DENNIS,ENVIRO 500,2009
ALEXANDER DENNIS,ENVIRO 500,2010
ALEXANDER DENNIS,ENVIRO 500,2012
ALEXANDER DENNIS,ENVIRO 500,2011
ALEXANDER DENNIS,ENVIRO 500,2013
ALEXANDER DENNIS,ENVIRO 500,2014
ALEXANDER DENNIS,ENVIRO 500,2018
ALEXANDER DENNIS,ENVIRO 500,2017
ALEXANDER DENNIS,ENVIRO 400,2013
ALEXANDER DENNIS,ENVIRO 500,2020
ALEXANDER DENNIS,ENVIRO 500,2015
ALEXANDER DENNIS,ENVIRO 400,2012
ALEXANDER DENNIS,ENVIRO 400,2014
ALEXANDER DENNIS,ENVIRO 500,2019
ALEXANDER DENNIS,ENVIRO 500 EV,2019
ALEXANDER DENNIS,ENVIRO 400,2016
ALEXANDER DENNIS,ENVIRO 400,2015
ALEXANDER DENNIS,ENVIRO 500 EV,2020
ALEXANDER DENNIS,ENVIRO 200,2012
ALEXANDER DENNIS,ENVIRO 200,2013
ALEXANDER DENNIS,ENVIRO 200,2018
ALEXANDER DENNIS,ENVIRO 200,2019
ALEXANDER DENNIS,ENVIRO 200,2020
ALEXANDER DENNIS,ENVIRO 400,2011
FOREST RIVER BUS,GLAVAL LEGACY,2024
BMW,328XIT,2008
BMW,5 SERIES,2011
BMW,7-SERIES,2011
HUSQVARNA,FE 350S,2023
HUSQVARNA,FE 501S,2024
HUSQVARNA,FE 501S,2023
HUSQVARNA,FE 501S,2022
HUSQVARNA,FE 350S,2024
HUSQVARNA,FE 350S,2022
GASGAS,ES 350,2024
GASGAS,ES 500,2025
GASGAS,ES 500,2024
GASGAS,ES 350,2025
THERMO KING,T-690,9999
THERMO KING,T-590,9999
THERMO KING,T-1090,9999
THERMO KING,T-1090 MAX,9999
THERMO KING,T-1090 SPECTRUM,9999
THERMO KING,T-890,9999
THERMO KING,T-890 MAX,9999
THERMO KING,T-690 MAX,9999
FOREST RIVER,SURVEYOR,2024
KIA,NIRO,2024
SUZUKI,GSX-8S,2025
CHEVROLET,EXPRESS,2024
GMC,SAVANA,2025
CHEVROLET,EXPRESS,2025
MERCEDES-BENZ,EQB 250+,2025
MERCEDES-BENZ,EQB 300 4MATIC,2025
MERCEDES-BENZ,EQB 350 4MATIC,2025
MASERATI,NUOVA GRANTURISMO,2025
MASERATI,GRECALE,2025
MASERATI,NUOVA GRANCABRIO,2025
MASERATI,MC20,2025
MASERATI,MC20 CIELO,2025
MERCEDES,EQA,2020
MERCEDES-BENZ,AMG E 53 4MATIC+ WAGON,2025
MERCEDES-BENZ,EQB 250,2024
MASERATI,GT2 STRADALE,2025
MERCEDES-BENZ,AMG GLA35,2017
MERCEDES-BENZ,AMG GLA35,2018
BMW,I7,2025
BMW,I5,2025
BMW,M5,2025
BMW,230I,2025
BMW,530I,2023
BMW,840I,2025
BMW,X4,2025
BMW,X1,2023
BMW,K 1600 GTL,2021
BMW,K 1600 GTL,2020
BMW,K 1600 B,2021
BMW,K 1600 B,2020
BMW,K 1600 GT,2020
POLARIS,SLINGSHOT S TECH,2023
POLARIS,SLINGSHOT SLR,2023
POLARIS,SLINGSHOT SL,2023
POLARIS,SLINGSHOT S,2023
POLARIS,SLINGSHOT,2023
MERCEDES-BENZ,AMG GLC63 S E,2025
MERCEDES-BENZ,AMG GLC63 S E 4MATIC+ COUPE,2025
MINI,COOPER S CONVERTIBLE,2011
MINI,CLUBMAN,2014
MINI,CLUBMAN,2012
MINI,COOPER S CONVERTIBLE,2010
MINI,COOPER S CONVERTIBLE,2012
MINI,CLUBMAN,2013
MINI,COOPER COUNTRYMAN,2012
MINI,COOPER COUNTRYMAN,2013
MINI,COUNTRYMAN,2014
MINI,COOPER COUPE,2012
MINI,COOPER COUPE,2013
MINI,COOPER ROADSTER,2012
MINI,COOPER ROADSTER,2013
BMW,228I,2014
BMW,428I,2014
BMW,328,2012
FOREST RIVER,ROCKPORT,2019
DYNAMAX,ISATA,2018
DYNAMAX,ISATA,2019
DYNAMAX,ISATA,2020
FOREST RIVER,ROCKPORT,2018
FOREST RIVER,ROCKPORT,2020
FOREST RIVER,ROCKPORT,2022
BMW,X5,2014
BMW,X6 SAC,2014
SUZUKI,GSX1300R,2025
MERCEDES-BENZ,ESPRINTER,2024
MERCEDES-BENZ,SPRINTER 1500,2013
MERCEDES-BENZ,SPRINTER 1500,2014
MERCEDES-BENZ,SPRINTER 4500,2014
MERCEDES-BENZ,SPRINTER 4500,2013
MERCEDES-BENZ,SPRINTER 1500,2007
MERCEDES-BENZ,SPRINTER 1500,2008
MERCEDES-BENZ,SPRINTER 1500,2009
MERCEDES-BENZ,SPRINTER 4500,2007
MERCEDES-BENZ,SPRINTER 4500,2008
MERCEDES-BENZ,SPRINTER 4500,2009
FREIGHTLINER,SPRINTER 1500,2007
FREIGHTLINER,SPRINTER 4500,2007
MERCEDES-BENZ,SPRINTER 1500,2010
MERCEDES-BENZ,SPRINTER 1500,2011
FREIGHTLINER,SPRINTER 1500,2013
FREIGHTLINER,SPRINTER 1500,2012
FREIGHTLINER,SPRINTER 1500,2011
FREIGHTLINER,SPRINTER 1500,2010
FREIGHTLINER,SPRINTER 1500,2009
FREIGHTLINER,SPRINTER 1500,2008
MERCEDES-BENZ,SPRINTER 4500,2012
MERCEDES-BENZ,SPRINTER 4500,2011
FREIGHTLINER,SPRINTER 4500,2014
FREIGHTLINER,SPRINTER 4500,2013
FREIGHTLINER,SPRINTER 4500,2012
FREIGHTLINER,SPRINTER 4500,2011
FREIGHTLINER,SPRINTER 4500,2010
FREIGHTLINER,SPRINTER 2500,2006
FREIGHTLINER,SPRINTER 4500,2009
FREIGHTLINER,SPRINTER 2500,2007
FREIGHTLINER,SPRINTER 2500,2008
FREIGHTLINER,SPRINTER 3500,2008
FREIGHTLINER,SPRINTER 3500,2007
FREIGHTLINER,SPRINTER 3500,2006
DODGE,SPRINTER 3500,2006
DODGE,SPRINTER 3500,2007
MERCEDES-BENZ,SPRINTER 4500,2010
DODGE,SPRINTER 3500,2008
DODGE,SPRINTER 2500,2008
DODGE,SPRINTER 2500,2007
DODGE,SPRINTER 2500,2006
DODGE,SPRINTER 2500,2009
DODGE,SPRINTER 2500,2010
DODGE,SPRINTER 2500,2011
FREIGHTLINER,SPRINTER 4500,2008
DODGE,SPRINTER 2500,2012
DODGE,SPRINTER 2500,2013
DODGE,SPRINTER 2500,2014
DODGE,SPRINTER 3500,2009
DODGE,SPRINTER 3500,2010
DODGE,SPRINTER 3500,2011
DODGE,SPRINTER 3500,2012
FREIGHTLINER,SPRINTER 1500,2014
DODGE,SPRINTER 3500,2013
DODGE,SPRINTER 3500,2014
FREIGHTLINER,SPRINTER 2500,2009
FREIGHTLINER,SPRINTER 2500,2010
FREIGHTLINER,SPRINTER 2500,2011
FREIGHTLINER,SPRINTER 2500,2012
FREIGHTLINER,SPRINTER 2500,2013
MERCEDES-BENZ,SPRINTER 1500,2012
FREIGHTLINER,SPRINTER 2500,2014
FREIGHTLINER,SPRINTER 3500,2009
FREIGHTLINER,SPRINTER 3500,2010
FREIGHTLINER,SPRINTER 3500,2011
FREIGHTLINER,SPRINTER 3500,2012
FREIGHTLINER,SPRINTER 3500,2013
FREIGHTLINER,SPRINTER 3500,2014
MERCEDES-BENZ,SPRINTER 2500,2007
MERCEDES-BENZ,SPRINTER 2500,2008
MERCEDES-BENZ,SPRINTER 2500,2009
MERCEDES-BENZ,SPRINTER 2500,2010
MERCEDES-BENZ,SPRINTER 2500,2011
MERCEDES-BENZ,SPRINTER 2500,2012
MERCEDES-BENZ,SPRINTER 2500,2013
MERCEDES-BENZ,SPRINTER 2500,2014
MERCEDES-BENZ,SPRINTER 3500,2014
MERCEDES-BENZ,SPRINTER 3500,2013
MERCEDES-BENZ,SPRINTER 3500,2012
MERCEDES-BENZ,SPRINTER 3500,2011
MERCEDES-BENZ,SPRINTER 3500,2010
MERCEDES-BENZ,SPRINTER 3500,2009
MERCEDES-BENZ,SPRINTER 3500,2008
MERCEDES-BENZ,SPRINTER 3500,2007
MERCEDES-BENZ,SPRINTER 2500,2015
MERCEDES-BENZ,SPRINTER 2500,2016
MERCEDES-BENZ,SPRINTER 3500,2015
MERCEDES-BENZ,SPRINTER 3500,2016
FREIGHTLINER,SPRINTER 2500,2015
FREIGHTLINER,SPRINTER 2500,2016
FREIGHTLINER,SPRINTER 3500,2015
FREIGHTLINER,SPRINTER 3500,2016
MERCEDES-BENZ,SPRINTER 3500,2017
FREIGHTLINER,SPRINTER 2500,2017
FREIGHTLINER,SPRINTER 3500,2017
MERCEDES-BENZ,SPRINTER 2500,2017
FREIGHTLINER,SPRINTER 2500,2018
FREIGHTLINER,SPRINTER 3500,2018
MERCEDES-BENZ,SPRINTER 2500,2018
MERCEDES-BENZ,SPRINTER 3500,2018
MERCEDES-BENZ,SPRINTER 1500,2018
MERCEDES-BENZ,SPRINTER 4500,2018
FREIGHTLINER,SPRINTER 1500,2018
FREIGHTLINER,SPRINTER 4500,2018
FREIGHTLINER,SPRINTER 4500,2017
FREIGHTLINER,SPRINTER 4500,2016
FREIGHTLINER,SPRINTER 4500,2015
FREIGHTLINER,SPRINTER 1500,2015
FREIGHTLINER,SPRINTER 1500,2016
FREIGHTLINER,SPRINTER 1500,2017
MERCEDES-BENZ,SPRINTER 1500,2017
MERCEDES-BENZ,SPRINTER 1500,2016
MERCEDES-BENZ,SPRINTER 1500,2015
MERCEDES-BENZ,SPRINTER 4500,2017
MERCEDES-BENZ,SPRINTER 4500,2016
MERCEDES-BENZ,SPRINTER 4500,2015
FREIGHTLINER,SPRINTER 2500,2003
KENWORTH,T680,2023
KENWORTH,T680,2022
OSHKOSH,S-SERIES,2024
MCNEILUS,ZERO RADIUS,2020
MCNEILUS,ZERO RADIUS,2021
MCNEILUS,ZERO RADIUS,2022
MCNEILUS,REAR LOADER,2020
INDIAN,SCOUT BOBBER,2021
INDIAN,SCOUT,2015
INDIAN,SCOUT,2016
INDIAN,SCOUT,2017
INDIAN,SCOUT,2018
INDIAN,SCOUT,2019
INDIAN,SCOUT BOBBER,2019
INDIAN,SCOUT BOBBER,2018
INDIAN,SCOUT BOBBER,2020
INDIAN,SCOUT,2020
INDIAN,SCOUT,2021
INDIAN,SCOUT,2022
INDIAN,SCOUT BOBBER,2022
INDIAN,SCOUT,2023
INDIAN,SCOUT BOBBER,2023
INDIAN,SCOUT BOBBER,2024
INDIAN,SCOUT SIXTY,2023
INDIAN,SCOUT SIXTY,2024
INDIAN,SCOUT SIXTY,2019
INDIAN,SCOUT SIXTY,2020
INDIAN,SCOUT SIXTY,2021
INDIAN,SCOUT SIXTY,2022
INDIAN,SCOUT BOBBER TWENTY,2021
INDIAN,SCOUT BOBBER TWENTY,2022
INDIAN,SCOUT ROGUE,2022
PACCAR,MX-11,2018
INDIAN,FTR1200,2019
INDIAN,FTR1200,2020
INDIAN,FTR 1200 S,2019
INDIAN,FTR 1200 S,2020
INDIAN,FTR 1200 RALLY,2020
INDIAN,FTR1200,2023
INDIAN,FTR 1200 R CARBON,2022
INDIAN,FTR 1200 RALLY,2022
INDIAN,FTR 1200 S,2022
INDIAN,FTR1200,2022
PACCAR,MX-11,2020
PACCAR,MX-11,2019
KENWORTH,T380,2026
KENWORTH,T180,2025
KENWORTH,T280,2025
KENWORTH,T280,2026
KENWORTH,T480,2026
PETERBILT,548,2026
PETERBILT,536,2026
PETERBILT,537,2026
PETERBILT,535,2025
INDIAN,SCOUT ROGUE SIXTY,2022
PACCAR,MX-13,2020
PACCAR,MX-13,2021
PACCAR,MX-11,2021
TESLA,CYBERTRUCK,2025
TESLA,MODEL Y,2024
SUZUKI,GSX250R,2018
THOMAS BUILT BUSES,SAF-T-LINER EFX,2025
THOMAS BUILT BUSES,SAF-T-LINER EFX,2024
THOMAS BUILT BUSES,SAF-T-LINER EFX,2023
THOMAS BUILT BUSES,SAF-T-LINER EFX,2022
THOMAS BUILT BUSES,SAF-T-LINER EFX,2021
THOMAS BUILT BUSES,SAF-T-LINER EFX,2020
THOMAS BUILT BUSES,SAF-T-LINER C2,2025
MAZDA,MAZDA2,2016
MAZDA,MAZDA2,2017
MAZDA,MAZDA2,2018
MAZDA,MAZDA2,2019
MAZDA,MAZDA2,2020
MAZDA,MX-5,2016
MAZDA,MX-5,2017
MAZDA,MX-5,2018
MAZDA,MX-5,2019
FCCC,XCR,2025
BMW,C 400 GT,2025
BMW,K1200 LT,2005
JEEP,GRAND WAGONEER,2021
DODGE,CHARGER,2013
DODGE,CHARGER,2015
DODGE,CHARGER,2016
DODGE,CHARGER,2014
DODGE,CHARGER,2018
DODGE,CHARGER,2017
CHRYSLER,300,2012
CHRYSLER,300,2013
CHRYSLER,300,2014
CHRYSLER,300,2015
CHRYSLER,300,2016
CHRYSLER,300,2017
CHRYSLER,300,2018
DODGE,CHARGER,2012
DODGE,CHALLENGER,2015
DODGE,CHALLENGER,2016
DODGE,CHALLENGER,2017
DODGE,CHALLENGER,2018
BENDIX,TABS-8,9999
FORD,BRONCO,2025
FORD,RANGER,2025
EAST TO WEST,ALTA,2025
DETROIT DIESEL,DD15,9999
DETROIT DIESEL,DD16,9999
KIA,RIO,2014
KIA,RIO,2015
KIA,RIO,2016
KIA,RIO,2017
KIA,RIO,2018
KIA,RIO,2019
KIA,RIO,2020
KIA,STINGER,2018
KIA,STINGER,2019
KIA,SORENTO HYBRID,2021
KIA,STINGER,2020
KIA,STINGER,2021
KIA,FORTE,2014
KIA,FORTE,2015
KIA,FORTE,2016
KIA,FORTE,2019
KIA,FORTE,2020
KIA,FORTE,2021
KIA,NIRO,2017
KIA,NIRO,2018
KIA,NIRO,2019
KIA,SOUL,2012
KIA,SOUL,2013
KIA,SOUL,2014
KIA,SOUL,2015
KIA,SOUL,2016
KIA,SPORTAGE,2011
KIA,SPORTAGE,2012
KIA,SPORTAGE,2013
KIA,SPORTAGE,2014
KIA,SPORTAGE,2015
KIA,SPORTAGE,2016
KIA,SPORTAGE,2017
KIA,SPORTAGE,2018
KIA,OPTIMA,2012
KIA,OPTIMA,2013
KIA,OPTIMA,2014
KIA,OPTIMA,2015
KIA,OPTIMA,2016
KIA,OPTIMA,2017
KIA,OPTIMA,2018
KIA,OPTIMA,2019
KIA,OPTIMA,2020
KIA,SPORTAGE,2019
KIA,SPORTAGE,2020
KIA,OPTIMA,2011
KIA,SORENTO,2019
KIA,RIO,2012
KIA,RIO,2013
INTERNATIONAL,LONESTAR,2013
INTERNATIONAL,DURASTAR,2013
INTERNATIONAL,PROSTAR,2013
INTERNATIONAL,WORKSTAR,2013
INTERNATIONAL,TRANSTAR,2013
IC BUS,CESB,2023
INTERNATIONAL,LT,2023
INTERNATIONAL,RH,2023
INTERNATIONAL,LT,2025
INTERNATIONAL,RH,2025
VOLKSWAGEN,BEETLE,2017
VOLKSWAGEN,BEETLE CONVERTIBLE,2017
VOLKSWAGEN,ID.4,2026
VOLKSWAGEN,TOUAREG HYBRID,2011
VOLKSWAGEN,BEETLE,2009
VOLKSWAGEN,BEETLE CONVERTIBLE,2009
VOLKSWAGEN,CC,2009
VOLKSWAGEN,CC,2010
VOLKSWAGEN,CC,2011
VOLKSWAGEN,CC,2012
VOLKSWAGEN,CC,2013
VOLKSWAGEN,CC,2014
VOLKSWAGEN,CC,2015
VOLKSWAGEN,CC,2016
VOLKSWAGEN,CC,2017
VOLKSWAGEN,E-GOLF,2015
VOLKSWAGEN,E-GOLF,2016
VOLKSWAGEN,E-GOLF,2017
VOLKSWAGEN,EOS,2009
VOLKSWAGEN,EOS,2010
VOLKSWAGEN,EOS,2011
VOLKSWAGEN,EOS,2012
VOLKSWAGEN,EOS,2013
VOLKSWAGEN,EOS,2014
VOLKSWAGEN,EOS,2015
VOLKSWAGEN,EOS,2016
VOLKSWAGEN,GOLF,2009
VOLKSWAGEN,GTI,2009
VOLKSWAGEN,GTI,2010
VOLKSWAGEN,GTI,2011
VOLKSWAGEN,GTI,2012
VOLKSWAGEN,GTI,2013
VOLKSWAGEN,GTI,2014
VOLKSWAGEN,GTI,2015
VOLKSWAGEN,GTI,2017
VOLKSWAGEN,GOLF R,2012
VOLKSWAGEN,GOLF R,2013
VOLKSWAGEN,GOLF R,2015
VOLKSWAGEN,GOLF R,2016
VOLKSWAGEN,GOLF R,2017
VOLKSWAGEN,GOLF SPORTWAGEN,2016
VOLKSWAGEN,GOLF SPORTWAGEN,2017
VOLKSWAGEN,GOLF ALLTRACK,2017
VOLKSWAGEN,JETTA,2009
VOLKSWAGEN,JETTA,2017
VOLKSWAGEN,JETTA SPORTWAGEN,2009
VOLKSWAGEN,JETTA HYBRID,2013
VOLKSWAGEN,JETTA HYBRID,2014
VOLKSWAGEN,JETTA HYBRID,2015
VOLKSWAGEN,JETTA HYBRID,2016
VOLKSWAGEN,PASSAT,2009
VOLKSWAGEN,PASSAT WAGON,2009
VOLKSWAGEN,PASSAT WAGON,2010
VOLKSWAGEN,RABBIT,2009
VOLKSWAGEN,ROUTAN,2009
VOLKSWAGEN,ROUTAN,2010
VOLKSWAGEN,ROUTAN,2013
VOLKSWAGEN,ROUTAN,2014
VOLKSWAGEN,TIGUAN,2009
VOLKSWAGEN,TIGUAN,2010
VOLKSWAGEN,TIGUAN,2011
VOLKSWAGEN,TIGUAN,2012
VOLKSWAGEN,TIGUAN,2013
VOLKSWAGEN,TIGUAN,2014
VOLKSWAGEN,TIGUAN,2015
VOLKSWAGEN,TIGUAN,2016
VOLKSWAGEN,TOUAREG HYBRID,2012
VOLKSWAGEN,TOUAREG HYBRID,2013
VOLKSWAGEN,TOUAREG HYBRID,2014
VOLKSWAGEN,TOUAREG,2009
VOLKSWAGEN,TOUAREG,2017
LITHIONICS BATTERY,LITHIONICS BATTERY,9999
INTERNATIONAL,MV,2025
INTERNATIONAL,MV,2023
INTERNATIONAL,HV,2023
RAM,1500,2013
CUMMINS,X15N,9999
CUMMINS,C12D6RE,9999
HONDA,ODYSSEY,2018
HONDA,ODYSSEY,2023
HONDA,ODYSSEY,2019
HONDA,PROLOGUE,2024
HONDA,HR-V,2018
HONDA,HR-V,2019
HONDA,HR-V,2020
HONDA,HR-V,2016
HONDA,HR-V,2017
ACURA,MDX,2018
ACURA,MDX,2017
ACURA,MDX,2016
ACURA,TLX,2020
ACURA,TLX,2019
ACURA,TLX,2018
ACURA,MDX,2019
ACURA,TLX,2017
ACURA,TLX,2015
ACURA,TLX,2016
ACURA,MDX,2020
HONDA,ACCORD,2021
HONDA,ACCORD,2022
TRIUMPH,SPEED TWIN 1200 RS,2025
TRIUMPH,SPEED TWIN 1200,2025
CHARLES MACHINE,DITCH WITCH VT30,2025
CHARLES MACHINE,DITCH WITCH VT30,2024
CHARLES MACHINE,DITCH WITCH VT30,2023
CHARLES MACHINE,DITCH WITCH VT26,2024
CHARLES MACHINE,DITCH WITCH VT26,2022
CARRIER TRANSICOLD,CARRIER TRANSICOLD,9999
TRIUMPH,TIGER SPORT 800,2025
TRIUMPH,TRIDENT 660,2025
TRIUMPH,ROCKET 3 GT SPECIAL EDITI,2025
TRIUMPH,ROCKET 3 R SPECIAL EDITIO,2025
VERMEER,LPSDT,2022
VERMEER,LPMINI,2025
VERMEER,LPMINI,2024
VERMEER,LPMINI,2023
VERMEER,LPMINI,2021
VERMEER,LPMINI,2022
VERMEER,LPMINIXDT,2022
VERMEER,LPMINIXDT,2021
VERMEER,CVGT,2024
VERMEER,CVGT,2023
VERMEER,CVSGT,2025
VERMEER,CVSGT,2024
VERMEER,CVSGT,2023
VERMEER,CVSGT,2021
VERMEER,CVSGT,2022
VERMEER,HTV873PTO,2024
VERMEER,HTV873PTO,2023
VERMEER,HTV873PTO,2022
VERMEER,CVGT,2021
VERMEER,CSGT,2025
VERMEER,LPSGT,2025
VERMEER,LPSDT,2021
VERMEER,JTV873PTO,2023
VERMEER,JTV873PTO,2022
VERMEER,MINICOMBO,2021
VERMEER,MINICOMBO,2022
VERMEER,LPXDT,2025
VERMEER,LPXDT,2024
VERMEER,LPXDT,2023
VERMEER,LPXDT,2021
VERMEER,LPXDT,2022
VERMEER,LPSDT,2023
VERMEER,LPSGT,2024
VERMEER,LPSGT,2023
VERMEER,LPSGT,2021
VERMEER,LPSGT,2022
VERMEER,LPSDT,2025
VERMEER,LPSDT,2024
VERMEER,CSGT,2024
VERMEER,CSGT,2023
VERMEER,CSGT,2021
VERMEER,CSGT,2022
VERMEER,CVGT,2022
VERMEER,CSSK,2024
VERMEER,CSSK,2023
VERMEER,CSSK,2022
VERMEER,LPSDSK,2024
VERMEER,LPSGT,2020
VERMEER,LPSGT,2019
INTERNATIONAL,4300,2002
INTERNATIONAL,RE BUS,2002
INTERNATIONAL,7300,2002
INTERNATIONAL,4400,2002
INTERNATIONAL,TERRASTAR,2002
INTERNATIONAL,CE,2002
INTERNATIONAL,7500,2002
INTERNATIONAL,7400,2002
INTERNATIONAL,CV,2022
INTERNATIONAL,CV,2019
INTERNATIONAL,CV,2020
INTERNATIONAL,CV,2023
INTERNATIONAL,CV,2021
FIRESTONE,DESTINATION LE3,9999
FIRESTONE,TRANSFORCE HT,9999
BRIDGESTONE,DUELER,9999
BRIDGESTONE,BLIZZAK LM-25,9999
PORSCHE,911,2025
JEEP,GRAND CHEROKEE,2011
FORD,E-TRANSIT,2023
HINO,CONVENTIONAL MODELS,2023
HINO,CONVENTIONAL MODELS,2022
THERMO KING,PRECEDENT C-600M,9999
THERMO KING,V-800,9999
THERMO KING,V-320,9999
THERMO KING,V-220,9999
THERMO KING,PRECEDENT S-610DE,9999
THERMO KING,PRECEDENT S-610M,9999
THERMO KING,PRECEDENT S-750I,9999
KARMA,REVERO,2025
KARMA,REVERO,2026
TENNECO,TENNECO,9999
EMBER,OVERLAND SERIES,2022
JAGUAR,XF,2016
JAGUAR,E-PACE,2018
JAGUAR,XJ,2016
LAND ROVER,RANGE ROVER EVOQUE,2018
LAND ROVER,RANGE ROVER EVOQUE,2017
LAND ROVER,RANGE ROVER EVOQUE,2016
JAGUAR,I-PACE,2024
LAND ROVER,RANGE ROVER,2025
FORD,F-53,2022
FORD,F-53,2020
FORD,F-53,2021
FORD,F-53,2024
FORD,F-53,2023
VESPA,ELETTRICA 70,2024
BENTLEY,BENTAYGA HYBRID,2020
BENTLEY,BENTAYGA HYBRID,2021
BENTLEY,BENTAYGA HYBRID,2022
BENTLEY,BENTAYGA HYBRID,2023
BENTLEY,FLYING SPUR HYBRID,2022
BENTLEY,FLYING SPUR HYBRID,2023
BENTLEY,BENTAYGA HYBRID,2024
BENTLEY,BENTAYGA HYBRID,2019
BENTLEY,FLYING SPUR HYBRID,2024
BENTLEY,CONTINENTAL GT,2017
BENTLEY,CONTINENTAL GTC,2017
BENTLEY,CONTINENTAL GT,2018
BENTLEY,CONTINENTAL GT,2019
BENTLEY,FLYING SPUR,2019
BENTLEY,CONTINENTAL GTC,2019
BENTLEY,MULSANNE,2017
BENTLEY,FLYING SPUR,2017
BENTLEY,MULSANNE,2018
BENTLEY,MULSANNE,2019
BENTLEY,FLYING SPUR,2018
BENTLEY,CONTINENTAL GTC,2018
BENTLEY,BENTAYGA HYBRID,2025
BENTLEY,MULSANNE,2010
BENTLEY,MULSANNE,2009
BENTLEY,redundant FLYING SPUR HYBRID,2025
BENTLEY,CONTINENTAL GT,2004
BENTLEY,CONTINENTAL GT,2005
BENTLEY,CONTINENTAL GT,2006
BENTLEY,CONTINENTAL GT,2007
BENTLEY,CONTINENTAL GT,2008
BENTLEY,CONTINENTAL GTC,2007
BENTLEY,CONTINENTAL GTC,2008
BENTLEY,CONTINENTAL GT,2009
BENTLEY,CONTINENTAL GT,2010
BENTLEY,CONTINENTAL GT,2011
BENTLEY,CONTINENTAL GT,2012
BENTLEY,CONTINENTAL GT,2013
BENTLEY,CONTINENTAL GTC,2009
BENTLEY,CONTINENTAL GTC,2010
BENTLEY,CONTINENTAL GTC,2011
BENTLEY,CONTINENTAL GTC,2012
BENTLEY,CONTINENTAL GTC,2013
BENTLEY,CONTINENTAL GT,2014
BENTLEY,CONTINENTAL GT,2015
BENTLEY,CONTINENTAL GTC,2014
BENTLEY,CONTINENTAL GTC,2015
BENTLEY,FLYING SPUR,2013
BENTLEY,FLYING SPUR,2012
BENTLEY,FLYING SPUR,2006
BENTLEY,FLYING SPUR,2007
BENTLEY,FLYING SPUR,2008
BENTLEY,FLYING SPUR,2009
BENTLEY,FLYING SPUR,2010
BENTLEY,FLYING SPUR,2011
BENTLEY,CONTINENTAL GT,2016
BENTLEY,CONTINENTAL GTC,2016
BENTLEY,MULSANNE,2011
BENTLEY,MULSANNE,2012
BENTLEY,MULSANNE,2013
BENTLEY,MULSANNE,2014
BENTLEY,FLYING SPUR,2014
BENTLEY,FLYING SPUR,2015
BENTLEY,MULSANNE,2015
BENTLEY,MULSANNE,2016
BENTLEY,FLYING SPUR,2016
KIA,NIRO EV,2022
KIA,NIRO EV,2019
PLEASURE WAY,PLATEAU,2021
PLEASURE WAY,REKON,2022
PLEASURE WAY,ONTOUR,2021
PLEASURE WAY,TOFINO,2019
INDIAN,CHIEFTAIN,2014
INDIAN,CHIEFTAIN,2015
INDIAN,CHIEFTAIN,2016
INDIAN,CHIEFTAIN,2017
INDIAN,CHIEFTAIN,2018
INDIAN,CHIEFTAIN CLASSIC,2017
INDIAN,CHIEFTAIN DARK HORSE,2017
INDIAN,CHIEFTAIN DARK HORSE,2018
INDIAN,CHIEFTAIN ELITE,2018
INDIAN,CHIEFTAIN LIMITED,2024
INDIAN,CHIEFTAIN LIMITED,2020
INDIAN,CHIEFTAIN ELITE,2020
INDIAN,CHIEFTAIN ELITE,2019
INDIAN,CHIEFTAIN CLASSIC,2019
INDIAN,CHIEFTAIN LIMITED,2019
INDIAN,CHIEFTAIN,2021
INDIAN,CHIEFTAIN,2020
INDIAN,CHIEFTAIN DARK HORSE,2019
INDIAN,CHIEFTAIN,2019
INDIAN,CHIEFTAIN LIMITED,2018
INDIAN,CHIEFTAIN LIMITED,2017
INDIAN,CHIEFTAIN ELITE,2017
INDIAN,CHIEFTAIN ELITE,2022
INDIAN,CHIEFTAIN DARK HORSE,2023
INDIAN,CHIEFTAIN LIMITED,2021
INDIAN,CHIEFTAIN,2022
INDIAN,CHIEFTAIN DARK HORSE,2022
INDIAN,CHIEFTAIN DARK HORSE,2021
INDIAN,CHIEFTAIN DARK HORSE,2016
INDIAN,CHIEFTAIN DARK HORSE,2020
INDIAN,CHIEFTAIN LIMITED,2022
INDIAN,CHIEFTAIN LIMITED,2023
INDIAN,CHIEFTAIN,2023
INDIAN,CHIEFTAIN ELITE,2021
INDIAN,CHIEFTAIN ELITE,2023
INDIAN,CHIEFTAIN,2024
INDIAN,CHIEFTAIN DARK HORSE,2024
INDIAN,CHIEFTAIN ELITE,2024
INDIAN,CHIEFTAIN CLASSIC,2018
KIA,SORENTO PHEV,2025
INDIAN,SPRINGFIELD DARK HORSE,2018
INDIAN,SPRINGFIELD DARK HORSE,2017
INDIAN,SPRINGFIELD DARK HORSE,2019
INDIAN,SPRINGFIELD,2020
INDIAN,SPRINGFIELD DARK HORSE,2020
INDIAN,SPRINGFIELD DARK HORSE,2021
INDIAN,SPRINGFIELD,2022
INDIAN,SPRINGFIELD,2021
INDIAN,SPRINGFIELD DARK HORSE,2022
INDIAN,SPRINGFIELD,2023
INDIAN,SPRINGFIELD DARK HORSE,2023
INDIAN,SPRINGFIELD,2024
INDIAN,SPRINGFIELD DARK HORSE,2024
INDIAN,SPRINGFIELD,2019
INDIAN,SPRINGFIELD,2016
INDIAN,SPRINGFIELD,2017
INDIAN,SPRINGFIELD,2018
HARLEY-DAVIDSON,RA1250,2021
HARLEY-DAVIDSON,RA1250S,2021
HARLEY-DAVIDSON,RH1250S,2021
LIVEWIRE,LIVEWIRE ONE,2021
HARLEY-DAVIDSON,XL1200CX,2021
HARLEY-DAVIDSON,XL883L,2021
HARLEY-DAVIDSON,duplicate productRA1250,2021
HARLEY-DAVIDSON,RS975S,2021
HARLEY-DAVIDSON,RS975,2021
HARLEY-DAVIDSON,RH1250S,2022
HARLEY-DAVIDSON,XL1200X,2022
HARLEY-DAVIDSON,XL883N,2022
HARLEY-DAVIDSON,RA1250,2022
HARLEY-DAVIDSON,RA1250S,2022
HARLEY-DAVIDSON,RA975,2022
HARLEY-DAVIDSON,RA975S,2022
HARLEY-DAVIDSON,RH975,2022
LIVEWIRE,LIVEWIRE ONE,2022
HARLEY-DAVIDSON,RA1250,2023
HARLEY-DAVIDSON,RA1250S,2023
HARLEY-DAVIDSON,RH1250S,2023
HARLEY-DAVIDSON,RH975,2023
HARLEY-DAVIDSON,RH975S,2023
LIVEWIRE,S2 DEL MAR,2023
LIVEWIRE,LIVEWIRE ONE,2023
LIVEWIRE,LIVEWIRE ONE,2024
HARLEY-DAVIDSON,RA1250SE,2024
HARLEY-DAVIDSON,RA1250S,2024
HARLEY-DAVIDSON,RH1250S,2024
HARLEY-DAVIDSON,RH975,2024
HARLEY-DAVIDSON,RH975S,2024
HARLEY-DAVIDSON,RA1250,2024
HARLEY-DAVIDSON,FLSB,2024
HARLEY-DAVIDSON,XL1200CX,2017
HARLEY-DAVIDSON,XG750A,2017
HARLEY-DAVIDSON,XG500,2017
HARLEY-DAVIDSON,XG750,2017
HARLEY-DAVIDSON,XL883N,2017
HARLEY-DAVIDSON,XL1200C,2017
HARLEY-DAVIDSON,XL1200T,2017
HARLEY-DAVIDSON,XL1200X,2017
HARLEY-DAVIDSON,XL883L,2017
HARLEY-DAVIDSON,XG500,2018
HARLEY-DAVIDSON,XG750,2018
HARLEY-DAVIDSON,XG750A,2018
HARLEY-DAVIDSON,XL883N,2018
HARLEY-DAVIDSON,XL1200C,2018
HARLEY-DAVIDSON,XL1200CX,2018
HARLEY-DAVIDSON,XL1200X,2018
HARLEY-DAVIDSON,XL1200X ANX,2018
HARLEY-DAVIDSON,XL883L,2018
HARLEY-DAVIDSON,XL1200NS,2018
HARLEY-DAVIDSON,XL1200XS,2018
HARLEY-DAVIDSON,XG500,2019
HARLEY-DAVIDSON,XG750A,2019
HARLEY-DAVIDSON,XG750,2019
HARLEY-DAVIDSON,XL883N,2019
HARLEY-DAVIDSON,XL883L,2019
HARLEY-DAVIDSON,XL1200C,2019
HARLEY-DAVIDSON,XL1200CX,2019
HARLEY-DAVIDSON,XL1200X,2019
HARLEY-DAVIDSON,XL1200XS,2019
HARLEY-DAVIDSON,XL1200NS,2019
HARLEY-DAVIDSON,XG750,2020
HARLEY-DAVIDSON,XG750A,2020
HARLEY-DAVIDSON,XL1200C,2020
HARLEY-DAVIDSON,XL1200CX,2020
HARLEY-DAVIDSON,XL883N,2020
HARLEY-DAVIDSON,XL1200NS,2020
HARLEY-DAVIDSON,XG500,2020
HARLEY-DAVIDSON,XL1200X,2020
LIVEWIRE,LIVEWIRE,2020
HARLEY-DAVIDSON,XL883L,2020
HARLEY-DAVIDSON,XL1200XS,2020
HARLEY-DAVIDSON,XL1200T,2020
HARLEY-DAVIDSON,XL883N,2021
HARLEY-DAVIDSON,XL1200NS,2021
HARLEY-DAVIDSON,XL1200X,2021
INDIAN,PURSUIT,2025
INDIAN,ROADMASTER POWERPLUS,2025
INDIAN,CHIEFTAIN POWERPLUS,2025
INDIAN,CHALLENGER,2025
INDIAN,CHIEF,2025
KIA,SOUL,2025
INDIAN,SPRINGFIELD DARK HORSE,2025
LUCID,GRAVITY,2025
HYUNDAI,ELANTRA,2022
HYUNDAI,ELANTRA,2024
HYUNDAI,ELANTRA,2021
HYUNDAI,ELANTRA,2023
LEXUS,GS,2014
LEXUS,GS HYBRID,2019
LEXUS,GS HYBRID,2015
LEXUS,GS HYBRID,2014
LEXUS,GS HYBRID,2013
LEXUS,GS HYBRID,2011
LEXUS,GS HYBRID,2010
LEXUS,GS,2020
LEXUS,GS,2019
LEXUS,GS,2018
LEXUS,GS,2017
LEXUS,GS,2016
LEXUS,GS,2015
LEXUS,GS,2013
LEXUS,GS,2012
LEXUS,GS,2011
LEXUS,GS,2010
LEXUS,ES,2024
LEXUS,ES,2023
LEXUS,ES,2018
LEXUS,ES,2017
LEXUS,ES,2016
LEXUS,ES,2014
LEXUS,ES,2013
LEXUS,ES,2012
LEXUS,ES,2011
LEXUS,ES,2010
LEXUS,CT HYBRID,2013
LEXUS,CT HYBRID,2012
LEXUS,CT HYBRID,2011
LEXUS,CT HYBRID,2015
LEXUS,CT HYBRID,2014
LEXUS,LFA,2012
LEXUS,LFA,2013
LEXUS,LFA,2014
LEXUS,LFA,2015
LEXUS,LFA,2016
LEXUS,LFA,2017
LEXUS,LS,2010
LEXUS,LS,2011
LEXUS,LS,2012
LEXUS,LS,2013
LEXUS,LS,2014
LEXUS,LS,2015
LEXUS,LS,2016
LEXUS,LS,2017
LEXUS,LX,2010
LEXUS,LX,2011
LEXUS,LX,2013
LEXUS,LX,2014
LEXUS,LX,2015
LEXUS,LX,2016
LEXUS,LX,2017
LEXUS,LX,2018
LEXUS,LX,2019
LEXUS,LX,2020
LEXUS,LX,2021
LEXUS,NX,2015
LEXUS,NX,2016
LEXUS,NX,2017
LEXUS,LC,2024
LEXUS,IS,2020
LEXUS,IS,2019
LEXUS,IS,2018
LEXUS,IS,2017
LEXUS,IS,2016
LEXUS,IS,2015
LEXUS,IS,2014
LEXUS,IS,2013
LEXUS,IS,2012
LEXUS,IS,2011
LEXUS,IS,2010
LEXUS,HS HYBRID,2012
LEXUS,HS HYBRID,2011
LEXUS,HS HYBRID,2010
LEXUS,NX HYBRID,2014
LEXUS,NX HYBRID,2015
LEXUS,NX HYBRID,2016
LEXUS,NX HYBRID,2017
LEXUS,RC,2015
LEXUS,RC,2016
LEXUS,RC,2017
LEXUS,RX,2010
LEXUS,RX,2011
LEXUS,RX,2012
LEXUS,RX,2013
LEXUS,RX,2014
LEXUS,RX,2015
LEXUS,RX,2016
LEXUS,RX,2017
LEXUS,RX,2018
LEXUS,RX,2019
LEXUS,RX HYBRID,2010
LEXUS,RX HYBRID,2011
LEXUS,RX HYBRID,2012
LEXUS,RX HYBRID,2013
LEXUS,RX HYBRID,2014
LEXUS,RX HYBRID,2015
LEXUS,RX HYBRID,2016
LEXUS,RX HYBRID,2017
LEXUS,RX HYBRID,2018
LEXUS,RX HYBRID,2019
LEXUS,SC,2010
LEXUS,SC,2011
LEXUS,SC,2012
LEXUS,UX,2023
LEXUS,non-existant UX,2024
LEXUS,ES,2015
LEXUS,CT HYBRID,2016
LEXUS,CT HYBRID,2017
LEXUS,CT HYBRID,2018
LEXUS,CT HYBRID,2019
LEXUS,ES HYBRID,2013
LEXUS,ES HYBRID,2014
LEXUS,ES HYBRID,2015
LEXUS,ES HYBRID,2016
LEXUS,ES HYBRID,2017
LEXUS,ES HYBRID,2018
LEXUS,GX,2021
LEXUS,GX,2020
LEXUS,GX,2019
LEXUS,GX,2018
LEXUS,GX,2017
LEXUS,GX,2016
LEXUS,GX,2015
LEXUS,GX,2014
LEXUS,GX,2013
LEXUS,GX,2012
LEXUS,GX,2011
LEXUS,GX,2010
TOYOTA,GR86,2023
TOYOTA,GR86,2022
FORD,TRANSIT CONNECT,2023
FORD,TRANSIT CONNECT,2024
NEW FLYER,XE60,2022
NEW FLYER,XE60,2025
NEW FLYER,XD40,2024
NEW FLYER,XD40,2022
NEW FLYER,XD40,2023
NEW FLYER,XD35,2022
COACHMEN,LEPRECHAUN,2020
COACHMEN,LEPRECHAUN,2021
FOREST RIVER,SUNSEEKER,2020
FOREST RIVER,SUNSEEKER,2021
ROCKPORT,WORK TRUCK,2021
COACHMEN,CONCORD,2019
COACHMEN,CONCORD,2020
COACHMEN,FREELANDER,2021
COACHMEN,FREELANDER,2019
FOREST RIVER,FORESTER,2021
FOREST RIVER,SUNSEEKER,2019
FOREST RIVER,FORESTER,2019
FOREST RIVER,FORESTER,2020
COACHMEN,FREELANDER,2020
COACHMEN,LEPRECHAUN,2019
FOREST RIVER BUS,ELDORADO,2018
FOREST RIVER BUS,CHAMPION BUS,2019
FOREST RIVER BUS,ELKHART COACH,2019
FOREST RIVER BUS,CHAMPION BUS,2020
FOREST RIVER BUS,CHAMPION BUS,2018
FOREST RIVER BUS,STARCRAFT ALLSTAR,2021
FOREST RIVER BUS,STARCRAFT ALLSTAR,2019
FOREST RIVER BUS,STARCRAFT ALLSTAR,2018
FOREST RIVER BUS,SENATOR II,2019
FOREST RIVER BUS,SENATOR II,2018
FOREST RIVER BUS,STARTRANS MFSAB,2019
FOREST RIVER BUS,STARTRANS MFSAB,2018
FOREST RIVER BUS,GLAVAL TITAN II LF,2019
FOREST RIVER BUS,GLAVAL TITAN II LF,2018
FOREST RIVER BUS,GLAVAL TITAN II,2019
FOREST RIVER BUS,GLAVAL TITAN II,2018
FOREST RIVER BUS,ELKHART COACH,2020
FOREST RIVER BUS,STARCRAFT STARQUEST,2020
FOREST RIVER BUS,STARCRAFT STARQUEST,2019
FOREST RIVER BUS,STARCRAFT STARQUEST,2018
FOREST RIVER BUS,STARCRAFT MFSAB/PRODIGY,2020
FOREST RIVER BUS,STARCRAFT MFSAB/PRODIGY,2019
FOREST RIVER BUS,STARCRAFT MFSAB/PRODIGY,2018
FOREST RIVER BUS,ELDORADO,2020
FOREST RIVER BUS,ELDORADO,2019
JEEP,WRANGLER!4XE,2021
BMW,540I,2025
FORD,F-150 LIGHTNING BEV,2025
BMW,S1000 RR,2020
BMW,R 1300 GS,2025
MERCEDES-BENZ,AMG S 63 E,2023
MERCEDES-BENZ,AMG S 63 E,2024
MERCEDES-BENZ,AMG S 63 E,2025
WINNEBAGO,VIEW,2025
ITASCA,NAVION,2025
PONTIAC,VIBE,2014
PONTIAC,G3,2014
PONTIAC,G5,2014
PONTIAC,G6,2014
PONTIAC,G8,2014
PONTIAC,SOLSTICE,2014
PONTIAC,TORRENT,2014
WINNEBAGO,SOLIS,2024
WINNEBAGO,SPIRIT,2025
WINNEBAGO,VITA,2025
WINNEBAGO,VISTA,2025
WINNEBAGO,MINNIE WINNIE,2025
WINNEBAGO,FORZA,2025
WINNEBAGO,EKKO,2025
WINNEBAGO,ADVENTURER,2025
WINNEBAGO,PORTO,2025
WINNEBAGO,NAVION,2025
WINNEBAGO,SUNSTAR,2025
MERCEDES-BENZ,CLE 300,2023
CAN-AM,RYKER,2022
FOREST RIVER,FORESTER,2024
FOREST RIVER,SOLERA,2024
FOREST RIVER,SOLERA,2025
FOREST RIVER,SUNSEEKER,2024
FOREST RIVER,SUNSEEKER,2025
FOREST RIVER,FORESTER,2025
MERCEDES-BENZ,AMG G 55,2004
MERCEDES BENZ,G550,2006
MERCEDES BENZ,G550,2007
MERCEDES BENZ,G550,2008
MERCEDES BENZ,G55,2002
MERCEDES-BENZ,AMG G 55,2003
MERCEDES-BENZ,R350,2005
MERCEDES BENZ,R500,2005
MERCEDES BENZ,R63,2005
MERCEDES BENZ,R63,2006
MERCEDES BENZ,R63,2007
MERCEDES BENZ,R320,2005
MERCEDES BENZ,SLR MCLAREN,2007
MERCEDES BENZ,R500,2008
MERCEDES BENZ,R63,2008
MERCEDES BENZ,CL215,2001
MERCEDES BENZ,CL215,2002
MERCEDES BENZ,CL215,2003
MERCEDES BENZ,CL215,2004
MERCEDES BENZ,CL215,2005
MERCEDES BENZ,CL215,2006
MERCEDES BENZ,R500,2009
MERCEDES BENZ,R63,2009
MERCEDES BENZ,GLK350,2009
MERCEDES-BENZ,GLK350,2008
MERCEDES-BENZ,GLK350,2007
MERCEDES-BENZ,GLK350,2006
MERCEDES-BENZ,GLK350,2005
MERCEDES BENZ,G500,2009
MAYBACH,MAYBACH,2004
MAYBACH,MAYBACH,2005
SMART,FORTWO COUPE,2014
SMART,FORTWO COUPE,2015
SMART,FORTWO COUPE ELECTRIC,2015
SMART,FORTWO COUPE ELECTRIC,2014
SMART,FORTWO CONVERTIBLE,2014
SMART,FORTWO CONVERTIBLE,2015
SMART,FORTWO CONVERTIBLE ELECTR,2014
SMART,FORTWO CONVERTIBLE ELECTR,2015
MERCEDES BENZ,B-CLASS ELECTRIC,2015
MERCEDES BENZ,B-CLASS ELECTRIC,2014
MERCEDES-BENZ,CLA250,2012
MERCEDES-BENZ,CLA250,2013
MERCEDES-BENZ,R320,2010
MERCEDES BENZ,B-CLASS ELECTRIC,2016
SMART,FORTWO,2005
MERCEDES-BENZ,CLE 63S,2016
SMART,FORTWO COUPE,2016
MERCEDES-BENZ,R320,2013
SMART,FORTWO CABRIOLET,2017
MERCEDES-BENZ,AMG GT ROADSTER,2018
MERCEDES-BENZ,AMG GT C ROADSTER,2017
MERCEDES BENZ,A 220,2018
MERCEDES BENZ,CLK320,2001
MERCEDES BENZ,W163,2001
MERCEDES BENZ,CLK320,2002
MERCEDES BENZ,W163,2002
MERCEDES BENZ,W163,2003
MERCEDES BENZ,SLR MCLAREN,2005
MERCEDES BENZ,SLR MCLAREN,2006
MERCEDES-BENZ,B 180,2019
MERCEDES-BENZ,B 200,2019
MERCEDES-BENZ,B 220,2019
MERCEDES BENZ,GLK,2011
MERCEDES-BENZ,GLA 250,2014
MERCEDES-BENZ,AMG GLA45,2014
MERCEDES-BENZ,R550,2008
MERCEDES-BENZ,GLK250,2010
MERCEDES-BENZ,CLE 450,2023
MERCEDES BENZ,A000 970 1802,2020
SMART,FORTWO,2008
SMART,FORTWO,2009
SMART,FORTWO,2011
SMART,FORTWO,2012
SMART,FORTWO,2013
SMART,FORTWO,2014
SMART,FORTWO,2015
SMART,FORTWO,2016
SMART,FORTWO,2017
SMART,FORTWO,2018
SMART,FORTWO,2019
MERCEDES BENZ,A170,2007
MERCEDES-BENZ,B 250E,2018
MERCEDES-BENZ,B 250E,2013
MERCEDES-BENZ,AMG A45,2020
MERCEDES-BENZ,B160,2016
MERCEDES-BENZ,B160,2017
MERCEDES-BENZ,B 160,2018
MERCEDES-BENZ,AMG GT63 S E,2025
MERCEDES-BENZ,AMG GT63 S E,2024
MERCEDES-BENZ,AMG GT 63 S E COUPE,2023
MERCEDES-BENZ,AMG SL63 S E,2025
MAYBACH,MAYBACH,2006
MAYBACH,MAYBACH,2007
MAYBACH,MAYBACH,2008
MAYBACH,MAYBACH,2009
MAYBACH,MAYBACH,2010
MAYBACH,MAYBACH,2011
MAYBACH,MAYBACH,2012
HYUNDAI,TUCSON HYBRID,2025
HYUNDAI,TUCSON PLUG-IN HYBRID,2025
HYUNDAI,IONIQ 5 N,2025
FORD,F-750 SD,2023
FORD,F-650 SD,2023
FORD,F-650 SD,2024
FORD,F-150,2016
HONDA,CIVIC TYPE R,2025
HONDA,CIVIC TYPE R,2024
HONDA,CIVIC TYPE R,2023
ACURA,ZDX,2024
AUDI,ALLROAD,2016
AUDI,ALLROAD,2015
AUDI,ALLROAD,2014
AUDI,ALLROAD,2013
FOREST RIVER,CHEROKEE WOLF PUP,2022
FOREST RIVER,CHEROKEE WOLF PUP,2024
FOREST RIVER,CHEROKEE,2021
FOREST RIVER,CHEROKEE WOLF PACK,2021
FOREST RIVER,CHEROKEE GREY WOLF,2020
FOREST RIVER,CHEROKEE,2020
FOREST RIVER,CHEROKEE,2022
FOREST RIVER,CHEROKEE,2023
FOREST RIVER,CHEROKEE WOLF PUP,2021
FOREST RIVER,CHEROKEE WOLF PUP,2023
DODGE,DURANGO,2011
KIA,FORTE KOUP,2017
KIA,FORTE KOUP,2016
KIA,FORTE KOUP,2015
KIA,FORTE KOUP,2014
CAN-AM,RYKER,2023
BMW,CE 02,2025
BMW,R 12,2025
CAN-AM,SPYDER LTD,2019
CAN-AM,SPYDER ST,2015
CAN-AM,SPYDER F3,2016
CAN-AM,SPYDER RT,2016
CAN-AM,SPYDER F3,2017
CAN-AM,SPYDER RT,2017
CAN-AM,SPYDER F3,2018
CAN-AM,SPYDER RT,2018
CAN-AM,SPYDER F3,2019
CAN-AM,SPYDER RT,2019
CAN-AM,SPYDER RT,2020
CAN-AM,SPYDER ST,2016
CAN-AM,SPYDER F3,2023
CAN-AM,SPYDER RT,2022
CAN-AM,SPYDER F3,2022
CAN-AM,SPYDER F3-S,2015
CAN-AM,SPYDER F3-S,2022
CAN-AM,SPYDER RT,2023
CAN-AM,SPYDER RS,2015
CAN-AM,SPYDER RS,2016
CAN-AM,SPYDER F3-T,2016
CAN-AM,SPYDER RT,2014
CAN-AM,SPYDER F3,2021
CAN-AM,SPYDER ST,2014
CAN-AM,SPYDER F3,2020
CAN-AM,SPYDER F3,2015
CAN-AM,SPYDER RS,2014
CAN-AM,SPYDER RT,2015
CAN-AM,SPYDER RT,2021
CAN-AM,SPYDER F3,2025
CAN-AM,SPYDER RT,2025
CAN-AM,RYKER,2024
CAN-AM,RYKER,2021
CAN-AM,CANYON,2025
MINI,COOPER,2010
MINI,COOPER CLUBMAN,2012
MINI,COOPER CLUBMAN,2013
MINI,COOPER CLUBMAN,2014
MINI,COOPER,2008
MINI,COOPER,2007
MINI,COOPER,2009
MINI,COOPER,2011
MINI,COOPER,2012
MINI,COOPER,2013
MINI,PACEMAN,2014
MINI,PACEMAN,2013
MINI,COOPER CLUBMAN,2011
MINI,COOPER CLUBMAN,2010
BMW,I8,2017
BMW,X5,2018
BMW,X5,2017
BMW,X5,2016
BMW,I8,2016
BMW,I8,2015
BMW,I8,2014
BMW,X6 ACTIVEHYBRID SAC,2011
BMW,X6 ACTIVEHYBRID SAC,2010
BMW,X1 SAV,2013
BMW,X1 SAV,2014
BMW,X5,2021
BMW,X5,2022
BMW,X6,2021
BMW,X6,2022
BMW,X7,2021
BMW,X7,2022
BMW,X1,2022
BMW,X2,2023
BMW,X2,2022
NEW FLYER,XD60,2022
BMW,C 400 GT,2019
BMW,R1200 RS,2019
BMW,R1200 GS ADVENTURE,2018
BMW,X1,2013
HYUNDAI,ELANTRA HYBRID,2025
HYUNDAI,ELANTRA,2025
HYUNDAI,ELANTRA HYBRID,2024
INFINITI,QX60,2025
NISSAN,ARMADA,2025
LEXUS,LX,2026
LEXUS,NX,2026
LEXUS,LX HYBRID,2026
LEXUS,RX,2026
LEXUS,RX HYBRID,2026
LEXUS,TX HYBRID,2026
LEXUS,RZ,2026
LEXUS,TX,2026
LEXUS,NX HYBRID,2026
LEXUS,UX HYBRID,2026
LEXUS,ES,2026
LEXUS,GX,2026
LEXUS,IS,2026
LEXUS,LC,2026
LEXUS,LS,2026
NEW FLYER,XDE40,2024
KIA,CARNIVAL,2024
HYUNDAI,TUCSON,2020
HYUNDAI,ELANTRA GT,2020
GENESIS,G90,2018
HYUNDAI,VENUE,2025
HYUNDAI,VENUE,2024
HYUNDAI,VENUE,2023
HYUNDAI,VENUE,2022
HYUNDAI,VENUE,2021
HYUNDAI,VENUE,2020
HYUNDAI,VELOSTER,2021
HYUNDAI,VELOSTER,2020
HYUNDAI,VELOSTER,2019
HYUNDAI,TUCSON HYBRID,2023
HYUNDAI,TUCSON,2021
HYUNDAI,TUCSON,2019
HYUNDAI,TUCSON,2018
HYUNDAI,TUCSON,2017
HYUNDAI,TUCSON,2016
HYUNDAI,SONATA HYBRID,2023
HYUNDAI,SONATA HYBRID,2017
HYUNDAI,SONATA HYBRID,2016
HYUNDAI,SANTA FE HYBRID,2023
HYUNDAI,SANTA FE HYBRID,2022
HYUNDAI,SANTA FE HYBRID,2021
HYUNDAI,PALISADE,2025
HYUNDAI,NEXO,2025
HYUNDAI,NEXO,2024
HYUNDAI,NEXO,2023
HYUNDAI,NEXO,2022
HYUNDAI,NEXO,2021
HYUNDAI,NEXO,2020
HYUNDAI,NEXO,2019
HYUNDAI,KONA ELECTRIC,2023
HYUNDAI,KONA ELECTRIC,2022
HYUNDAI,KONA ELECTRIC,2021
HYUNDAI,KONA ELECTRIC,2020
HYUNDAI,KONA ELECTRIC,2019
HYUNDAI,KONA,2023
HYUNDAI,KONA,2022
HYUNDAI,KONA,2021
HYUNDAI,KONA,2020
HYUNDAI,KONA,2019
HYUNDAI,KONA,2018
HYUNDAI,IONIQ HYBRID,2022
HYUNDAI,IONIQ HYBRID,2021
HYUNDAI,IONIQ HYBRID,2020
HYUNDAI,IONIQ HYBRID,2019
HYUNDAI,IONIQ HYBRID,2018
HYUNDAI,IONIQ HYBRID,2017
HYUNDAI,IONIQ ELECTRIC,2021
HYUNDAI,IONIQ ELECTRIC,2020
HYUNDAI,IONIQ ELECTRIC,2019
HYUNDAI,IONIQ ELECTRIC,2018
HYUNDAI,IONIQ ELECTRIC,2017
HYUNDAI,IONIQ 6,2025
HYUNDAI,IONIQ 6,2024
HYUNDAI,IONIQ 6,2023
HYUNDAI,IONIQ 5,2024
HYUNDAI,IONIQ 5,2023
HYUNDAI,IONIQ 5,2022
HYUNDAI,GENESIS,2016
HYUNDAI,GENESIS,2015
HYUNDAI,ELANTRA N,2025
HYUNDAI,ELANTRA N,2024
HYUNDAI,ELANTRA GT,2019
HYUNDAI,ELANTRA GT,2018
HYUNDAI,ELANTRA,2020
HYUNDAI,ELANTRA,2019
HYUNDAI,ELANTRA,2018
HYUNDAI,ELANTRA,2017
HYUNDAI,SONATA HYBRID,2019
HYUNDAI,SONATA HYBRID,2018
GENESIS,G80 ELECTRIFIED,2025
GENESIS,G80 ELECTRIFIED,2024
GENESIS,G80 ELECTRIFIED,2023
BENDIX,EC80 ECU,9999
BENDIX,WINGMAN ADVANCE,9999
BENDIX,WHEEL ENDS,9999
BENDIX,SERVICE BRAKES AIR,9999
BENDIX,ESP,9999
BENDIX,INTELLIPARK,9999
KIA,OPTIMA HYBRID,2015
KIA,OPTIMA HYBRID,2013
KIA,OPTIMA HYBRID,2014
KIA,OPTIMA HYBRID,2016
KIA,SPORTAGE,2024
KIA,SPORTAGE,2025
KIA,STINGER,2022
KIA,STINGER,2023
KIA,TELLURIDE,2025
KIA,SPORTAGE PHEV,2025
KIA,SOUL EV,2017
KIA,SOUL EV,2018
KIA,SOUL EV,2019
KIA,SELTOS,2024
KIA,K900,2016
KIA,K900,2017
KIA,K900,2019
KIA,K900,2020
KIA,NIRO PHEV,2018
KIA,NIRO PHEV,2019
KIA,OPTIMA PHEV,2017
KIA,OPTIMA PHEV,2018
KIA,SPORTAGE,2021
KIA,SPORTAGE,2022
KIA,NIRO,2025
KIA,NIRO EV,2023
KIA,NIRO EV,2024
KIA,NIRO EV,2025
KIA,NIRO PHEV,2024
KIA,NIRO PHEV,2025
KIA,SELTOS,2025
POLESTAR,POLESTAR 3,2024
TIFFIN,PHAETON,2005
TIFFIN,ALLEGRO RED,2025
TIFFIN,PHAETON,2002
TIFFIN,PHAETON,2004
TIFFIN,PHAETON,2003
KIA,CADENZA,2019
KIA,SEDONA,2020
KIA,SEDONA,2021
KIA,SEDONA,2019
KIA,CADENZA,2018
TIFFIN,GH1,2025
FORD,TRANSIT,2025
FORD,MUSTANG MACH E,2025
TRIUMPH,BONNEVILLE BOBBER,2025
TRIUMPH,BONNEVILLE BOBBER TFC,2025
TRIUMPH,TIGER 900 GT,2025
TRIUMPH,SPEED TRIPLE 1200 RS,2025
DODGE,JOURNEY,2016
RAM,PROMASTER,2015
DODGE,JOURNEY,2017
DODGE,CARAVAN,2020
DODGE,JOURNEY,2019
DODGE,JOURNEY,2014
DODGE,JOURNEY,2018
DODGE,JOURNEY,2015
DODGE,JOURNEY,2011
DODGE,JOURNEY,2012
DODGE,JOURNEY,2013
DODGE,JOURNEY,2020
DODGE,CARAVAN,2012
DODGE,CARAVAN,2011
DODGE,CARAVAN,2013
RAM,PROMASTER,2014
DODGE,CARAVAN,2014
DODGE,CARAVAN,2015
DODGE,CARAVAN,2016
CADILLAC,VISTIQ,2026
SUZUKI,DL1000,2015
SUZUKI,DL1000,2014
THERMO KING,T600,9999
THERMO KING,T1000,9999
THERMO KING,T800,9999
THERMO KING,T1000 SPECTRUM,9999
INDIAN,CHIEF,2024
THERMO KING,TRIPAC EVOLUTION,9999
THERMO KING,TRIPAC,9999
INDIAN,CHIEFTAIN,2025
THERMO KING,UT1290,9999
THERMO KING,SLXI DRC,9999
THERMO KING,SLXI LOCAL,9999
THERMO KING,UT-1280,9999
THERMO KING,UT1200,9999
THERMO KING,HEAT KING,9999
THERMO KING,TRIPAC ENVIDIA,9999
INDIAN,CHIEF,2023
INDIAN,CHIEF,2022
JERR-DAN,HEAVY DUTY WRECKER,2024
POLARIS,SLINGSHOT,2022
POLARIS,SLINGSHOT,2021
POLARIS,SLINGSHOT,2020
FCCC,MT45,2025
FCCC,MT55,2025
TESLA,MODEL 3,2024
TESLA,SEMI,2024
FREIGHTLINER,CASCADIA,2014
FREIGHTLINER,CASCADIA,2013
FREIGHTLINER,CASCADIA,2026
FREIGHTLINER,BUSINESS CLASS M2,2026
MACK,MRU,2015
MACK,MRU,2014
MACK,MRU,2013
MACK,MRU,2012
MACK,MRU,2011
MACK,CHU,2015
MACK,CXU,2014
MACK,CXU,2013
MACK,CXU,2012
MACK,CXU,2011
MACK,CXU,2015
MACK,CHU,2011
MACK,CHU,2012
MACK,CHU,2014
MACK,CHU,2013
MACK,TD,2012
MACK,TD,2011
MACK,TD,2013
MACK,TD,2014
MACK,TD,2015
MACK,LR,2015
MACK,LEU,2015
MACK,LEU,2014
MACK,LEU,2013
MACK,LEU,2012
MACK,LEU,2011
MACK,GRANITE (GU),2011
MACK,GRANITE (GU),2015
MACK,GRANITE (GU),2014
MACK,GRANITE (GU),2013
MACK,GRANITE (GU),2012
VOLVO,VHD,2012
VOLVO,VHD,2011
VOLVO,VN,2011
VOLVO,VN,2012
VOLVO,VAH,2011
VOLVO,VAH,2012
DORMAN,DORMAN,9999
INDIAN,PURSUIT,2020
INDIAN,PURSUIT,2021
IMT,CONTAINER DELIVERY TRUCK,2013
IMT,28562,2013
IMT,28562,2012
IMT,24562,2016
IMT,DOMINATOR I CRANE BODY,9999
IMT,IMT STABILIZER BEAM,9999
IMT,12000 SERIES III CRANE,9999
IMT,14000 SERIES III CRANE,9999
IMT,DOMINATOR,2017
IMT,24562,2012
IMT,24562,2013
IMT,24562,2014
IMT,24562,2015
IMT,WIRELESS TRANSMITTER,9999
IMT,42684,9999
IMT,28562,2016
IMT,28562,2015
IMT,28562,2014
IMT,8600 SERIES III CRANE,9999
IMT,9500 SERIES III CRANE,9999
IMT,10000 SERIES III CRANE,9999
IMT,DOMINATOR,2013
IMT,DOMINATOR,2014
IMT,DOMINATOR,2015
IMT,DOMINATOR,2016
IMT,6000 SERIES III CRANE,9999
IMT,7500 SERIES III CRANE,9999
SCHWARZE,A8,2025
SCHWARZE,A9,2025
SCHWARZE,A7,2025
BMW,6 SERIES,2011
BMW,5 SERIES,2012
BMW,7-SERIES,2009
BMW,7 SERIES,2008
BMW,X6,2009
BMW,7-SERIES,2012
BMW,6 SERIES,2012
INEOS,GRENADIER,2025
WILSON,GRAIN,2025
VERMEER,BC1500,2025
VERMEER,BC1500,2024
BMW,740I,2020
BMW,740I,2021
BMW,740I,2022
BMW,530I,2020
BMW,530I,2021
BMW,530I,2022
BMW,K1300 S,2010
BMW,K1300 R,2010
BMW,K1200 R,2010
BMW,K 1300 GT,2010
BMW,K1200 S,2010
BMW,K1200 GT,2010
MINI,COOPER,2024
BMW,840I,2020
PETERBILT,535,2021
PETERBILT,535,2022
SPARTAN FIRE,METROSTAR,2026
KME,PANTHER,2025
SPARTAN FIRE,GLADIATOR,2016
SPARTAN FIRE,METROSTAR,2011
SPARTAN FIRE,METROSTAR,2013
SPARTAN FIRE,METROSTAR,2012
SPARTAN FIRE,GLADIATOR,2018
SPARTAN FIRE,GLADIATOR,2021
SPARTAN FIRE,METROSTAR,2019
SPARTAN FIRE,METROSTAR,2020
SPARTAN FIRE,GLADIATOR,2024
SPARTAN FIRE,METROSTAR,2023
SPARTAN FIRE,GLADIATOR,2023
SPARTAN FIRE,METROSTAR,2022
SPARTAN FIRE,GLADIATOR,2022
SPARTAN FIRE,METROSTAR,2016
SPARTAN FIRE,METROSTAR,2015
SPARTAN FIRE,GLADIATOR,2020
SPARTAN FIRE,GLADIATOR,2019
KME,PANTHER,2024
SPARTAN FIRE,METROSTAR,2021
SPARTAN FIRE,METROSTAR,2018
SPARTAN FIRE,METROSTAR,2017
SPARTAN FIRE,GLADIATOR,2017
SPARTAN FIRE,GLADIATOR,2011
SPARTAN FIRE,METROSTAR,2014
SPARTAN FIRE,GLADIATOR,2012
SPARTAN FIRE,GLADIATOR,2013
SPARTAN FIRE,GLADIATOR,2014
SPARTAN FIRE,GLADIATOR,2015
AUDI,RS 5,2020
CUMMINS,ISX12,9999
CUMMINS,HGJAA,9999
CUMMINS,HGJAD,9999
MCLAREN,750S SPYDER,2020
MCLAREN,750S SPYDER,2021
MCLAREN,750S SPYDER,2023
MCLAREN,750S SPYDER,2022
MCLAREN,750S SPYDER,2019
FREEDMAN,GO-ES DOUBLE RIGID SEAT,9999
SPARTAN,K4,2023
SPARTAN,K3,2025
SPARTAN,K4,2024
SPARTAN,K3,2024
SPARTAN,K2,2022
SPARTAN,K3,2022
SPARTAN,K4,2022
SPARTAN,K3,2023
SPARTAN,K1,2023
SPARTAN,K2,2023
SPARTAN,K2,2024
SPARTAN,K2,2025
SPARTAN,K4,2025
SPARTAN,K1,2024
SPARTAN,K1,2022
LAND ROVER,RAISED AIR INTAKE,9999
LAND ROVER,RANGE ROVER PHEV,2025
LAND ROVER,RANGE ROVER VELAR,2026
JAGUAR,XJ,2012
JAGUAR,XJ,2013
LAND ROVER,RANGE ROVER,2013
LAND ROVER,RANGE ROVER,2014
JAGUAR,XJ,2014
LAND ROVER,RANGE ROVER SPORT,2014
JAGUAR,XJ,2015
LAND ROVER,RANGE ROVER,2011
LAND ROVER,RANGE ROVER SPORT,2015
LAND ROVER,RANGE ROVER,2015
LAND ROVER,RANGE ROVER,2016
LAND ROVER,RANGE ROVER SPORT,2016
LAND ROVER,DISCOVERY SPORT,2015
LAND ROVER,DISCOVERY SPORT,2016
JAGUAR,XFRS,2014
JAGUAR,XFRS,2013
LAND ROVER,RANGE ROVER SPORT,2006
JAGUAR,XF,2012
LAND ROVER,RANGE ROVER SPORT,2012
LAND ROVER,RANGE ROVER EVOQUE,2012
JAGUAR,XF,2013
LAND ROVER,RANGE ROVER SPORT,2013
LAND ROVER,RANGE ROVER EVOQUE,2013
JAGUAR,F-TYPE,2014
JAGUAR,XF,2014
JAGUAR,F-TYPE,2015
JAGUAR,XF,2015
JAGUAR,F-TYPE,2016
JAGUAR,XF,2009
LAND ROVER,RANGE ROVER,2010
LAND ROVER,RANGE ROVER SPORT,2010
JAGUAR,XF,2010
JAGUAR,XF,2011
JAGUAR,XJ,2010
JAGUAR,XJ,2011
LAND ROVER,RANGE ROVER SPORT,2011
LAND ROVER,RANGE ROVER,2012
LAND ROVER,RANGE ROVER SPORT PHEV,2020
LAND ROVER,RANGE ROVER PHEV,2020
LAND ROVER,RANGE ROVER PHEV,2019
LAND ROVER,RANGE ROVER SPORT PHEV,2019
LAND ROVER,RANGE ROVER PHEV,2018
LAND ROVER,RANGE ROVER SPORT PHEV,2018
LAND ROVER,RANGE ROVER SPORT PHEV,2021
LAND ROVER,RANGE ROVER PHEV,2021
LAND ROVER,RANGE ROVER EVOQUE,2015
LAND ROVER,RANGE ROVER EVOQUE,2014
LAND ROVER,RANGE ROVER SPORT PHEV,2022
LAND ROVER,RANGE ROVER PHEV,2023
LAND ROVER,RANGE ROVER SPORT PHEV,2023
LAND ROVER,RANGE ROVER PHEV,2024
LAND ROVER,RANGE ROVER SPORT PHEV,2024
MITSUBISHI,OUTLANDER SPORT,2021
MITSUBISHI,OUTLANDER SPORT,2020
MITSUBISHI,OUTLANDER SPORT,2022
MITSUBISHI,OUTLANDER,2020
INTERNATIONAL,EMV,2023
INTERNATIONAL,LT,2018
INTERNATIONAL,LT,2019
INTERNATIONAL,LT,2021
INTERNATIONAL,HV,2019
INTERNATIONAL,HV,2022
INTERNATIONAL,HX,2017
INTERNATIONAL,LT,2016
INTERNATIONAL,RH,2021
INTERNATIONAL,HX,2016
INTERNATIONAL,LT,2017
INTERNATIONAL,RH,2018
INTERNATIONAL,RH,2017
INTERNATIONAL,RH,2016
INTERNATIONAL,HX,2018
INTERNATIONAL,LT,2020
INTERNATIONAL,RH,2020
INTERNATIONAL,HV,2021
INTERNATIONAL,LT,2022
INTERNATIONAL,RH,2022
INTERNATIONAL,HV,2025
INTERNATIONAL,HX,2025
INTERNATIONAL,RH,2019
INTERNATIONAL,HV,2017
INTERNATIONAL,HV,2018
INTERNATIONAL,MV,2019
INTERNATIONAL,MV,2018
INTERNATIONAL,MV,2022
INTERNATIONAL,MV,2017
INTERNATIONAL,MV,2021
INTERNATIONAL,MV,2020
PLEASURE WAY,TOFINO,2021
PLEASURE WAY,ONTOUR,2023
PLEASURE WAY,ASCENT,2021
MOTO GUZZI,V100 MANDELLO S,2025
MOTO GUZZI,STELVIO,2025
MONROE,MONROE,9999
RANCHO,SUSPENSION SYSTEM,9999
FOREST RIVER,SABRE,2023
FORD,EXPEDITION,2025
LINCOLN,NAVIGATOR,2025
DODGE,CHARGER AWD,2023
DODGE,CHARGER AWD,2022
DODGE,CHARGER AWD,2021
DODGE,CHARGER AWD,2020
NEW FLYER,MD30,2016
NEW FLYER,MD35,2016
BOLLINGER MOTORS,B4,2025
JEEP,WRANGLER 4XE,2025
ALFA ROMEO,TONALE PHEV,2025
ALFA ROMEO,TONALE PHEV,2024
DODGE,HORNET PHEV,2025
DODGE,HORNET PHEV,2024
HYUNDAI,SONATA HYBRID,2024
HYUNDAI,KONA ELECTRIC,2025
HYUNDAI,SONATA HYBRID,2025
FOREST RIVER,WILDWOOD,2024
FOREST RIVER,WILDWOOD,2025
FOREST RIVER,SALEM,2024
FOREST RIVER,SALEM,2025
ACURA,TLX,2024
ACURA,TLX,2025
BMW,M240I,2025
BMW,330I,2023
BMW,430I,2023
ALTEC,DIGGER DERRICK,2025
ALTEC,AERIAL DEVICE,2025
ALTEC,AERIAL DEVICE,2019
ALTEC,DIGGER DERRICK,2018
BMW,330I,2021
BMW,M340I,2021
BMW,340I,2020
BMW,740I,2016
BMW,540I,2018
BMW,540I,2017
BMW,740I,2018
BMW,740I,2017
BMW,750I,2017
BMW,M550I,2018
BMW,750I,2016
BMW,640I,2018
BMW,530I,2017
BMW,330E,2022
BMW,X5 HYBRID,2021
BMW,330E,2021
BMW,X5 HYBRID,2022
BMW,M340I,2020
BMW,M340I,2022
BMW,330I,2022
BMW,R 18 B,2025
BMW,R 18 TRANSCONTINENTAL,2025
BMW,M 1000 R,2025
EAST TO WEST,SILVER LAKE,2023
EAST TO WEST,SILVER LAKE,2022
EAST TO WEST,DELLA TERRA,2023
EAST TO WEST,DELLA TERRA,2022
CUMMINS CLEAN FUEL TECH,CNG FUEL SYSTEM,9999
MOMENTUM FUEL TECH,CNG FUEL SYSTEM,9999
MERCEDES-BENZ,C 300,2025
MICRO DOT,BLISTER,9999
MICRO DOT,TWISTER,9999
KIA,SPORTAGE,2010
KIA,SPORTAGE,2009
KIA,SPORTAGE,2008
KIA,SPORTAGE,2005
KIA,SPORTAGE,2006
KIA,SPORTAGE,2007
KIA,SOUL EV,2016
KIA,SOUL EV,2015
KIA,SOUL,2011
KIA,SOUL,2010
KIA,SEDONA,2018
KIA,SEDONA,2017
KIA,SEDONA,2014
KIA,SEDONA,2012
KIA,SEDONA,2011
KIA,K900,2018
KIA,K900,2014
KIA,K900,2015
KIA,FORTE,2013
KIA,FORTE,2012
KIA,FORTE,2011
KIA,FORTE,2010
KIA,RIO,2011
KIA,RIO,2010
KIA,RIO,2009
KIA,RIO,2008
KIA,RIO,2006
KIA,RIO,2007
KIA,OPTIMA HYBRID,2018
KIA,OPTIMA HYBRID,2017
KIA,OPTIMA HYBRID,2012
KIA,OPTIMA HYBRID,2011
KIA,OPTIMA,2010
KIA,OPTIMA,2009
KIA,OPTIMA,2006
KIA,OPTIMA,2008
KIA,OPTIMA,2007
KIA,NIRO PHEV,2017
CADILLAC,XT4,2026
CADILLAC,XT5,2026
CADILLAC,ESCALADE ESV,2026
CADILLAC,ESCALADE,2026
CADILLAC,ESCALADE IQL,2026
CADILLAC,ESCALADE ESV IQL,2026
CADILLAC,ESCALADE ESV IQ,2026
CADILLAC,ESCALADE IQ,2026
CADILLAC,LYRIQ,2026
CADILLAC,CELESTIQ,2026
CADILLAC,OPTIQ,2026
GMC,SAVANA 4500,2026
GMC,SAVANA 3500,2026
GMC,SAVANA 2500,2026
GMC,SAVANA,2026
GMC,YUKON XL,2026
GMC,CANYON,2026
GMC,YUKON,2026
GMC,TERRAIN,2026
GMC,ACADIA,2026
GMC,HUMMER EV PICKUP,2026
GMC,HUMMER EV SUV,2026
GMC,SIERRA EV,2026
GMC,SIERRA 3500,2026
GMC,SIERRA 2500,2026
GMC,SIERRA 1500,2026
CADILLAC,CT4,2026
CADILLAC,CT5,2026
BUICK,ENCORE GX,2026
BUICK,ENVISTA,2026
BUICK,ENVISION,2026
BUICK,ENCLAVE,2026
CHEVROLET,EQUINOX EV,2026
CHEVROLET,BLAZER EV,2026
CHEVROLET,SILVERADO EV,2026
CHEVROLET,TRAX,2026
CHEVROLET,TRAILBLAZER,2026
CHEVROLET,BLAZER,2026
CHEVROLET,EQUINOX,2026
CHEVROLET,SUBURBAN 1500,2026
CHEVROLET,TAHOE,2026
CHEVROLET,SILVERADO 1500,2026
CHEVROLET,COLORADO,2026
CHEVROLET,SILVERADO 2500,2026
CHEVROLET,SILVERADO 3500,2026
CHEVROLET,CORVETTE CONVERTIBLE,2026
CHEVROLET,CORVETTE COUPE,2026
CHEVROLET,EXPRESS,2026
CHEVROLET,EXPRESS 2500,2026
CHEVROLET,EXPRESS 3500,2026
CHEVROLET,EXPRESS 4500,2026
CHEVROLET,LOW CAB FORWARD 6500,2026
CHEVROLET,LOW CAB FORWARD 5500,2026
CHEVROLET,LOW CAB FORWARD 3500,2026
CHEVROLET,SILVERADO 4500,2026
CHEVROLET,SILVERADO 5500,2026
CHEVROLET,SILVERADO 6500,2026
CADILLAC,XT6,2026
MERCEDES-BENZ,G 580,2025
MERCEDES-BENZ,AMG G63,2025
MERCEDES-BENZ,G 550,2025
MERCEDES-BENZ,AMG SL55 4MATIC+,2023
MERCEDES-BENZ,AMG SL63 4MATIC+,2023
MERCEDES-BENZ,EQE 500 4MATIC,2023
MERCEDES-BENZ,AMG C43 4MATIC,2023
MERCEDES-BENZ,EQE 350 4MATIC,2023
MERCEDES-BENZ,AMG EQE 53 4MATIC,2023
MERCEDES-BENZ,EQE 350 4MATIC,2025
JAYCO TRAVEL TRAILER,JAY FLIGHT,2022
JAYCO TRAVEL TRAILER,JAY FLIGHT,2024
JAYCO TRAVEL TRAILER,JAY FLIGHT,2025
MERCEDES-BENZ,EQS 580 4MATIC,2023
MERCEDES-BENZ,EQS 450 4MATIC,2023
MERCEDES-MAYBACH,S 680 4MATIC,2023
MERCEDES-BENZ,S 580 E 4MATIC,2023
MERCEDES-BENZ,S 580 4MATIC,2023
MERCEDES-BENZ,S 500 4MATIC,2023
CHEVROLET,BRIGHTDROP 400,2026
CHEVROLET,BRIGHTDROP 600,2026
BRINKLEY RV,MODEL I,2025
SUZUKI,DR-Z400S,2025
SUZUKI,DR-Z400SM,2025
GMC,TAHOE,2003
GMC,YUKON DENALI,2003
GMC,YUKON DENALI,2004
GMC,YUKON DENALI,2005
GMC,YUKON,2003
GMC,YUKON,2004
GMC,YUKON,2005
GMC,YUKON,2006
GMC,YUKON,2007
GMC,YUKON,2008
GMC,YUKON DENALI,2009
GMC,YUKON DENALI,2006
GMC,YUKON DENALI,2007
GMC,YUKON DENALI,2008
GMC,YUKON,2009
GMC,YUKON HYBRID,2009
GMC,YUKON HYBRID,2008
GMC,YUKON,2010
GMC,YUKON DENALI,2010
GMC,YUKON HYBRID,2010
SAAB,9-3,2010
SAAB,9-3,2011
SAAB,9-4X,2011
SAAB,9-5,2011
SATURN,AURA,2005
SATURN,AURA HYBRID,2007
CHEVROLET,TAHOE HYBRID,2008
CHEVROLET,TAHOE HYBRID,2009
CHEVROLET,TAHOE HYBRID,2010
CRUISE,AV1,2023
CRUISE,ORIGIN,2024
BMW,X1,2021
BMW,M3,2025
BMW,X3,2022
BMW,X3,2023
BMW,S 1000 RR,2025
BMW,R 18 TRANSCONTINENTAL,2021
BMW,R 18 B,2021
BMW,R 18,2021
BMW,R 18 CLASSIC,2021
HONDA,PILOT,2017
HONDA,ACCORD,2017
HONDA,ODYSSEY,2017
HONDA,PILOT,2018
HONDA,RIDGELINE,2017
HONDA,RIDGELINE,2018
HONDA,RIDGELINE,2019
HONDA,PILOT,2019
ACURA,RDX,2018
ACURA,RDX,2017
ACURA,MDX,2015
ACURA,MDX SPORT HYBRID,2018
ACURA,MDX,2014
ACURA,MDX SPORT HYBRID,2017
ACURA,MDX SPORT HYBRID,2019
TEMSA,TS45,2025
TEMSA,TS45,2024
MCNEILUS,ZERO RADIUS,2015
MCNEILUS,ZERO RADIUS,2017
MCNEILUS,ZERO RADIUS,2010
MCNEILUS,ZERO RADIUS,2011
MCNEILUS,ZERO RADIUS,2012
MCNEILUS,ZERO RADIUS,2016
MCNEILUS,ZERO RADIUS,2009
MCNEILUS,ZERO RADIUS,2013
MCNEILUS,ZERO RADIUS,2014
VERMEER,HTV873PTO,2021
VERMEER,JTV873PTO,2019
VERMEER,HTV 373 PTO,2019
VERMEER,HTV873PTO,2019
VERMEER,HTV873PTO,2020
OSHKOSH,S-SERIES,2025
OSHKOSH,S-SERIES,2023
OSHKOSH,S-SERIES,2022
DODGE,CHARGER EV,2024
DODGE,CHARGER EV,2025
POLARIS,SLINGSHOT,2018
POLARIS,SLINGSHOT,2017
POLARIS,SLINGSHOT,2019
POLARIS,SLINGSHOT,2015
POLARIS,SLINGSHOT,2016
TEMSA,TS45,2026
CHRYSLER,SEBRING CONV,2008
JEEP,WRANGLER,2011
JEEP,WRANGLER,2010
JEEP,WRANGLER,2009
JEEP,WRANGLER,2008
JEEP,WRANGLER,2007
DODGE,DURANGO 4X4 HYBRID,2009
DODGE,DURANGO 4X4,2009
DODGE,DURANGO 4X4,2007
DODGE,DURANGO,2009
DODGE,DURANGO,2008
DODGE,DURANGO,2007
DODGE,AVENGER AWD,2008
DODGE,AVENGER,2014
DODGE,AVENGER,2013
DODGE,AVENGER,2012
DODGE,AVENGER,2011
DODGE,AVENGER,2010
DODGE,AVENGER,2009
DODGE,AVENGER,2008
DODGE,AVENGER,2007
CHRYSLER,SEBRING CONV,2010
CHRYSLER,SEBRING CONV,2009
CHRYSLER,SEBRING CONV,2007
CHRYSLER,SEBRING AWD,2009
CHRYSLER,SEBRING AWD,2008
CHRYSLER,SEBRING,2010
CHRYSLER,SEBRING,2009
CHRYSLER,SEBRING,2008
CHRYSLER,SEBRING,2007
CHRYSLER,DURANGO 4X4,2008
DODGE,JOURNEY AWD,2010
DODGE,JOURNEY AWD,2009
DODGE,JOURNEY,2008
DODGE,JOURNEY,2010
DODGE,JOURNEY,2009
CHRYSLER,ASPEN HYBRID,2009
CHRYSLER,ASPEN,2008
CHRYSLER,ASPEN,2009
CHRYSLER,ASPEN 4X4,2009
CHRYSLER,ASPEN 4X2,2009
CHRYSLER,ASPEN 4X4,2008
CHRYSLER,ASPEN 4X4,2007
CHRYSLER,ASPEN 4X2,2007
CHRYSLER,ASPEN,2007
CHRYSLER,200,2014
CHRYSLER,200,2013
CHRYSLER,200,2012
CHRYSLER,200,2011
CHRYSLER,200,2010
JEEP,COMPASS,2016
JEEP,COMPASS,2015
JEEP,COMPASS,2008
JEEP,COMPASS,2014
JEEP,PATRIOT,2013
JEEP,PATRIOT,2010
CHRYSLER,ASPEN 4X2,2008
JEEP,PATRIOT 4X4,2010
JEEP,PATRIOT FWD,2010
JEEP,PATRIOT FWD,2009
JEEP,COMPASS FWD,2010
JEEP,COMPASS FWD,2009
JEEP,COMPASS 4X4,2009
JEEP,COMPASS FWD,2008
JEEP,COMPASS 4X4,2008
JEEP,COMPASS FWD,2007
JEEP,COMPASS 4X4,2007
JEEP,COMPASS,2013
JEEP,COMPASS,2010
JEEP,COMPASS,2012
JEEP,COMPASS,2011
JEEP,COMPASS,2009
JEEP,COMPASS,2007
JEEP,WRANGLER,2013
JEEP,WRANGLER,2012
JEEP,PATRIOT,2016
JEEP,PATRIOT 4X4,2009
JEEP,PATRIOT,2009
JEEP,PATRIOT 4X4,2008
JEEP,PATRIOT FWD,2007
JEEP,PATRIOT,2008
JEEP,PATRIOT,2015
JEEP,PATRIOT,2014
JEEP,PATRIOT FWD,2008
JEEP,PATRIOT,2017
JEEP,PATRIOT 4X4,2007
JEEP,PATRIOT,2011
JEEP,PATRIOT,2007
JEEP,PATRIOT,2012
INDIAN,SCOUT,2024
DODGE,RAM 1500,2007
DODGE,RAM 4500,2011
DODGE,RAM 5500,2011
DODGE,RAM 1500,2006
DODGE,RAM 1500,2008
RAM,1500,2010
DODGE,RAM 1500,2011
DODGE,RAM 1500,2012
RAM,1500,2009
DODGE,RAM 3500,2006
DODGE,RAM 3500,2007
DODGE,RAM 3500,2008
DODGE,RAM 3500,2009
DODGE,RAM 2500,2008
DODGE,RAM 2500,2007
DODGE,RAM 2500,2006
DODGE,RAM 2500,2009
FORD,F-150 HYBRID,2024
GENESIS,G90,2021
GENESIS,GV70 ELECTRIFIED,2025
GENESIS,GV70 ELECTRIFIED,2024
GENESIS,GV70 ELECTRIFIED,2023
GENESIS,GV60,2025
GENESIS,GV60,2024
GENESIS,GV60,2023
GENESIS,G90,2019
GENESIS,G90,2022
GENESIS,G90,2020
MERCEDES BENZ,HEADLIGHT LENSES,9999
MERCEDES-BENZ,ALL-SEASON FLOOR MAT,9999
MERCEDES BENZ,211,2005
MERCEDES BENZ,A000 970 2102,2020
MERCEDES BENZ,A000 970 1402,2020
BMW,X3,2017
BMW,230I,2022
BMW,230I,2023
BMW,F800 GT,2017
BMW,F800 ST,2010
BMW,F800 GS,2018
BMW,F650 GS,2012
BMW,F700 GS,2019
BMW,F800 GS,2019
BMW,F800 GS ADVENTURE,2017
KEYSTONE,ARCADIA,2025
KEYSTONE,AVALANCHE,2025
FREIGHTLINER,EM2,2026
FREIGHTLINER,E-CASCADIA,2026
FREIGHTLINER,114SD,2026
FREIGHTLINER,108SD,2026
THOMAS BUILT BUSES,SAF-T-LINER C2 JOULEY,2026
FCCC,S2C,2021
FCCC,S2C,2026
FCCC,S2C,2022
FCCC,S2C,2025
FCCC,S2C,2020
FCCC,S2C,2024
FCCC,S2C,2023
FREIGHTLINER,E-CASCADIA,2022
FREIGHTLINER,E-CASCADIA,2021
FREIGHTLINER,E-CASCADIA,2020
THOMAS BUILT BUSES,SAF-T-LINER C2,2017
THOMAS BUILT BUSES,SAF-T-LINER C2,2018
WESTERN STAR,47X,2026
WESTERN STAR,49X,2026
WESTERN STAR,57X,2026
THOMAS BUILT BUSES,SAF-T-LINER C2,2026
FCCC,MT50E,2025
FCCC,MT50E,2026
BMW,Z4 M40I,2025
BMW,430I,2021
CHEVROLET,N300,2018
CHEVROLET,S10,2018
AUDI,E-TRON,2024
ALTEC,LR8 SERIES,2021
ALTEC,LR8 SERIES,2025
ALTEC,LR8 SERIES,2024
ALTEC,LR8 SERIES,2022
ALTEC,LR8 SERIES,2023
GREAT DANE,CHAMPION,2026
MAZDA,MAZDA3,2015
MAZDA,MAZDA3,2014
MAZDA,MAZDA3,2013
MAZDA,MAZDA3,2012
MAZDA,MAZDA3,2016
MAZDA,MX-5,2008
MAZDA,MAZDA6,2008
MAZDA,CX-7,2008
MAZDA,CX-9,2008
MAZDA,MAZDA5,2008
MAZDA,CX-7,2009
MAZDA,MAZDA3,2009
MAZDA,MAZDA5,2009
MAZDA,MAZDA6,2009
MAZDA,CX-9,2009
MAZDA,CX-7,2010
MAZDA,MAZDA3,2010
MAZDA,MX-5,2006
MAZDA,626,2001
MAZDA,626,2002
MAZDA,MAZDA3,2004
MAZDA,MAZDA6,2003
MAZDA,626,2003
MAZDA,MPV,2005
MAZDA,MAZDA5,2006
MAZDA,MAZDA6,2005
MAZDA,MILLENIA,2003
MAZDA,MAZDA6,2004
MAZDA,MILLENIA,2001
MAZDA,CX-9,2007
MAZDA,MILLENIA,2002
MAZDA,PROTEGE,2001
MAZDA,PROTEGE,2002
MAZDA,PROTEGE,2003
MAZDA,MAZDA3,2005
MAZDA,MPV,2001
MAZDA,MPV,2002
MAZDA,MPV,2003
MAZDA,MPV,2004
MAZDA,MPV,2006
MAZDA,MAZDA5,2015
MAZDA,CX-9,2015
MAZDA,MAZDA5,2014
MAZDA,MAZDA2,2014
MAZDA,CX-9,2014
MAZDA,MAZDA3,2006
MAZDA,MAZDA6,2006
MAZDA,MAZDA5,2013
MAZDA,CX-9,2013
MAZDA,MAZDA2,2013
MAZDA,MAZDA6,2013
MAZDA,MAZDA2,2012
MAZDA,CX-9,2012
MAZDA,MAZDA3,2007
MAZDA,CX-7,2007
MAZDA,CX-7,2012
MAZDA,MAZDA6,2012
MAZDA,MAZDA5,2012
MAZDA,MAZDA2,2011
MAZDA,MAZDA6,2011
MAZDA,CX-7,2011
MAZDA,MAZDA3,2011
MAZDA,CX-9,2011
MAZDA,MAZDA6,2007
MAZDA,MAZDA5,2007
MAZDA,MX-5,2015
MAZDA,MX-5,2014
MAZDA,MX-5,2013
MAZDA,MX-5,2010
MAZDA,MX-5,2012
MAZDA,MX-5,2011
MAZDA,MX-5 MIATA,2001
MAZDA,MX-5 MIATA,2002
MAZDA,MX-5 MIATA,2003
MAZDA,MAZDA6,2010
MAZDA,CX-9,2010
MAZDA,MAZDA5,2010
MAZDA,MX-5,2009
MAZDA,MX-5 MIATA,2004
MAZDA,MX-5 MIATA,2005
MAZDA,MX-5,2007
MAZDA,MAZDA3,2008
VOLVO,VNL (4),2026
VOLVO,VNL (4),2024
VOLVO,VNL (4),2023
VOLVO,VHD,2006
VOLVO,VHD,2007
VOLVO,VHD,2010
VOLVO,VHD,2009
VOLVO,VHD,2008
VOLVO,VHD,2004
VOLVO,VHD,2005
DORMAN,86689B,9999
PONTIAC,G8,2008
PONTIAC,G8,2009
INTERNATIONAL,EMV,2022
INTERNATIONAL,MV,2026
INTERNATIONAL,LT,2026
INTERNATIONAL,HV,2026
INTERNATIONAL,RH,2026
IC BUS,CECB,2006
INTERNATIONAL,CE,2003
INTERNATIONAL,CE,2004
INTERNATIONAL,CE BUS,2004
INTERNATIONAL,CE,2005
IC BUS,CESB,2003
IC BUS,CESB,2004
IC BUS,CESB,2005
IC BUS,CESB,2006
IC BUS,CESB,2002
IC BUS,CESB,2007
IC BUS,CESB,2008
IC BUS,CECB,2007
IC BUS,CECB,2008
IC BUS,CECB,2005
IC BUS,CECB,2004
INTERNATIONAL,CE,2006
NAVISTAR,CESB,2009
IC BUS,CESB,2009
INTERNATIONAL,CE,2007
INTERNATIONAL,CE,2008
IC BUS,CECB,2003
IC BUS,CESB,2010
IC BUS,CESB,2011
IC BUS,CECB,2009
IC BUS,CECB,2010
IC BUS,CESB,2016
IC BUS,CESB,2017
INTERNATIONAL,CE,2009
INTERNATIONAL,CE,2010
INTERNATIONAL,CE,2011
INTERNATIONAL,CE,2012
INTERNATIONAL,CESB,2010
INTERNATIONAL,CESB,2011
INTERNATIONAL,CESB,2012
INTERNATIONAL,CECB,2010
INTERNATIONAL,CECB,2011
INTERNATIONAL,CECB,2012
IC BUS,CESB,2018
IC BUS,CESB,2019
INTERNATIONAL,CECB,2001
INTERNATIONAL,CECB,2002
INTERNATIONAL,CESB,2001
IC BUS,CESB,2001
IC BUS,CESB,2014
IC BUS,CESB,2015
IC BUS,CESB,2012
IC BUS,CESB,2013
IC BUS,CESB,2022
IC BUS,CESB,2021
IC BUS,CECB,2025
IC BUS,CESB,2026
IC BUS,EVSB,2023
IC BUS,EVSB,2022
IC BUS,EVSB,2025
IC BUS,RECB,2004
IC BUS,FECB,2004
IC BUS,FECB,2005
IC BUS,FECB,2006
IC BUS,RESB,2001
IC BUS,RECB,2003
IC BUS,RECB,2002
IC BUS,RECB,2001
INTERNATIONAL,FE,2004
INTERNATIONAL,FE,2018
INTERNATIONAL,FE,2016
IC BUS,RESB,2019
IC BUS,RECB,2019
IC BUS,BE,2019
INTERNATIONAL,FE,2019
IC BUS,RESB,2020
IC BUS,RECB,2020
IC BUS,RESB,2012
IC BUS,RESB,2013
IC BUS,RECB,2021
IC BUS,RESB,2021
IC BUS,RESB,2022
IC BUS,RESB,2023
IC BUS,RESB,2024
IC BUS,RECB,2006
IC BUS,RECB,2005
IC BUS,RECB,2017
IC BUS,RECB,2018
INTERNATIONAL,FE,2002
INTERNATIONAL,FE,2003
IC BUS,RECB,2009
IC BUS,FECB,2009
IC BUS,RECB,2010
IC BUS,FESB,2010
IC BUS,FECB,2010
IC BUS,RESB,2010
IC BUS,FESB,2011
IC BUS,FECB,2011
IC BUS,FECB,2003
IC BUS,FECB,2002
IC BUS,FECB,2001
IC BUS,FESB,2001
INTERNATIONAL,FE,2008
INTERNATIONAL,FE,2007
INTERNATIONAL,FE,2006
INTERNATIONAL,FE,2005
IC BUS,RESB,2009
IC BUS,FESB,2009
NAVISTAR,RESB,2009
NAVISTAR,FESB,2009
IC BUS,RECB,2007
IC BUS,FESB,2003
IC BUS,RESB,2003
IC BUS,FESB,2004
IC BUS,RESB,2004
IC BUS,FESB,2005
IC BUS,RESB,2005
IC BUS,RESB,2006
IC BUS,FESB,2006
IC BUS,FESB,2002
IC BUS,RESB,2002
IC BUS,RESB,2007
IC BUS,FESB,2008
IC BUS,RESB,2008
IC BUS,FESB,2007
IC BUS,FECB,2007
IC BUS,FECB,2008
IC BUS,RECB,2008
IC BUS,RECB,2011
IC BUS,RECB,2013
IC BUS,RESB,2011
IC BUS,RESB,2014
IC BUS,RECB,2014
IC BUS,RESB,2015
IC BUS,RESB,2016
IC BUS,RECB,2015
IC BUS,RESB,2017
INTERNATIONAL,FE,2009
IC BUS,RECB,2016
INTERNATIONAL,4000,2005
INTERNATIONAL,3300,2005
INTERNATIONAL,3300,2004
INTERNATIONAL,RE,2005
INTERNATIONAL,8600,2002
INTERNATIONAL,8500,2003
INTERNATIONAL,8500,2002
INTERNATIONAL,8500,2001
INTERNATIONAL,7700,2004
INTERNATIONAL,7700,2003
INTERNATIONAL,7600,2003
INTERNATIONAL,7600,2002
INTERNATIONAL,4900,2004
INTERNATIONAL,4700,2004
INTERNATIONAL,1652,2004
INTERNATIONAL,1552,2004
INTERNATIONAL,3000,2004
INTERNATIONAL,3400,2004
INTERNATIONAL,RE,2004
INTERNATIONAL,RE BUS,2004
INTERNATIONAL,4700SFC,2004
INTERNATIONAL,4700SFC,2003
INTERNATIONAL,1652SC,2004
INTERNATIONAL,1652SC,2003
INTERNATIONAL,4400,2004
INTERNATIONAL,3200,2004
INTERNATIONAL,8600,2004
INTERNATIONAL,8500,2004
INTERNATIONAL,4300,2004
INTERNATIONAL,4200,2004
INTERNATIONAL,7600,2004
INTERNATIONAL,7500,2001
INTERNATIONAL,7500,2004
INTERNATIONAL,7400,2004
INTERNATIONAL,7300,2004
INTERNATIONAL,9900I,2004
INTERNATIONAL,9900,2004
INTERNATIONAL,9900,2001
INTERNATIONAL,9400I,2004
INTERNATIONAL,9400,2004
INTERNATIONAL,9300,2004
INTERNATIONAL,9300,2003
INTERNATIONAL,9300,2002
INTERNATIONAL,9200I,2004
INTERNATIONAL,9200,2004
INTERNATIONAL,9100,2004
INTERNATIONAL,9100,2003
INTERNATIONAL,9100,2002
INTERNATIONAL,4700 GLR,2002
INTERNATIONAL,4700 GLR,2001
INTERNATIONAL,3800,2004
INTERNATIONAL,4900 4X2,2002
INTERNATIONAL,4900 4X2,2001
INTERNATIONAL,4700 LPX,2002
INTERNATIONAL,4700 LPX,2001
INTERNATIONAL,4700 LP,2002
INTERNATIONAL,4700 LP,2001
INTERNATIONAL,4700 4X2,2002
INTERNATIONAL,4700 4X2,2001
INTERNATIONAL,4700LP,2001
INTERNATIONAL,3000,2003
INTERNATIONAL,9900IX,2003
INTERNATIONAL,9200I,2002
INTERNATIONAL,7300,2001
INTERNATIONAL,3200,2001
INTERNATIONAL,8600,2003
INTERNATIONAL,INTERNATIONAL,2002
INTERNATIONAL,INTERNATIONAL,2003
INTERNATIONAL,7000,2003
INTERNATIONAL,7000,2002
INTERNATIONAL,1552,2003
INTERNATIONAL,1552,2002
INTERNATIONAL,7500,2003
INTERNATIONAL,3200,2003
INTERNATIONAL,3200,2002
INTERNATIONAL,7400,2003
INTERNATIONAL,7300,2003
INTERNATIONAL,RE,2003
INTERNATIONAL,IC,2003
INTERNATIONAL,1652,2003
INTERNATIONAL,9000,2003
INTERNATIONAL,8000,2003
INTERNATIONAL,2000,2003
INTERNATIONAL,9100I,2003
INTERNATIONAL,5000I,2003
INTERNATIONAL,9000I,2003
INTERNATIONAL,9900I,2003
INTERNATIONAL,9900,2003
INTERNATIONAL,9400I,2003
INTERNATIONAL,9200I,2003
INTERNATIONAL,RE BUS,2003
INTERNATIONAL,9400,2003
INTERNATIONAL,9200,2003
INTERNATIONAL,5000,2003
INTERNATIONAL,4900,2003
INTERNATIONAL,4700,2003
INTERNATIONAL,4000,2003
INTERNATIONAL,3800,2003
INTERNATIONAL,3600,2003
INTERNATIONAL,3400,2003
INTERNATIONAL,4400,2003
INTERNATIONAL,4300,2003
INTERNATIONAL,4200,2003
INTERNATIONAL,4200,2002
INTERNATIONAL,CS,2002
INTERNATIONAL,RE,2002
INTERNATIONAL,IC,2002
INTERNATIONAL,1652,2002
INTERNATIONAL,9000,2002
INTERNATIONAL,8000,2002
INTERNATIONAL,3000,2002
INTERNATIONAL,2000,2002
INTERNATIONAL,9100I,2002
INTERNATIONAL,5000I,2002
INTERNATIONAL,9000I,2002
INTERNATIONAL,9900I,2002
INTERNATIONAL,9900,2002
INTERNATIONAL,9400I,2002
INTERNATIONAL,9400,2002
INTERNATIONAL,9200,2002
INTERNATIONAL,5000,2002
INTERNATIONAL,4900,2002
INTERNATIONAL,4800,2002
INTERNATIONAL,4700,2002
INTERNATIONAL,4000,2002
INTERNATIONAL,3800,2002
INTERNATIONAL,3600,2002
INTERNATIONAL,3400,2002
INTERNATIONAL,1652,2001
INTERNATIONAL,9900I,2001
INTERNATIONAL,INTERNATIONAL,2001
INTERNATIONAL,4200,2001
INTERNATIONAL,HX,2026
INTERNATIONAL,PROSTAR,2022
INTERNATIONAL,PROSTAR,2021
INTERNATIONAL,PROSTAR,2020
INTERNATIONAL,CV,2025
INTERNATIONAL,9200I,2010
INTERNATIONAL,9200I,2001
INTERNATIONAL,8100,2003
INTERNATIONAL,8100,2002
INTERNATIONAL,4400,2016
INTERNATIONAL,LF687,2017
INTERNATIONAL,1300FBC,2018
INTERNATIONAL,1300FBC,2019
INTERNATIONAL,1300FBC,2020
INTERNATIONAL,1300FBC,2021
INTERNATIONAL,1300FBC,2022
INTERNATIONAL,1300FBC,2024
INTERNATIONAL,1300FBC,2023
INTERNATIONAL,LONESTAR,2024
INTERNATIONAL,9200I,2009
INTERNATIONAL,CV,2017
INTERNATIONAL,LF687,2016
INTERNATIONAL,RE,2023
INTERNATIONAL,RA027,2006
INTERNATIONAL,LONESTAR,2023
INTERNATIONAL,WORKSTAR,2022
INTERNATIONAL,LONESTAR,2022
INTERNATIONAL,CV,2018
INTERNATIONAL,LONESTAR,2021
INTERNATIONAL MOTORS,CHEVY 6500HD,2020
INTERNATIONAL MOTORS,CHEVY 5500HD,2020
INTERNATIONAL MOTORS,CHEVY 4500HD,2020
INTERNATIONAL MOTORS,CHEVY 6500HD,2019
INTERNATIONAL MOTORS,CHEVY 5500HD,2019
INTERNATIONAL MOTORS,CHEVY 4500HD,2019
INTERNATIONAL MOTORS,CHEVY SILVERADO MEDIUM DUTY,2020
INTERNATIONAL MOTORS,CHEVY SILVERADO MEDIUM DUTY,2019
INTERNATIONAL,7500,2014
INTERNATIONAL,4300,2014
INTERNATIONAL,LONESTAR,2020
INTERNATIONAL,N13 - ENGINE,2019
INTERNATIONAL,4300,2018
INTERNATIONAL,9900,2019
INTERNATIONAL,9900,2018
INTERNATIONAL,WORKSTAR,2020
INTERNATIONAL,DURASTAR,2020
INTERNATIONAL,LONESTAR,2019
INTERNATIONAL,DURASTAR,2019
INTERNATIONAL,TRANSTAR,2019
INTERNATIONAL,WORKSTAR,2019
INTERNATIONAL,PROSTAR,2019
INTERNATIONAL,PAYSTAR,2019
INTERNATIONAL,PAYSTAR,2018
INTERNATIONAL,N13 - ENGINE,2018
INTERNATIONAL,4000 SERIES 4300,2018
INTERNATIONAL,WORKSTAR,2018
INTERNATIONAL,DURASTAR,2018
INTERNATIONAL,9100I,2001
INTERNATIONAL,8100,2001
INTERNATIONAL,4900,2001
INTERNATIONAL,4700,2001
INTERNATIONAL,HT570,2006
INTERNATIONAL,HT570,2005
INTERNATIONAL,HT570,2004
INTERNATIONAL,WORKSTAR,2005
INTERNATIONAL,N13 - ENGINE,2009
INTERNATIONAL,N13 - ENGINE,2008
INTERNATIONAL,N13 - ENGINE,2007
INTERNATIONAL,N10 - ENGINE,2012
INTERNATIONAL,N10 - ENGINE,2011
INTERNATIONAL,N10 - ENGINE,2010
INTERNATIONAL,N10 - ENGINE,2008
INTERNATIONAL,N10 - ENGINE,2007
INTERNATIONAL,N9 - ENGINE,2012
INTERNATIONAL,N9 - ENGINE,2011
INTERNATIONAL,N9 - ENGINE,2010
INTERNATIONAL,N9 - ENGINE,2009
INTERNATIONAL,N9 - ENGINE,2008
INTERNATIONAL,N9 - ENGINE,2007
INTERNATIONAL,DT570,2009
INTERNATIONAL,DT570,2008
INTERNATIONAL,DT570,2007
INTERNATIONAL,DT570,2006
INTERNATIONAL,DT570,2005
INTERNATIONAL,DT570,2004
INTERNATIONAL,DT466,2009
INTERNATIONAL,DT466,2008
INTERNATIONAL,DT466,2007
INTERNATIONAL,DT466,2006
INTERNATIONAL,DT466,2005
INTERNATIONAL,DT466,2004
INTERNATIONAL,9900,2014
INTERNATIONAL,9900,2012
INTERNATIONAL,9900,2008
INTERNATIONAL,PAYSTAR,2014
INTERNATIONAL,PROSTAR,2018
INTERNATIONAL,DURASTAR,2006
INTERNATIONAL,DURASTAR,2005
INTERNATIONAL,N10 - ENGINE,2015
INTERNATIONAL,N10 - ENGINE,2014
INTERNATIONAL,N10 - ENGINE,2013
INTERNATIONAL,N9 - ENGINE,2015
INTERNATIONAL,N9 - ENGINE,2014
INTERNATIONAL,N9 - ENGINE,2013
INTERNATIONAL,N13 - ENGINE,2017
INTERNATIONAL,N13 - ENGINE,2016
INTERNATIONAL,N13 - ENGINE,2015
INTERNATIONAL,N13 - ENGINE,2014
INTERNATIONAL,N13 - ENGINE,2013
INTERNATIONAL,N13 - ENGINE,2012
INTERNATIONAL,N13 - ENGINE,2011
INTERNATIONAL,N13 - ENGINE,2010
INTERNATIONAL,TRANSTAR,2018
INTERNATIONAL,LONESTAR,2018
INTERNATIONAL,4000 SERIES 4300,2017
INTERNATIONAL,WORKSTAR,2002
INTERNATIONAL,WORKSTAR,2001
INTERNATIONAL,TRANSTAR,2005
INTERNATIONAL,TRANSTAR,2004
INTERNATIONAL,TRANSTAR,2003
INTERNATIONAL,TRANSTAR,2002
INTERNATIONAL,TRANSTAR,2001
INTERNATIONAL,TERRASTAR,2006
INTERNATIONAL,TERRASTAR,2005
INTERNATIONAL,TERRASTAR,2004
INTERNATIONAL,TERRASTAR,2003
INTERNATIONAL,TERRASTAR,2001
INTERNATIONAL,PROSTAR,2001
INTERNATIONAL,LONESTAR,2006
INTERNATIONAL,LONESTAR,2005
INTERNATIONAL,LONESTAR,2004
INTERNATIONAL,LONESTAR,2003
INTERNATIONAL,LONESTAR,2002
INTERNATIONAL,LONESTAR,2001
INTERNATIONAL,DURASTAR,2002
INTERNATIONAL,DURASTAR,2001
INTERNATIONAL,AESB,2014
INTERNATIONAL,AESB,2013
INTERNATIONAL,AESB,2012
INTERNATIONAL,AESB,2011
INTERNATIONAL,AESB,2010
INTERNATIONAL,AESB,2009
INTERNATIONAL,AESB,2008
INTERNATIONAL,AESB,2007
INTERNATIONAL,AESB,2006
INTERNATIONAL,AESB,2005
INTERNATIONAL,AESB,2004
INTERNATIONAL,AESB,2003
INTERNATIONAL,AESB,2002
INTERNATIONAL,AESB,2001
INTERNATIONAL,AECB,2014
INTERNATIONAL,AECB,2013
INTERNATIONAL,AECB,2012
INTERNATIONAL,AECB,2011
INTERNATIONAL,AECB,2010
INTERNATIONAL,AECB,2009
INTERNATIONAL,AECB,2008
INTERNATIONAL,AECB,2007
INTERNATIONAL,AECB,2006
INTERNATIONAL,AECB,2005
INTERNATIONAL,AECB,2004
INTERNATIONAL,AECB,2003
INTERNATIONAL,AECB,2002
INTERNATIONAL,AECB,2001
INTERNATIONAL,ACSB,2014
INTERNATIONAL,ACSB,2013
INTERNATIONAL,ACSB,2012
INTERNATIONAL,ACSB,2011
INTERNATIONAL,ACSB,2010
INTERNATIONAL,ACSB,2009
INTERNATIONAL,ACSB,2008
INTERNATIONAL,ACSB,2007
INTERNATIONAL,ACSB,2006
INTERNATIONAL,ACSB,2005
INTERNATIONAL,ACSB,2004
INTERNATIONAL,ACSB,2003
INTERNATIONAL,ACSB,2002
INTERNATIONAL,ACSB,2001
INTERNATIONAL,ACCB,2014
INTERNATIONAL,ACCB,2013
INTERNATIONAL,ACCB,2012
INTERNATIONAL,ACCB,2011
INTERNATIONAL,ACCB,2010
INTERNATIONAL,ACCB,2009
INTERNATIONAL,ACCB,2008
INTERNATIONAL,ACCB,2007
INTERNATIONAL,ACCB,2006
INTERNATIONAL,ACCB,2005
INTERNATIONAL,ACCB,2004
INTERNATIONAL,ACCB,2003
INTERNATIONAL,ACCB,2002
INTERNATIONAL,ACCB,2001
INTERNATIONAL,HCCB,2015
INTERNATIONAL,HCCB,2014
INTERNATIONAL,BESB,2012
INTERNATIONAL,BESB,2011
INTERNATIONAL,BESB,2010
INTERNATIONAL,PAYSTAR,2006
INTERNATIONAL,TRANSTAR,2006
INTERNATIONAL,WORKSTAR,2006
INTERNATIONAL,WORKSTAR,2017
INTERNATIONAL,BE,2017
INTERNATIONAL,BE,2016
INTERNATIONAL,BE,2015
INTERNATIONAL,BE,2014
INTERNATIONAL,BE,2013
INTERNATIONAL,BE,2012
INTERNATIONAL,BE,2011
INTERNATIONAL,BE,2010
INTERNATIONAL,BE,2009
INTERNATIONAL,BESB,2015
INTERNATIONAL,BESB,2014
INTERNATIONAL,BESB,2013
INTERNATIONAL,BECB,2015
INTERNATIONAL,BECB,2014
INTERNATIONAL,BECB,2013
INTERNATIONAL,BESB,2016
INTERNATIONAL,BESB,2017
INTERNATIONAL,BECB,2017
INTERNATIONAL,BECB,2016
INTERNATIONAL,AECB,2016
INTERNATIONAL,AECB,2017
INTERNATIONAL,AESB,2017
INTERNATIONAL,AESB,2016
INTERNATIONAL,TRANSTAR,2017
INTERNATIONAL,WORKSTAR,2004
INTERNATIONAL,WORKSTAR,2003
INTERNATIONAL,DURASTAR,2004
INTERNATIONAL,DURASTAR,2003
INTERNATIONAL,7500,2013
INTERNATIONAL,7500,2012
INTERNATIONAL,7400,2013
INTERNATIONAL,4400,2014
INTERNATIONAL,4400,2013
INTERNATIONAL,4400,2012
INTERNATIONAL,TERRASTAR,2010
INTERNATIONAL,TERRASTAR,2009
INTERNATIONAL,TERRASTAR,2008
INTERNATIONAL,TERRASTAR,2007
INTERNATIONAL,DURASTAR,2008
INTERNATIONAL,DURASTAR,2007
INTERNATIONAL,CXT,2010
INTERNATIONAL,MXT,2010
INTERNATIONAL,RE,2009
INTERNATIONAL,LONESTAR,2007
INTERNATIONAL,TRANSTAR,2007
INTERNATIONAL,PAYSTAR,2009
INTERNATIONAL,PAYSTAR,2008
INTERNATIONAL,PAYSTAR,2007
INTERNATIONAL,WORKSTAR,2009
INTERNATIONAL,WORKSTAR,2008
INTERNATIONAL,WORKSTAR,2007
INTERNATIONAL,9900,2017
INTERNATIONAL,PAYSTAR,2017
INTERNATIONAL,LONESTAR,2017
INTERNATIONAL,PROSTAR,2017
INTERNATIONAL,TERRASTAR,2017
INTERNATIONAL,TERRASTAR,2016
INTERNATIONAL,DURASTAR,2017
INTERNATIONAL,1300,2016
INTERNATIONAL,3000,2014
INTERNATIONAL,TRANSTAR,2016
INTERNATIONAL,TERRASTAR,2015
INTERNATIONAL,WORKSTAR,2016
INTERNATIONAL,PROSTAR,2016
INTERNATIONAL,PAYSTAR,2016
INTERNATIONAL,LONESTAR,2016
INTERNATIONAL,DURASTAR,2016
INTERNATIONAL,9900,2016
INTERNATIONAL,PAYSTAR,2015
INTERNATIONAL,9900,2015
INTERNATIONAL,LONESTAR,2015
INTERNATIONAL,LONESTAR,2014
INTERNATIONAL,4800,2001
WHEELED COACH,TERRASTAR,2014
INTERNATIONAL,PROSTAR,2015
INTERNATIONAL,TRANSTAR,2015
INTERNATIONAL,TRANSTAR,2014
INTERNATIONAL,WORKSTAR,2015
INTERNATIONAL,WORKSTAR,2014
INTERNATIONAL,TERRASTAR,2014
INTERNATIONAL,DURASTAR,2015
INTERNATIONAL,DURASTAR,2014
INTERNATIONAL,4300,2013
INTERNATIONAL,4300,2012
INTERNATIONAL,PROSTAR,2014
INTERNATIONAL,TRANSTAR,2008
INTERNATIONAL,TRANSTAR,2009
INTERNATIONAL,TERRASTAR,2013
WORKHORSE,W62,2011
WORKHORSE,W62,2012
WORKHORSE,W42,2012
INTERNATIONAL,8600,2013
INTERNATIONAL,1300FBC,2012
INTERNATIONAL,1300FBC,2011
INTERNATIONAL,1300FBC,2010
INTERNATIONAL,9900,2013
INTERNATIONAL,9800,2013
INTERNATIONAL,9800,2012
INTERNATIONAL,9800,2011
INTERNATIONAL,9400,2013
INTERNATIONAL,9400,2012
INTERNATIONAL,9200,2013
INTERNATIONAL,9200,2012
INTERNATIONAL,PAYSTAR,2013
INTERNATIONAL,3200,2011
INTERNATIONAL,EAGLE,2007
INTERNATIONAL,7400,2012
INTERNATIONAL,TRANSTAR,2010
INTERNATIONAL,WORKSTAR,2010
INTERNATIONAL,PAYSTAR,2010
WORKHORSE,W46,2011
WORKHORSE,W42,2011
INTERNATIONAL,TERRASTAR,2011
INTERNATIONAL,TERRASTAR,2012
INTERNATIONAL,4300M,2012
INTERNATIONAL,4300M,2011
INTERNATIONAL,PROSTAR,2012
INTERNATIONAL,LONESTAR,2012
INTERNATIONAL,TRANSTAR,2011
INTERNATIONAL,TRANSTAR,2012
INTERNATIONAL,PAYSTAR,2012
INTERNATIONAL,PAYSTAR,2011
INTERNATIONAL,WORKSTAR,2011
INTERNATIONAL,WORKSTAR,2012
INTERNATIONAL,DURASTAR,2012
INTERNATIONAL,DURASTAR,2011
INTERNATIONAL,DURASTAR,2010
INTERNATIONAL,DURASTAR,2009
INTERNATIONAL,1652SC,2007
INTERNATIONAL,1652SC,2006
INTERNATIONAL,1652SC,2005
INTERNATIONAL,4100,2008
INTERNATIONAL,4100,2007
INTERNATIONAL,4100,2006
INTERNATIONAL,4200,2010
INTERNATIONAL,TSV,2009
INTERNATIONAL,RXT,2006
INTERNATIONAL,4300M,2010
INTERNATIONAL,1300,2006
WORKHORSE,W62,2010
WORKHORSE,W42,2010
WORKHORSE,W22,2011
INTERNATIONAL,PROSTAR,2011
INTERNATIONAL,LONESTAR,2011
INTERNATIONAL,9900,2011
INTERNATIONAL,9900,2010
INTERNATIONAL,9900,2009
INTERNATIONAL,9400,2011
INTERNATIONAL,9400,2010
INTERNATIONAL,9400,2009
INTERNATIONAL,9200,2011
INTERNATIONAL,9200,2010
INTERNATIONAL,9200,2009
INTERNATIONAL,8500,2011
INTERNATIONAL,8500,2010
INTERNATIONAL,7700,2009
INTERNATIONAL,7500,2011
INTERNATIONAL,7500,2010
INTERNATIONAL,7400,2011
INTERNATIONAL,7400,2010
INTERNATIONAL,7300,2011
INTERNATIONAL,7300,2010
INTERNATIONAL,4400,2011
INTERNATIONAL,3200,2010
INTERNATIONAL,1300,2011
INTERNATIONAL,1300,2010
INTERNATIONAL,1300,2009
INTERNATIONAL,4400,2010
INTERNATIONAL,4300,2011
INTERNATIONAL,4300,2010
INTERNATIONAL,4100,2010
INTERNATIONAL,3300,2010
INTERNATIONAL,3300,2009
INTERNATIONAL,5900I,2010
INTERNATIONAL,5900I,2009
INTERNATIONAL,8500,2009
INTERNATIONAL,7500,2009
INTERNATIONAL,7400,2009
INTERNATIONAL,7300,2009
INTERNATIONAL,4400,2009
INTERNATIONAL,4300,2009
INTERNATIONAL,4100,2009
INTERNATIONAL,3200,2009
INTERNATIONAL,LONESTAR,2008
INTERNATIONAL,LONESTAR,2009
INTERNATIONAL,LONESTAR,2010
INTERNATIONAL,PROSTAR,2010
INTERNATIONAL,BE,2008
INTERNATIONAL,BE,2007
INTERNATIONAL,BE,2006
INTERNATIONAL,BE,2005
INTERNATIONAL,COMMERCIAL,2008
INTERNATIONAL,COMMERCIAL,2007
INTERNATIONAL,COMMERCIAL,2006
INTERNATIONAL,COMMERCIAL,2005
INTERNATIONAL,RE,2008
INTERNATIONAL,RE,2007
INTERNATIONAL,RE,2006
INTERNATIONAL,3300,2003
INTERNATIONAL,3300,2002
INTERNATIONAL,3300,2008
INTERNATIONAL,PROSTAR,2006
INTERNATIONAL,PROSTAR,2005
INTERNATIONAL,PROSTAR,2004
INTERNATIONAL,PROSTAR,2003
INTERNATIONAL,PROSTAR,2002
INTERNATIONAL,MXT,2009
INTERNATIONAL,MXT,2006
INTERNATIONAL,MXT,2005
INTERNATIONAL,MXT,2004
INTERNATIONAL,MXT,2003
INTERNATIONAL,MXT,2002
INTERNATIONAL,CXT,2009
INTERNATIONAL,CXT,2006
INTERNATIONAL,CXT,2005
INTERNATIONAL,CXT,2004
INTERNATIONAL,CXT,2003
INTERNATIONAL,CXT,2002
INTERNATIONAL,8000,2004
INTERNATIONAL,7000,2004
INTERNATIONAL,4000,2007
INTERNATIONAL,4000,2004
INTERNATIONAL,3000,2009
INTERNATIONAL,3000,2008
INTERNATIONAL,3000,2007
INTERNATIONAL,3000,2006
INTERNATIONAL,3000,2005
INTERNATIONAL,3200,2007
INTERNATIONAL,3200,2008
INTERNATIONAL,RXT,2007
INTERNATIONAL,RXT,2008
INTERNATIONAL,CXT,2008
INTERNATIONAL,CXT,2007
INTERNATIONAL,1300,2007
INTERNATIONAL,1300,2008
INTERNATIONAL,9000,2009
INTERNATIONAL,8000,2009
INTERNATIONAL,7000,2009
INTERNATIONAL,5000,2008
INTERNATIONAL,5000,2009
INTERNATIONAL,4000,2009
INTERNATIONAL,4000,2008
INTERNATIONAL,CF600,2008
INTERNATIONAL,PROSTAR,2009
INTERNATIONAL,MXT,2008
INTERNATIONAL,MXT,2007
INTERNATIONAL,7700,2008
INTERNATIONAL,7700,2007
INTERNATIONAL,5900I,2007
INTERNATIONAL,5900I,2006
INTERNATIONAL,5900I,2008
INTERNATIONAL,9900IX,2007
INTERNATIONAL,8600,2008
INTERNATIONAL,8600,2007
INTERNATIONAL,7600,2007
INTERNATIONAL,4400,2008
INTERNATIONAL,7000,2008
INTERNATIONAL,8000,2008
INTERNATIONAL,9000,2008
INTERNATIONAL,PROSTAR,2008
INTERNATIONAL,PROSTAR,2007
INTERNATIONAL,9000,2007
INTERNATIONAL,8000,2007
INTERNATIONAL,7000,2007
INTERNATIONAL,9900,2005
INTERNATIONAL,9900,2006
INTERNATIONAL,9900,2007
INTERNATIONAL,9400,2007
INTERNATIONAL,9400,2006
INTERNATIONAL,9400,2005
INTERNATIONAL,9200,2005
INTERNATIONAL,9200,2006
INTERNATIONAL,9200,2007
INTERNATIONAL,9100,2007
INTERNATIONAL,9100,2006
INTERNATIONAL,9100,2005
INTERNATIONAL,CF500,2007
INTERNATIONAL,CF600,2007
INTERNATIONAL,3300,2007
INTERNATIONAL,1300FBC,2007
INTERNATIONAL,1300FBC,2004
INTERNATIONAL,5900I,2004
INTERNATIONAL,5900I,2003
INTERNATIONAL,5900I,2002
INTERNATIONAL,5900I,2005
INTERNATIONAL,5600I,2004
INTERNATIONAL,5600I,2003
INTERNATIONAL,5600I,2002
INTERNATIONAL,CF600,2005
INTERNATIONAL,CF600,2006
INTERNATIONAL,CF500,2006
INTERNATIONAL,CF500,2005
INTERNATIONAL,4400,2006
INTERNATIONAL,1300FBC,2005
INTERNATIONAL,1300FBC,2006
INTERNATIONAL,3300,2006
INTERNATIONAL,4300,2006
INTERNATIONAL,4200,2006
INTERNATIONAL,9100I,2004
INTERNATIONAL,9900I,2005
INTERNATIONAL,9900I,2006
INTERNATIONAL,9400I,2006
INTERNATIONAL,9400I,2005
INTERNATIONAL,9200I,2005
INTERNATIONAL,9200I,2006
INTERNATIONAL,9100I,2006
INTERNATIONAL,9100I,2005
INTERNATIONAL,4000,2006
INTERNATIONAL,3200,2006
INTERNATIONAL,9000,2004
INTERNATIONAL,5000,2004
INTERNATIONAL,7700,2005
INTERNATIONAL,7700,2002
INTERNATIONAL,8600,2006
INTERNATIONAL,8500,2006
INTERNATIONAL,7700,2006
INTERNATIONAL,7600,2006
INTERNATIONAL,7500,2006
INTERNATIONAL,7400,2006
INTERNATIONAL,9000,2006
INTERNATIONAL,9000,2005
INTERNATIONAL,8000,2005
INTERNATIONAL,8000,2006
INTERNATIONAL,7000,2006
INTERNATIONAL,7000,2005
INTERNATIONAL,5000,2006
INTERNATIONAL,5000,2005
INTERNATIONAL,8600,2005
INTERNATIONAL,8500,2005
INTERNATIONAL,7400,2005
INTERNATIONAL,7600,2005
INTERNATIONAL,7500,2005
INTERNATIONAL,7300,2005
INTERNATIONAL,4200,2005
INTERNATIONAL,3200,2005
THERMO KING,T-15,9999
THERMO KING,RLF2,9999
THERMO KING,RLF2E,9999
THERMO KING,RLF1HPMV,9999
THERMO KING,T-14,9999
CHEVROLET,CAPTIVA SPORT,2010
CHEVROLET,CAPTIVA,2010
CADILLAC,ESCALADE HYBRID,2010
CADILLAC,ESCALADE HYBRID,2009
CADILLAC,ESCALADE HYBRID,2008
CADILLAC,ESCALADE EXT 1500,2010
CADILLAC,ESCALADE EXT 1500,2009
CADILLAC,ESCALADE EXT 1500,2008
CADILLAC,ESCALADE EXT 1500,2007
CADILLAC,ESCALADE EXT,2010
CADILLAC,ESCALADE EXT,2009
CADILLAC,ESCALADE EXT,2008
CADILLAC,ESCALADE EXT,2007
RAM,PROMASTER CITY,2021
RAM,PROMASTER CITY,2022
KENWORTH,T680,2024
KENWORTH,T680,2021
PETERBILT,579,2020
PETERBILT,579,2019
PETERBILT,520,2020
PETERBILT,520,2019
KENWORTH,K270,2024
KENWORTH,K270,2025
PETERBILT,MODEL 220,2024
PETERBILT,MODEL 220,2025
PORSCHE,PANAMERA,2026
DODGE,PROMASTER CITY,2015
DODGE,PROMASTER CITY,2016
RAM,PROMASTER CITY,2018
RAM,PROMASTER CITY,2017
ACURA,RDX,2025
ACURA,MDX,2025
HINO,L-SERIES,2021
HINO,CONVENTIONAL MODELS,2024
NEW FLYER,XCELSIOR,2024
NEW FLYER,XCELSIOR,2025
NEW FLYER,XCELSIOR,2023
FORETRAVEL,REALM PRESIDENTIAL,2025
LAMBORGHINI,REVUELTO,2024
LAMBORGHINI,REVUELTO,2025
HARLEY-DAVIDSON,FLTRXRRSE,2025
HARLEY-DAVIDSON,FLTRXP,2025
HARLEY-DAVIDSON,FLHTP,2025
HARLEY-DAVIDSON,FLHP,2025
HARLEY-DAVIDSON,RH975S,2025
HARLEY-DAVIDSON,RH975,2025
HARLEY-DAVIDSON,RH1250S,2025
HARLEY-DAVIDSON,FLTRXSE,2025
HARLEY-DAVIDSON,FLTRXSTSE,2025
HARLEY-DAVIDSON,FLHXU,2025
HARLEY-DAVIDSON,FXLRST,2025
HARLEY-DAVIDSON,FXLRS,2025
HARLEY-DAVIDSON,FXBB,2025
HARLEY-DAVIDSON,FXBR,2025
HARLEY-DAVIDSON,FLFB,2025
HARLEY-DAVIDSON,FLHC,2025
HARLEY-DAVIDSON,RA1250S,2025
HARLEY-DAVIDSON,RA1250ST,2025
HARLEY-DAVIDSON,RA1250SE,2025
HARLEY-DAVIDSON,FLRT,2025
HARLEY-DAVIDSON,FLHTCUTG,2025
HARLEY-DAVIDSON,FLTRT,2025
HARLEY-DAVIDSON,FLTRX,2025
HARLEY-DAVIDSON,FLHX,2025
HARLEY-DAVIDSON,FLHRXS,2025
PLEASURE WAY,LEXOR,2020
APRILIA,TUONO 660,2026
APRILIA,TUONO 457,2026
CUMMINS POWER GENERATION,C500D6RE,9999
LINCOLN,MKX,2019
LINCOLN,MKX,2020
LINCOLN,MKX,2021
ALTEC,LS SERIES,2023
ALTEC,LS SERIES,2024
BENDIX,ADB22X,9999
BENDIX,ADB22X-LT,9999
BENDIX,ADB22X-V,9999
MANN + HUMMEL,WIX FILTER,9999
ALLISON,TRANSMISSION,9999
JAYCO,GRANITE RIDGE,2024
ENTEGRA,LAUNCH,2023
JAYCO,TERRAIN,2022
JAYCO,TERRAIN,2023
ENTEGRA,LAUNCH,2025
JAYCO,TERRAIN,2025
ENTEGRA,LAUNCH,2022
JAYCO,TERRAIN,2024
ENTEGRA,LAUNCH,2024
ENTEGRA,LAUNCH,2021
JAYCO,TERRAIN,2021
JEEP,COMMANDER,2022
JEEP,COMMANDER,2023
JEEP,COMMANDER,2024
MOTO GUZZI,STELVIO PFF,2025
MOTO GUZZI,V100 MANDELLO,2025
MOTO GUZZI,V100 MANDELLO,2026
FORD,F-550 SD,2025
MCI,J4500E,2023
MCI,D45CRTE,2024
MCI,J4500E,2025
MCI,D45CRTELE,2023
MCI,D45CRTELE,2021
MCI,D45CRTELE,2022
MCI,D45CRTELE,2024
DODGE,DURANGO AWD,2024
DODGE,DURANGO AWD,2023
DODGE,DURANGO AWD,2022
DODGE,DURANGO AWD,2021
BENDIX,FOOT BRAKE VALVE ASSEMBLY,9999
KEYSTONE,ASPEN TRAIL,2025
HYUNDAI,TUCSON PLUG-IN HYBRID,2024
HYUNDAI,TUCSON PLUG-IN HYBRID,2023
HYUNDAI,TUCSON PLUG-IN HYBRID,2022
HYUNDAI,SANTA CRUZ,2023
HYUNDAI,SANTA CRUZ,2024
CHRYSLER,TOWN AND COUNTRY,2020
JEEP,WRANGLER 4XE,2020
RAM,1500,2026
JEEP,GRAND WAGONEER,2026
JEEP,WAGONEER,2026
BERKSHIRE,BE40BH-380,2018
BERKSHIRE,BE40BH-360,2018
FOREST RIVER,VIBE,2024
FOREST RIVER,VIBE,2025
FORD,E-450,2024
FORD,E-350,2024
FORD,E-350,2025
FORD,E-550,2021
FORD,E-450,2025
FORD,E-350,2021
FORD,E-350,2022
FORD,E-450,2021
FORD,E-450,2022
FORD,E-150,2021
FORD,E-150,2022
FORD,E-150,2023
FORD,E-250,2021
FORD,E-250,2022
LINCOLN,CONTINENTAL,2020
FORD,E-250,2023
FORD,E-350,2023
FORD,E-450,2023
FORD,MAVERICK HYBRID,2025
FORD,MAVERICK HYBRID,2022
FORD,MAVERICK HYBRID,2023
FORD,MAVERICK HYBRID,2024
JAYCO,MELBOURNE,2022
JAYCO,REDHAWK,2021
ENTEGRA,ESTEEM,2022
JAYCO,GREYHAWK,2022
JAYCO,MELBOURNE,2023
JAYCO,GREYHAWK,2023
ENTEGRA,ODYSSEY,2021
JAYCO,REDHAWK,2022
ENTEGRA,ESTEEM,2023
ENTEGRA,ODYSSEY,2022
ENTEGRA,ESTEEM,2021
JAYCO,REDHAWK,2023
JAYCO,MELBOURNE,2021
JAYCO,GREYHAWK,2021
PERRONE ROBOTICS,PERRONE ROBOTICS,9999
SUZUKI,GSX250RZ,2018
BMW,530I,2016
BMW,740I,2015
MINI,COUNTRYMAN,2023
MINI,JCW,2022
MINI,JCW,2020
MINI,JCW,2021
MINI,JCW,2023
BMW,750E,2023
BMW,330E,2024
BMW,330E,2023
BMW,530E,2023
BMW,530E,2020
BMW,740E,2018
BMW,530E,2019
BMW,530E,2018
BMW,740E,2019
BMW,740E,2017
BMW,X2,2021
BMW,M235I,2023
BMW,M235I,2022
BMW,M235I,2021
BMW,M235I,2020
HYUNDAI,ACCENT,2018
HYUNDAI,ACCENT,2019
HYUNDAI,ACCENT,2020
HYUNDAI,ACCENT,2021
HYUNDAI,ACCENT,2022
HYUNDAI,SONATA,2019
HYUNDAI,SONATA,2018
HYUNDAI,SONATA,2017
HYUNDAI,SONATA,2016
HYUNDAI,SANTA FE SPORT,2018
HYUNDAI,SANTA FE SPORT,2017
HYUNDAI,SANTA FE PLUG-IN HYBRID,2023
HYUNDAI,SANTA FE PLUG-IN HYBRID,2022
HYUNDAI,SANTA FE,2023
HYUNDAI,SANTA FE,2020
HYUNDAI,IONIQ PLUG-IN HYBRID,2022
HYUNDAI,IONIQ PLUG-IN HYBRID,2021
HYUNDAI,IONIQ PLUG-IN HYBRID,2020
HYUNDAI,IONIQ PLUG-IN HYBRID,2019
HYUNDAI,IONIQ PLUG-IN HYBRID,2018
HYUNDAI,SONATA PLUG-IN HYBRID,2019
HYUNDAI,SONATA PLUG-IN HYBRID,2018
HYUNDAI,SONATA PLUG-IN HYBRID,2017
HYUNDAI,SONATA PLUG-IN HYBRID,2016
GENESIS,GV80 Coupe,2025
NEW FLYER,XN60,2016
NEW FLYER,XN60,2013
NEW FLYER,XDE60,2016
NEW FLYER,XDE60,2013
NEW FLYER,XD60,2024
NEW FLYER,XD60,2023
NEW FLYER,XD60,2018
NEW FLYER,XD60,2014
NEW FLYER,DE60LFR,2012
NEW FLYER,DE60LFR,2011
NEW FLYER,DE60LFA,2010
NEW FLYER,DE60LFA,2009
NEW FLYER,D60LFR,2013
NEW FLYER,D60LFR,2011
NEW FLYER,D60LFR,2012
NEW FLYER,D60LFR,2010
NEW FLYER,XN60,2025
NEW FLYER,XD60,2025
NEW FLYER,XN60,2024
NEW FLYER,XN60,2023
NEW FLYER,XN60,2022
NEW FLYER,XN60,2021
NEW FLYER,XN60,2020
NEW FLYER,XN60,2019
NEW FLYER,XE40,2016
NEW FLYER,XE40,2017
NEW FLYER,XE40,2013
NEW FLYER,XE40,2014
NEW FLYER,XE40,2015
NEW FLYER,XE40,2025
NEW FLYER,XE35,2025
NEW FLYER,XE60,2017
NEW FLYER,XE60,2018
NEW FLYER,XE35,2019
NEW FLYER,XE35,2020
MERCEDES-BENZ,GLE 450 4MATIC,2025
MERCEDES-BENZ,GLE 450 4MATIC COUPE,2025
MERCEDES-BENZ,AMG GLE53 4MATIC,2025
MERCEDES-BENZ,AMG GLE53 4MATIC COUPE,2025
MERCEDES-BENZ,AMG GLE63 S 4MATIC COUPE,2025
MERCEDES-BENZ,AMG GLS63 4MATIC,2025
MERCEDES-MAYBACH,GLS 600 4MATIC,2025
RAM,PROMASTER BEV,2024
TEMSA,TS30,2024
TEMSA,TS30,2023
TEMSA,TS30,2022
TEMSA,TS30,2025
TEMSA,TS30,2021
TEMSA,TS35,2025
TEMSA,TS35,2024
TEMSA,TS35,2022
TEMSA,TS35,2023
TEMSA,TS35,2021
TEMSA,TS45,2022
TEMSA,TS45,2021
TEMSA,TS45,2023
RAM,PROMASTER CITY,2019
RAM,PROMASTER CITY,2020
MERCEDES-BENZ,GLS 450 4MATIC,2025
MERCEDES-BENZ,GLE 350 4MATIC,2024
BMW,330E,2020
CAN-AM,SPYDER RT,2010
CAN-AM,SPYDER RT,2011
CAN-AM,SPYDER ST,2013
CAN-AM,SPYDER RT,2013
CAN-AM,SPYDER RT,2012
CAN-AM,SPYDER RS,2013
MACK,GRANITE GR (4),2026
MACK,CXU,2008
MACK,TD,2010
MACK,TD,2008
MACK,TD,2009
MACK,TD,2007
MACK,CHU,2007
MACK,CHU,2008
MACK,CHU,2009
MACK,CHU,2010
MACK,CXU,2007
MACK,CXU,2009
MACK,CXU,2010
MACK,GRANITE (GU),2009
MACK,LEU,2010
MACK,GRANITE (GU),2010
MACK,LEU,2009
MACK,LEU,2007
MACK,LEU,2008
MACK,GRANITE (GU),2007
MACK,GRANITE (GU),2008
MACK,MD,2026
MACK,CXU,2006
VOLVO,VN,2010
VOLVO,VN,2009
VOLVO,VN,2007
VOLVO,VN,2008
VOLVO,VN,2026
MINI,CLUBMAN,2024
BMW,S 1000 RR US,2024
BMW,M 1000 R,2024
BMW,R 1250 R,2024
BMW,S 1000 R,2025
BMW,S 1000 RR,2023
BMW,S1000 XR,2019
BMW,F800 R,2017
BMW,M 1000 XR,2024
BMW,R 1200 R,2014
BMW,R 1250 RS,2024
TESLA,SEMI,2023
OSHKOSH,S-SERIES,2021
OSHKOSH,S-SERIES,2020
OSHKOSH,S-SERIES,2019
NIGHTHAWK,OSPREY II,2023
NITEHAWK,OSPREY II,2025
NIGHTHAWK,OSPREY II,2024
HYUNDAI,ELANTRA,2015
HYUNDAI,ELANTRA,2016
HYUNDAI,SONATA,2015
HYUNDAI,IONIQ 9,2026
LINCOLN,CORSAIR PHEV,2021
LINCOLN,CORSAIR PHEV,2022
LINCOLN,CORSAIR PHEV,2024
LINCOLN,CORSAIR PHEV,2023
FORD,ESCAPE HYBRID,2021
AUDI,S8,2017
AUDI,Q6 SPORTBACK E-TRON,2025
AUDI,S8,2018
AUDI,S6 SPORTBACK E-TRON,2025
AUDI,A6 SPORTBACK E-TRON,2025
MERCEDES-BENZ,GLC 300 4MATIC,2023
MERCEDES-BENZ,EQS 580 4MATIC,2022
MERCEDES-BENZ,S 580 E 4MATIC,2025
MERCEDES-BENZ,EQE 500 4MATIC,2024
HEIL,FRONT END LOADER GARBAGE,2018
HEIL,FRONT END LOADER GARBAGE,2019
HEIL,FRONT END LOADER GARBAGE,2020
HEIL,FRONT END LOADER GARBAGE,2022
HEIL,SIDE LOADER GARBAGE TRUCK,2023
HEIL,FRONT END LOADER GARBAGE,2021
TIFFIN,ALLEGRO OPEN ROAD,2025
TIFFIN,ALLEGRO OPEN ROAD,2026
GENESIS,GV70,2026
GENESIS,G70,2026
GENESIS,G80,2026
NISSAN,PATHFINDER,2025
EMBER,E-SERIES,2025
SAAB,9-3,2008
CHEVROLET,CORVETTE Z06,2008
BUICK,TERRAZA,2008
HUMMER,H4,2007
PONTIAC,MONTANA,2007
OPEL,GT,2007
GMC,T SERIES,2007
SATURN,VUE HYBRID,2007
PONTIAC,GTO,2007
CHEVROLET,G1500,2008
PONTIAC,PURSUIT,2008
SAAB,9-5,2008
CHEVROLET,MALIBU MAXX,2007
GMC,G1500,2008
SATURN,ASTRA,2008
GMC,ENVOY DENALI,2007
CHEVROLET,T SERIES,2007
CHEVROLET,MALIBU CLASSIC,2007
BUICK,ALLURE,2008
GMC,G VAN BUS,2007
GMC,C8500,2008
SAAB,9-7X,2008
CHEVROLET,S10,2007
CHEVROLET,C SERIES,2007
CHEVROLET,AVEO,2008
CADILLAC,CTS-V,2007
CHEVROLET,G VAN BUS,2007
PONTIAC,MONTANA,2008
GMC,C SERIES,2007
SATURN,ION,2008
PONTIAC,G3,2008
CHEVROLET,LUMINA,2008
CHEVROLET,W-SERIES,2008
CHEVROLET,TRAVERSE,2008
CHEVROLET,G3500,2008
PONTIAC,G4,2008
CHEVROLET,G VAN BUS,2008
GMC,G VAN BUS,2008
ISUZU,H SERIES,2008
CHEVROLET,AVEO,2009
SAAB,9-7X,2009
PONTIAC,MONTANA,2009
BUICK,ALLURE,2009
OPEL,GT,2009
GMC,ENVOY 360,2009
CHEVROLET,TRAILBLAZER 360,2009
SAAB,9-3,2009
SAAB,9-5,2009
SATURN,ASTRA,2009
GMC,TOPKICK,2009
CHEVROLET,COBALT SS,2009
GMC,W3500,2009
GMC,W4500,2009
GMC,W5500,2009
CHEVROLET,W3500,2009
CHEVROLET,W4500,2009
CHEVROLET,W5500,2009
GMC,W-SERIES,2009
CHEVROLET,C6500,2009
CHEVROLET,C7500,2009
CHEVROLET,C8500,2009
GMC,C6500,2009
GMC,C7500,2009
GMC,C8500,2009
CHEVROLET,T6500,2009
CHEVROLET,T7500,2009
CHEVROLET,T8500,2009
GMC,T8500,2009
GMC,T7500,2009
GMC,T6500,2009
CHEVROLET,CAPTIVA SPORT,2009
GMC,TERRAIN,2009
CHEVROLET,CORVETTE ZR1,2009
CHEVROLET,MALIBU HYBRID,2009
GMC,T SERIES,2009
CHEVROLET,T SERIES,2009
GMC,C SERIES,2009
CHEVROLET,C SERIES,2009
PONTIAC,PURSUIT,2009
SATURN,AURA HYBRID,2009
CHEVROLET,W-SERIES,2009
SATURN,VUE HYBRID,2009
CHEVROLET,G VAN BUS,2009
GMC,G VAN BUS,2009
CHEVROLET,CAPTIVA,2009
ISUZU,H SERIES,2009
ISUZU,T SERIES,2009
ISUZU,F SERIES,2009
CHEVROLET,W3500,2010
CHEVROLET,W4500,2010
CHEVROLET,W5500,2010
GMC,W3500,2010
GMC,W4500,2010
GMC,W5500,2010
CADILLAC,CTS-V,2010
CHEVROLET,AVEO,2010
GMC,SANANA,2010
CHEVROLET,MALIBU HYBRID,2010
GMC,T7500,2010
SAAB,9-5,2010
CHEVROLET,CRUZE,2010
CHEVROLET,MONTE CARLO,2010
CHEVROLET,COBALT SS,2010
PONTIAC,G3,2010
GMC,W-SERIES,2010
CHEVROLET,W-SERIES,2010
PONTIAC,G8,2010
GMC,ENVOY,2010
CHEVROLET,G VAN BUS,2010
GMC,G VAN BUS,2010
CHEVROLET,TAHOE POLICE PURSUIT,2010
GMC,TOPKICK,2010
SATURN,ASTRA,2010
CHEVROLET,T SERIES,2010
ISUZU,T SERIES,2010
CHEVROLET,CORVETTE ZR1,2010
CHEVROLET,COBALT,2011
PONTIAC,G3,2011
GMC,W-SERIES,2011
CHEVROLET,W-SERIES,2011
OLDSMOBILE,ALERO,2011
GMC,TOPKICK,2011
PONTIAC,G5,2011
SATURN,ASTRA,2011
SATURN,OUTLOOK,2011
SATURN,VUE,2011
SAAB,9-4X,2012
SAAB,9-5,2012
CHEVROLET,COBALT,2012
CHEVROLET,CORVETTE Z06,2007
GMC,G1500,2007
GMC,TOPKICK,2013
CHEVROLET,COBALT,2013
CHEVROLET,G1500,2007
CHEVROLET,SSR,2007
CHEVROLET,N300,2014
CHEVROLET,COBALT,2014
GMC,C7500,2007
GMC,C8500,2007
GMC,C6500,2007
CHEVROLET,N300,2015
CHEVROLET,COBALT,2015
CHEVROLET,T6500,2007
CHEVROLET,T7500,2007
CHEVROLET,N300,2016
CHEVROLET,COBALT,2016
CHEVROLET,S10,2016
CHEVROLET,T8500,2007
GMC,T8500,2007
CHEVROLET,COBALT,2017
GMC,T7500,2007
CHEVROLET,S10,2017
GMC,T6500,2007
CHEVROLET,C8500,2007
CHEVROLET,C7500,2007
CHEVROLET,C6500,2007
GMC,W-SERIES,2007
CHEVROLET,W-SERIES,2007
GMC,W SERIES C3 3500,2007
CHEVROLET,W SERIES C3 3500,2007
CHEVROLET,OPTRA,2007
GMC,W5500HD,2007
GMC,W5500,2007
GMC,W4500,2007
GMC,W3500,2007
CHEVROLET,W5500,2007
CHEVROLET,SILVERADO 4500,2025
CHEVROLET,SILVERADO 5500,2025
CADILLAC,CELESTIQ,2025
CHEVROLET,W3500,2005
CHEVROLET,W4500,2005
CHEVROLET,W5500,2005
CHEVROLET,W4500,2007
GMC,W3500,2005
GMC,W4500,2005
GMC,W5500,2005
SATURN,L300,2005
CHEVROLET,TRAILBLAZER 360,2005
CHEVROLET,TRAILBLAZER EXT 370,2005
CHEVROLET,MALIBU MAXX,2005
PONTIAC,GTO,2005
CHEVROLET,AVEO,2005
CHEVROLET,MALIBU CLASSIC,2005
CHEVROLET,W3500,2007
SAAB,9-2X,2005
SAAB,9-3,2005
SAAB,9-5,2005
GMC,TOPKICK,2005
CHEVROLET,CLASSIC,2005
CADILLAC,ESCALADE EXT 1500,2005
GMC,T8500,2005
GMC,T7500,2005
GMC,T6500,2005
CHEVROLET,T8500,2005
CHEVROLET,T7500,2005
CHEVROLET,T6500,2005
SAAB,9-7X,2005
CHEVROLET,OPTRA,2005
CHEVROLET,EPICA,2005
SAAB,9-5,2007
CHEVROLET,DENALI,2005
PONTIAC,LACROSSE,2005
CHEVROLET,INCOMPLETE/CUTAWAY C3,2005
CHEVROLET,S/T BLAZER,2005
GMC,ENVOY 360,2005
GMC,ENVOY XL 370,2005
GMC,ENVOY XUV,2005
GMC,SAFARI (GMC),2005
PONTIAC,PURSUIT,2005
CHEVROLET,C6500,2005
CHEVROLET,C7500,2005
CHEVROLET,C8500,2005
CHEVROLET,W-SERIES,2005
GMC,W-SERIES,2005
GMC,C6500,2005
GMC,C7500,2005
GMC,C8500,2005
CHEVROLET,G2500,2005
CHEVROLET,G3500,2005
CHEVROLET,G1500,2005
GMC,G1500,2005
GMC,G2500,2005
GMC,G3500,2005
CHEVROLET,CORVETTE Z06,2005
HUMMER,H3,2005
CADILLAC,CTS-V,2005
GMC,SONOMA,2005
GMC,SONOMA CREW,2005
GMC,JIMMY CLASSIC,2005
CADILLAC,DTS,2005
CHEVROLET,S10,2005
GMC,F SERIES,2005
CHEVROLET,F SERIES,2005
GMC,T4500,2005
CHEVROLET,TRANS SPORT,2005
CHEVROLET,G VAN BUS,2005
GMC,G VAN BUS,2005
SATURN,L200,2005
SATURN,LW200,2005
GMC,C SERIES,2005
CHEVROLET,T SERIES,2005
CHEVROLET,C SERIES,2005
CHEVROLET,IMPALA (GMX 211),2006
CADILLAC,ESCALADE EXT 1500,2006
CHEVROLET,TRAILBLAZER 360,2006
CHEVROLET,TRAILBLAZER EXT 370,2006
SAAB,9-3,2007
GMC,ENVOY 360,2006
GMC,ENVOY XL 370,2006
GMC,W3500,2006
GMC,W4500,2006
GMC,W5500,2006
CHEVROLET,W5500,2006
CHEVROLET,W4500,2006
CHEVROLET,W3500,2006
CHEVROLET,MALIBU MAXX,2006
CHEVROLET,TRAILBLAZER EXT,2006
GMC,TOPKICK,2007
GMC,ENVOY XL,2006
SAAB,9-7X,2006
SAAB,9-3,2006
CHEVROLET,AVEO,2006
PONTIAC,GTO,2006
SAAB,9-5,2006
GMC,ENVOY DENALI,2006
GMC,ENVOY DENALI XL,2006
GMC,TOPKICK 6500,2006
GMC,TOPKICK,2006
GMC,TOPKICK 8500,2006
CHEVROLET,C8500,2006
CHEVROLET,C7500,2006
CHEVROLET,C6500,2006
CHEVROLET,DENALI,2006
CHEVROLET,OPTRA,2006
GMC,SONOMA,2006
SAAB,9-2X,2006
PONTIAC,PURSUIT,2006
PONTIAC,BONNEVILLE,2006
CHEVROLET,W SERIES C3 3500,2006
GMC,W SERIES C3 3500,2006
CHEVROLET,W-SERIES,2006
GMC,W-SERIES,2006
GMC,T6500,2006
GMC,T7500,2006
GMC,T8500,2006
CHEVROLET,T8500,2006
CHEVROLET,T7500,2006
CHEVROLET,T6500,2006
GMC,C6500,2006
GMC,C7500,2006
GMC,C8500,2006
CHEVROLET,G1500,2006
GMC,G1500,2006
CHEVROLET,CORVETTE Z06,2006
BUICK,LESABRE,2006
CHEVROLET,S10,2006
OPEL,GT,2006
GMC,F SERIES,2006
CHEVROLET,F SERIES,2006
CADILLAC,CTS-V,2006
GMC,G VAN BUS,2006
CHEVROLET,G VAN BUS,2006
HUMMER,H4,2006
CHEVROLET,CLASSIC,2006
GMC,C SERIES,2006
CHEVROLET,T SERIES,2006
CHEVROLET,C SERIES,2006
SAAB,9-7X,2007
CHEVROLET,TRAILBLAZER 360,2007
GMC,ENVOY 360,2007
BUICK,ALLURE,2007
CHEVROLET,AVEO,2007
PONTIAC,PURSUIT,2007
GMC,TOPKICK,2008
CHEVROLET,MONTE CARLO,2008
CHEVROLET,C8500,2008
OPEL,GT,2008
GMC,W3500,2008
GMC,W4500,2008
CHEVROLET,COBALT SS,2008
CHEVROLET,MALIBU HYBRID,2008
SATURN,AURA HYBRID,2008
SATURN,VUE HYBRID,2008
CHEVROLET,CAPTIVA,2008
CHEVROLET,TRAILBLAZER 360,2008
GMC,ENVOY 360,2008
SATURN,RELAY,2008
GMC,W-SERIES,2008
GMC,W5500,2008
CHEVROLET,W3500,2008
CHEVROLET,W4500,2008
CHEVROLET,W5500,2008
CHEVROLET,C6500,2008
GMC,C6500,2008
GMC,C7500,2008
CHEVROLET,C7500,2008
CHEVROLET,T6500,2008
CHEVROLET,T7500,2008
CHEVROLET,T8500,2008
GMC,T8500,2008
GMC,T7500,2008
GMC,T6500,2008
GMC,T SERIES,2008
CHEVROLET,T SERIES,2008
GMC,C SERIES,2008
CHEVROLET,C SERIES,2008
LAMBORGHINI,URUS,2025
INTERNATIONAL,SCHOOL BUS,2002
INTERNATIONAL,4300,2005
INTERNATIONAL,4400,2005
IC,3800,2002
IC,3800,2003
IC,3800,2004
IC BUS,BESB,2006
IC BUS,BESB,2007
INTERNATIONAL,5500I,2005
INTERNATIONAL,5500I,2006
INTERNATIONAL,5600I,2005
INTERNATIONAL,5600I,2006
INTERNATIONAL,4400,2007
INTERNATIONAL,7500,2007
INTERNATIONAL,7400,2007
INTERNATIONAL,5500I,2007
INTERNATIONAL,5600I,2007
IC,3800,2001
IC BUS,BESB,2008
IC BUS,BECB,2007
INTERNATIONAL,7600,2008
INTERNATIONAL,4200,2007
INTERNATIONAL,4200,2008
INTERNATIONAL,4300,2008
INTERNATIONAL,4300,2007
INTERNATIONAL,7300,2007
INTERNATIONAL,7300,2008
INTERNATIONAL,7500,2008
INTERNATIONAL,8500,2007
INTERNATIONAL,8500,2008
INTERNATIONAL,9200I,2007
INTERNATIONAL,9200I,2008
INTERNATIONAL,9400I,2008
INTERNATIONAL,9400I,2007
INTERNATIONAL,9900I,2007
INTERNATIONAL,9900I,2008
INTERNATIONAL,7400,2008
INTERNATIONAL,5500I,2008
INTERNATIONAL,5600I,2008
INTERNATIONAL,5500I,2002
INTERNATIONAL,5500I,2003
INTERNATIONAL,5500I,2004
IC BUS,HCCB,2007
INTERNATIONAL,3000 RE,2008
INTERNATIONAL,3000 RE,2009
INTERNATIONAL,FBC,2009
INTERNATIONAL,FBC,2008
INTERNATIONAL,SFC,2008
INTERNATIONAL,SFC,2009
IC BUS,BESB,2009
IC BUS,HCCB,2010
INTERNATIONAL,5600I,2009
INTERNATIONAL,5600I,2010
INTERNATIONAL,5500I,2009
INTERNATIONAL,5500I,2010
INTERNATIONAL,7600,2009
INTERNATIONAL,7600,2010
INTERNATIONAL,4200,2009
INTERNATIONAL,7600,2011
INTERNATIONAL,8600,2009
INTERNATIONAL,8600,2010
INTERNATIONAL,8600,2011
IC BUS,ICCB,2010
IC BUS,ICSB,2010
IC BUS,ICCB,2009
IC BUS,ICSB,2009
IC BUS,ICCB,2008
IC BUS,ICSB,2008
IC BUS,3300,2005
WORKHORSE,R20,2008
WORKHORSE,R26,2011
IC BUS,ICCB,2011
HOLIDAY RAMBLER,MINTARO TRAVEL TRAILER,2011
R-VISION,ONYX,2011
IC BUS,ICCB,2012
HOLIDAY RAMBLER,TRIP,2011
MONACO,VESTA,2011
R-VISION,TRAIL-SPORT,2011
R-VISION,TRAIL-LITE CROSSOVER,2011
IC BUS,ICSB,2013
IC BUS,CASB,2013
IC,3300,2006
IC,3300,2007
IC BUS,RCCB,2010
HOLIDAY RAMBLER,AMBASSADOR,2013
HOLIDAY RAMBLER,ENDEAVOR,2013
MONACO,DIPLOMAT,2013
MONACO,KNIGHT,2013
MILCOT BRAKE CHAMBER,AFC 11918,2011
IC BUS,ICCB,2013
IC BUS,CASB,2014
IC BUS,CASB,2015
IC BUS,ICSB,2011
IC BUS,BESB,2010
INTL,2500,2001
INTL,2500,2002
INTL,4900,2001
INTL,7600,2009
MONACO,DIPLOMAT,2012
INTERNATIONAL,7600,2012
INTERNATIONAL,7600,2013
INTERNATIONAL,9900I,2017
INTERNATIONAL,9900I,2016
IC BUS,RE,2018
INTERNATIONAL,FBC,2018
INTERNATIONAL,SFC,2018
INTERNATIONAL,FBC,2016
INTERNATIONAL,SFC,2016
IC BUS,BE,2017
IC BUS,BE,2018
IC BUS,HC,2017
IC BUS,HC,2018
IC BUS,RCCB,2007
IC BUS,HC,2019
INTERNATIONAL,9900I,2018
INTERNATIONAL,SFC,2019
BISON COACH,STRATUS,2013
BISON COACH,STRATUS EXPRESS,2013
BISON COACH,STRATUS LITE,2013
BISON COACH,TRAIL EXPRESS,2013
BISON COACH,TRAIL HAND,2013
BISON COACH,TRAVELER,2013
IC BUS,TC,2021
IC BUS,TC,2022
INTERNATIONAL,8600,2012
INTERNATIONAL,8600,2014
INTERNATIONAL,8600,2015
INTERNATIONAL,8600,2016
INTERNATIONAL,8600,2017
INTERNATIONAL,8600,2018
INTERNATIONAL,9400I,2001
INTERNATIONAL,9900I,2013
INTERNATIONAL,9900IX,2004
INTERNATIONAL,LS,2019
INTERNATIONAL,LS,2020
INTERNATIONAL,LS,2021
RIVIAN,R1S,2025
RIVIAN,R1T,2025
THOMAS BUILT BUSES,SAF-T-LINER C2,2004
THOMAS BUILT BUSES,SAF-T-LINER C2,2005
THOMAS BUILT BUSES,SAF-T-LINER C2,2007
THOMAS BUILT BUSES,SAF-T-LINER C2,2006
THOMAS BUILT BUSES,SAF-T-LINER C2,2009
THOMAS BUILT BUSES,SAF-T-LINER C2,2008
MAZDA,redundant CX-90 HYBRID,2024
MAZDA,CX-90 PLUG-IN HYBRID,2024
MAZDA,CX-90 PLUG-IN HYBRID,2025
MAZDA,redundant CX-90 HYBRID,2025
MAZDA,CX-70 PLUG-IN HYBRID,2025
THERMO KING,V300,9999
THERMO KING,V520,9999
THERMO KING,V200,9999
THERMO KING,T800R,9999
THERMO KING,T600R,9999
THERMO KING,T570R,9999
PETERBILT,220,2022
PETERBILT,220,2020
PETERBILT,220,2023
PETERBILT,220,2021
MCLAREN,ARTURA,2020
MCLAREN,ARTURA,2021
MCLAREN,GT,2024
MCLAREN,GTS,2024
THERMO KING,TE14-M20,9999
THERMO KING,TE14-M11,9999
THERMO KING,TE14-M23,9999
THERMO KING,TE14-M17,9999
PETERBILT,365,2017
PETERBILT,365,2018
PETERBILT,365,2019
PETERBILT,365,2020
PETERBILT,389,2017
PETERBILT,579,2018
PETERBILT,389,2018
PETERBILT,389,2019
PETERBILT,579,2017
PETERBILT,567,2020
PETERBILT,567,2019
PETERBILT,567,2018
PETERBILT,567,2017
PETERBILT,389,2020
TEREX,HR,9999
WINNEBAGO,COMMERCIAL VEHICLE,2024
WINNEBAGO,SHELL,2023
WINNEBAGO,REVEL,2022
WINNEBAGO,REVEL,2025
WINNEBAGO,REVEL,2024
WINNEBAGO,REVEL,2023
WINNEBAGO,EKKO,2022
WINNEBAGO,EKKO,2023
WINNEBAGO,EKKO,2024
HONDA,ACCORD,2018
HONDA,ACCORD,2019
HONDA,ACCORD,2020
HONDA,ACCORD HYBRID,2025
HONDA,PASSPORT,2025
HONDA,RIDGELINE,2024
HONDA,RIDGELINE,2025
HONDA,RIDGELINE,2023
HONDA,ODYSSEY,2025
HONDA,ODYSSEY,2024
HONDA,HR-V,2024
HONDA,HR-V,2025
HONDA,PROLOGUE,2025
LINCOLN,CONTINENTAL,2019
JAYCO TRAVEL TRAILER,JAY FLIGHT BUNGALOW,2025
CUMMINS,ISX15,9999
CAN-AM,RYKER,2019
CAN-AM,RYKER,2020
INDIAN,CHIEF,2020
INDIAN,CHIEF,2021
INDIAN,ROADMASTER,2024
INDIAN,ROADMASTER,2020
INDIAN,ROADMASTER,2021
INDIAN,ROADMASTER,2022
INDIAN,ROADMASTER,2023
PLEASURE WAY,EXCEL,2007
INDIAN,SPORT CHIEF,2023
INDIAN,SPORT CHIEF,2024
PLEASURE WAY,TOFINO,2020
HARLEY-DAVIDSON,FLSTFI,2006
HARLEY-DAVIDSON,FLSTFI,2005
JEEP,COMPASS,2026
FIAT,500X,2021
FIAT,500X,2023
JEEP,GLADIATOR,2026
JEEP,WRANGLER,2026
JEEP,WRANGLER 4XE,2026
ALLISON,6000 SERIES TRANSMISSION,9999
ALLISON,9000 SERIES TRANSMISSION,9999
ALLISON,8000 SERIES TRANSMISSION,9999
ENTEGRA,ETHOS,2025
TIFFIN,GH1,2023
TIFFIN,CONVOY,2023
TIFFIN,CONVOY,2024
BENDIX,BA-921 COMPRESSOR,9999
ALTEC,AT-M/P/S SERIES,2023
ALTEC,AT-M/P/S SERIES,2025
ALTEC,AT-M/P/S SERIES,2024
FOREST RIVER,BERKSHIRE,2022
FOREST RIVER,CHARLESTON,2018
FOREST RIVER,BERKSHIRE,2019
BMW,M4,2022
BMW,M3,2022
BMW,X4,2022
BMW,X4,2023
BMW,M3,2023
BMW,M4,2025
BMW,M4,2023
BMW,M5,2023
BMW,M550I,2017
BMW,R 18 CLASSIC,2025
BMW,R 18 ROCKTANE,2025
BMW,R 18,2025
MERCEDES-BENZ,REDUNDANT AMG GLC43 4MATIC,2024
MERCEDES-BENZ,REDUNDANT AMG GLC43 4MATIC,2025
ENTEGRA,CONDOR,2025
JAYCO,GRANITE RIDGE,2025
BRINKLEY RV,MODEL Z,2026
BRINKLEY RV,MODEL I,2026
BRINKLEY RV,MODEL G,2026
FOREST RIVER,IMPRESSION,2024
FOREST RIVER,IMPRESSION,2025
FOREST RIVER,BERKSHIRE,2020
ALTEC,DIGGER DERRICK,2014
ALTEC,DIGGER DERRICK,2005
ALTEC,DIGGER DERRICK,2015
ALTEC,DIGGER DERRICK,2016
ALTEC,DIGGER DERRICK,2017
ALTEC,DIGGER DERRICK,2006
ALTEC,DIGGER DERRICK,2013
ALTEC,DIGGER DERRICK,2007
ALTEC,DIGGER DERRICK,2012
ALTEC,DIGGER DERRICK,2008
ALTEC,DIGGER DERRICK,2009
ALTEC,DIGGER DERRICK,2010
ALTEC,DIGGER DERRICK,2011
FOREST RIVER,ROCKPORT,2021
FOREST RIVER BUS,SENATOR II,2020
FOREST RIVER BUS,SENATOR II,2021
FOREST RIVER BUS,STARCRAFT ALL STAR XL,2020
FOREST RIVER BUS,STARCRAFT ALL STAR XL,2021
FOREST RIVER BUS,STARCRAFT ALL STAR XL,2022
FOREST RIVER BUS,STARCRAFT ALL STAR XL,2023
FOREST RIVER BUS,STARCRAFT ALL STAR XL,2024
FOREST RIVER BUS,STARCRAFT XLT,2021
FOREST RIVER BUS,STARCRAFT XLT,2022
FOREST RIVER BUS,CHAMPION BUS,2022
FOREST RIVER BUS,CHAMPION BUS,2021
FOREST RIVER BUS,ELDORADO,2021
FOREST RIVER BUS,BERKSHIRE COACH ULTRA,2020
FOREST RIVER BUS,ELDORADO,2022
FOREST RIVER BUS,GLAVAL ENTOURAGE,2020
FOREST RIVER BUS,GLAVAL ENTOURAGE,2021
COTTRELL,CX09LSFA,2023
COTTRELL,CX09LSFA,2025
COTTRELL,CX09LSFA,2024
STORYTELLER OVERLAND,GXV HILT,2024
STORYTELLER OVERLAND,GXV HILT,2023
FOREST RIVER,SANDPIPER,2024
FOREST RIVER,SIERRA,2024
FOREST RIVER,SANDPIPER,2025
FOREST RIVER,SIERRA,2025
MCI,J4500,2021
MCI,J4500,2017
MCI,J4500,2018
CHEVROLET,SILVERADO 6500,2024
FORD,F-250,2022
FOREST RIVER,MIRADA,2023
FOREST RIVER,ENCORE,2023
COACHMEN,MIRADA,2023
FOREST RIVER,VIBE,2023
FOREST RIVER,RAINIER,2023
CLIPPER TOWABLE,CWT182DBU,2023
FOREST RIVER,HARDSIDE,2023
FOREST RIVER,AURORA,2023
FOREST RIVER,PURSUIT,2023
VIKING TOWABLE,VWT272RLS,2023
VIKING TOWABLE,VWT182DBU,2023
INDEPENDENCE TRAIL TRAILE,NTT262DBS,2023
CLIPPER TOWABLE,CWT272RLS,2023
FOREST RIVER,ROCKPORT,2023
FOREST RIVER,V-TOUR,2025
FOREST RIVER,AURORA,2025
CATALINA,CAT261BHS,2025
AURORA,ART26BHS,2025
FOREST RIVER,PALOMINO,2025
FOREST RIVER,CEDAR CREEK,2025
CATALINA,CAT263BHSCKLE-300,2025
CATALINA,CAT26TH-300,2025
CATALINA,CAT283EPIC-300,2025
CATALINA,CAT293QBCKLE-300,2025
AURORA,ART26ATH-300,2025
AURORA,ART28BHS-300,2025
AURORA,ART24RBS,2025
FOREST RIVER,ENTOURAGE,2025
FOREST RIVER,CONCORD,2025
COACHMEN,LEPRECHAUN,2025
FOREST RIVER,LEPRECHAUN,2025
COACHMEN,FREELANDER,2025
FOREST RIVER,SHASTA OASIS,2025
FOREST RIVER,SPIRIT,2025
FOREST RIVER,EAST TO WEST AHARA FIFTH,2025
COACHMEN,CATALINA,2025
FOREST RIVER,ROCKPORT,2025
FOREST RIVER,XLR TOYHAULER 5TH WHEEL,2025
FOREST RIVER,NIGHTFALL,2025
COACHMEN,APEX,2025
COACHMEN,REMOTE,2025
COACHMEN,BROOKSTONE,2025
FOREST RIVER,CAMPSITE RESERVE,2025
FOREST RIVER,PAUSE,2025
FOREST RIVER,SABRE,2025
FOREST RIVER,CASCADE,2025
FOREST RIVER,VENGEANCE,2025
EAST TO WEST,BRAVADO,2025
FOREST RIVER,STEALTH,2025
FOREST RIVER,XLR,2025
FOREST RIVER,SPIRIT,2026
FOREST RIVER,SABRE,2026
FOREST RIVER,WILDWOOD,2026
FOREST RIVER,SALEM,2026
COACHMEN,NOVA,2024
COACHMEN,GALLERIA,2024
EAST TO WEST,ENTRADA,2024
FOREST RIVER,FR3,2024
FOREST RIVER,GEORGETOWN,2024
COACHMEN,ENCORE,2024
FOREST RIVER,PALOMINO,2024
EAST TO WEST,TANDARA,2024
EAST TO WEST,BLACKTHORN,2024
PALOMINO,REAL-LITE CAMPER,2024
COACHMEN,PRISM,2024
COACHMEN,CONCORD,2024
COACHMEN,BROOKSTONE,2024
COACHMEN,CHAPARRAL,2024
SHASTA,PHOENIX,2024
COACHMEN,CROSS TRAIL,2024
COACHMEN,ADRENALINE,2024
FOREST RIVER,WORK AND PLAY,2024
FOREST RIVER,SANDSTORM,2024
FOREST RIVER,STEALTH,2024
FOREST RIVER,SHOCKWAVE,2024
COACHMEN,APEX,2024
COACHMEN,FREEDOM EXPRESS,2024
COACHMEN,REMOTE,2024
COACHMEN,SPIRIT,2024
FOREST RIVER,SUNSHINE,2024
FOREST RIVER,XLR TOYHAULER,2024
FOREST RIVER,XLR BOOST TOYHAULER,2024
FOREST RIVER,NO BOUNDARIES,2024
FOREST RIVER,R-POD,2024
FOREST RIVER,IBEX,2024
SHASTA,OASIS,2024
COACHMEN,CLIPPER,2024
COACHMEN,VIKING,2024
COACHMEN,CATALINA,2024
FOREST RIVER,AURORA,2024
ELKHART,ELKC,2024
DYNAMAX,ISATA,2024
FOREST RIVER,COLUMBUS,2024
EAST TO WEST,ALTA,2024
FOREST RIVER,PUMA,2024
STARCRAFT BUS,ALLSTAR,2024
STARCRAFT BUS,ALLSTAR MVP,2024
STARTRANS,SENATOR II,2024
STARTRANS,SENATOR II MVP,2024
GLAVAL BUS,UNIVERSAL,2024
STARCRAFT BUS,SENATOR II,2024
STARCRAFT BUS,SENATOR II MVP,2024
FOREST RIVER,CARDINAL,2024
FOREST RIVER,WILDCAT,2024
DYNAMAX,DX3,2024
DYNAMAX,DYNAQUEST XL,2024
DYNAMAX,EUROPA,2024
FOREST RIVER,PAUSE,2024
FOREST RIVER,ROCKPORT,2024
MOBILITY TRANS,SAFETBUS,2024
CLIPPER TOWABLE,CWT182DBU,2024
CLIPPER TOWABLE,CWT272RLS,2024
VIKING TOWABLE,VWT182DBU,2024
VIKING TOWABLE,VWT262BHS,2024
VIKING TOWABLE,VWT272RLS,2024
CATALINA,ACAT18RDL,2024
AURORA,AART18RD,2024
FOREST RIVER,RAINIER,2024
FOREST RIVER,STEALTH EVO,2024
FOREST RIVER,CEDAR CREEK,2024
FOREST RIVER,ROCKWOOD,2024
FOREST RIVER,CAMPSITE RESERVE,2024
STARCRAFT BUS,STARLITE,2024
FOREST RIVER,CLIPPER CAMPING TRAILER,2024
VIKING TRAVEL TRAILERS,VIKING,2024
FOREST RIVER,AHARA TRAVEL TRAILER,2024
FOREST RIVER,ENCORE,2024
FOREST RIVER,MIRADA,2024
FOREST RIVER,PURSUIT,2024
FOREST RIVER,V-RV,2024
COACHMEN,NOVA,2025
COACHMEN,CROSS TRAIL,2025
FOREST RIVER,FREELANDER,2025
FOREST RIVER,R-POD,2025
FOREST RIVER,PUMA,2025
FOREST RIVER,CLIPPER CAMPING TRAILER,2025
VIKING TRAVEL TRAILERS,VIKING,2025
CATALINA,CAT243RBSLE,2025
FOREST RIVER,ENCORE,2025
FOREST RIVER,FR3,2025
FOREST RIVER,GEORGETOWN,2025
FOREST RIVER,MIRADA,2025
FOREST RIVER,PURSUIT,2025
FOREST RIVER,SPORTSCOACH,2025
FOREST RIVER,V-CRUISE,2025
FOREST RIVER,V-RV,2025
FOREST RIVER,V-SPORT,2025
FOREST RIVER,RIVERSTONE,2024
CATALINA,CAT261BHS,2024
CATALINA,CAT263BHSCKLE-300,2024
CATALINA,CAT293QBCKLE-300,2024
CATALINA,CAT283EPIC-300,2024
AURORA,ART28BHS-300,2024
COACHMEN,FREELANDER,2024
FOREST RIVER,CHEROKEE,2024
FOREST RIVER,CASCADE,2024
FOREST RIVER,VENGEANCE,2024
STARCRAFT BUS,ALLSTAR,2023
STARCRAFT BUS,ALLSTAR XL,2023
COACHMEN,LEPRECHAUN,2023
COACHMEN,FREELANDER,2023
FOREST RIVER,FORESTER,2023
FOREST RIVER,SUNSEEKER,2023
FOREST RIVER,FR3,2023
FOREST RIVER,WILDWOOD,2023
COACHMEN,CATALINA,2023
COACHMEN,CROSS TRAIL,2023
COACHMEN,SPORTSCOACH,2023
COACHMEN,PURSUIT,2023
FOREST RIVER,ROCKWOOD,2023
FOREST RIVER,FLAGSTAFF,2023
FOREST RIVER,IMPRESSION,2023
COACHMEN,PRISM,2023
COACHMEN,BEYOND,2023
COACHMEN,GALLERIA,2023
COACHMEN,NOVA,2023
PRIME TIME,AVENGER,2023
EAST TO WEST,ALTA,2023
FOREST RIVER,SALEM,2023
FOREST RIVER,STEALTH EVO,2023
FOREST RIVER,SURVEYOR,2023
PALOMINO,SOLAIRE,2023
FOREST RIVER,CONTINENTAL CARGO,2023
FOREST RIVER,CARGO MATE,2023
FOREST RIVER,PAUSE,2023
FOREST RIVER,CEDAR CREEK,2023
EAST TO WEST,ENTRADA,2023
COACHMEN,APEX,2023
COACHMEN,BROOKSTONE,2023
COACHMEN,CHAPARRAL,2023
COACHMEN,CHAPARRAL LITE,2023
COACHMEN,SPIRIT,2023
COACHMEN,NORTHERN SPIRIT,2023
PRIME TIME,CRUSADER,2023
PRIME TIME,SANIBEL,2023
SHASTA,PHOENIX,2023
DYNAMAX,EUROPA,2023
PRIME TIME,LACROSSE,2023
DYNAMAX,ISATA,2023
SHASTA,OASIS,2023
GLAVAL BUS,TITAN II,2023
FOREST RIVER,SANDPIPER,2023
FOREST RIVER,GEORGETOWN,2023
COACHMEN,ENCORE,2023
EAST TO WEST,TANDARA,2023
COACHMEN,CONCORD,2023
FOREST RIVER,RIVERSTONE,2023
STARCRAFT BUS,ALLSTAR XLT,2023
COACHMEN,ADRENALINE,2023
FOREST RIVER,WORK AND PLAY,2023
FOREST RIVER,SANDSTORM,2023
FOREST RIVER,STEALTH,2023
FOREST RIVER,SHOCKWAVE,2023
COACHMEN,ENTOURAGE,2023
COACHMEN,FREEDOM EXPRESS,2023
FOREST RIVER,SUNSHINE,2023
FOREST RIVER,XLR TOYHAULER,2023
FOREST RIVER,VENGEANCE,2023
FOREST RIVER,ECONOMY HAULER,2023
FOREST RIVER,NO BOUNDARIES,2023
FOREST RIVER,R-POD,2023
FOREST RIVER,IBEX,2023
COACHMEN,CLIPPER,2023
COACHMEN,VIKING,2023
FOREST RIVER,COLUMBUS,2023
FOREST RIVER,PUMA,2023
STARCRAFT BUS,ALLSTAR MVP,2023
STARTRANS,SENATOR II,2023
STARTRANS,SENATOR II MVP,2023
STARCRAFT BUS,STARLITE,2023
GLAVAL BUS,UNIVERSAL,2023
ELKHART,ELKC,2023
STARCRAFT BUS,SENATOR II,2023
STARCRAFT BUS,SENATOR II MVP,2023
FOREST RIVER,CARDINAL,2023
FOREST RIVER,WILDCAT,2023
DYNAMAX,DX3,2023
DYNAMAX,DYNAQUEST XL,2023
DYNAMAX,FORCE,2023
VIKING TOWABLE,VWT262BHS,2023
LUXFER GAS CYLINDERS,ONE-TURN VALVE MPVE-250,9999
HEIL,SIDE LOADER GARBAGE TRUCK,2024
HEIL,FRONT END LOADER GARBAGE,2024
SUZUKI,GSX-S750,2025
MERCEDES-BENZ,AMG EQE 53 4MATIC,2025
MERCEDES-BENZ,EQS 450 4MATIC,2024
MERCEDES-BENZ,GLC 300 4MATIC,2025
MERCEDES-BENZ,GLC 300 4MATIC,2024
ALTEC,FORESTRY BODY,2025
ALTEC,FORESTRY BODY,2024
ALTEC,FORESTRY BODY,2023
ALTEC,FORESTRY BODY,2022
ALTEC,FORESTRY BODY,2021
JEEP,RENEGADE,2026
RAM,PROMASTER,2026
THOMAS BUILT BUSES,MINOTOUR SRW,2023
THOMAS BUILT BUSES,MINOTOUR DRW,2024
THOMAS BUILT BUSES,MINOTOUR DRW,2025
THOMAS BUILT BUSES,MINOTOUR DRW,2023
THOMAS BUILT BUSES,MINOTOUR SRW,2024
THOMAS BUILT BUSES,MINOTOUR SRW,2025
JAYCO FIFTH WHEEL,PINNACLE,2026
HONDA,HR-V,2023
COTTRELL,3-CAR HEADRAMP (PETERBILT 589S),9999
COTTRELL,3-CAR HEADRAMP (PETERBILT 389S)),9999
TIFFIN,WAYFARER,2024
TIFFIN,WAYFARER,2023
TIFFIN,WAYFARER,2021
TIFFIN,CAHABA,2022
TIFFIN,GT1,2025
FORD,F-750 SD,2022
FORD,F-650 SD,2022
GENESIS,GV70 ELECTRIFIED,2026
ALTEC,SERVICE BODY,2025
MACK,MD (ELECTRIC),2026
TIFFIN,BYWAY,2024
TIFFIN,ALLEGRO OPEN ROAD,2023
TIFFIN,ALLEGRO OPEN ROAD,2024
TIFFIN,ALLEGRO RED 360,2022
TIFFIN,ALLEGRO RED 360,2023
TIFFIN,ALLEGRO RED 360,2024
TIFFIN,BYWAY,2025
TIFFIN,ZEPHYR,2025
TIFFIN,WAYFARER,2025
TIFFIN,PHAETON,2025
TIFFIN,MIDAS,2025
TIFFIN,ALLEGRO BUS,2025
TIFFIN,ALLEGRO BREEZE,2025
TIFFIN,ALLEGRO BAY,2025
TIFFIN,ALLEGRO,2025
TIFFIN,BUS,2013
TIFFIN,PHAETON,2013
TIFFIN,BUS,2014
TIFFIN,BUS,2015
TIFFIN,ALLEGRO BREEZE,2017
TIFFIN,ALLEGRO,2017
TIFFIN,ALLEGRO BUS,2017
TIFFIN,ALLEGRO OPEN ROAD,2017
TIFFIN,ALLEGRO OPEN ROAD,2015
TIFFIN,ALLEGRO OPEN ROAD,2016
TIFFIN,ALLEGRO OPEN ROAD,2014
TIFFIN,ALLEGRO OPEN ROAD,2013
TIFFIN,ALLEGRO OPEN ROAD,2012
TIFFIN,ALLEGRO,2018
TIFFIN,ALLEGRO RED,2016
TIFFIN,ALLEGRO RED,2017
TIFFIN,ALLEGRO RED,2012
TIFFIN,ALLEGRO RED,2013
TIFFIN,ALLEGRO RED,2018
TIFFIN,ALLEGRO RED,2014
TIFFIN,BREEZE,2012
TIFFIN,BREEZE,2017
TIFFIN,BUS,2016
TIFFIN,BREEZE,2018
TIFFIN,BUS,2017
TIFFIN,BUS,2018
TIFFIN,PHAETON,2016
TIFFIN,PHAETON,2017
TIFFIN,ALLEGRO BUS,2014
TIFFIN,ZEPHYR,2014
TIFFIN,ALLEGRO,2014
TIFFIN,BREEZE,2013
TIFFIN,ALLEGRO BUS,2013
TIFFIN,ALLEGRO BUS,2012
TIFFIN,ALLEGRO,2013
TIFFIN,ALLEGRO,2012
TIFFIN,ZEPHYR,2013
TIFFIN,PHAETON,2012
TIFFIN,PHAETON,2018
TIFFIN,ZEPHYR,2015
TIFFIN,ZEPHYR,2012
TIFFIN,ZEPHYR,2017
TIFFIN,ZEPHYR,2018
TIFFIN,ALLEGRO OPEN ROAD,2018
TIFFIN,ALLEGRO RED,2019
TIFFIN,ALLEGRO OPEN ROAD,2019
TIFFIN,BREEZE,2019
TIFFIN,BUS,2019
TIFFIN,PHAETON,2019
TIFFIN,ZEPHYR,2019
TIFFIN,ALLEGRO OPEN ROAD,2020
TIFFIN,BUS,2020
TIFFIN,PHAETON,2020
TIFFIN,WAYFARER,2020
TIFFIN,ALLEGRO,2019
TIFFIN,ALLEGRO BREEZE,2021
TIFFIN,ALLEGRO BREEZE,2020
TIFFIN,ALLEGRO,2020
TIFFIN,ALLEGRO BREEZE,2019
TIFFIN,ALLEGRO RED,2022
TIFFIN,ALLEGRO BREEZE,2018
TIFFIN,ALLEGRO RED,2021
TIFFIN,ALLEGRO RED,2020
TIFFIN,WAYFARER,2019
TIFFIN,WAYFARER,2017
TIFFIN,WAYFARER,2022
TIFFIN,PHAETON,2022
TIFFIN,ALLEGRO,2022
TIFFIN,ALLEGRO,2021
TIFFIN,BUS,2021
TIFFIN,WAYFARER,2018
TIFFIN,PHAETON,2021
TIFFIN,ZEPHYR,2020
TIFFIN,ALLEGRO,2015
TIFFIN,ALLEGRO BUS,2015
TIFFIN,PHAETON,2014
TIFFIN,BREEZE,2014
TIFFIN,PHAETON,2015
TIFFIN,ALLEGRO RED,2015
TIFFIN,ALLEGRO BREEZE,2015
TIFFIN,BREEZE,2015
TIFFIN,BREEZE,2016
TIFFIN,ALLEGRO,2016
TIFFIN,ALLEGRO BREEZE,2022
TIFFIN,ZEPHYR,2021
TIFFIN,ZEPHYR,2022
TIFFIN,ALLEGRO BUS,2018
TIFFIN,ALLEGRO BUS,2019
TIFFIN,ALLEGRO BUS,2020
TIFFIN,ALLEGRO BUS,2021
TIFFIN,ALLEGRO BUS,2022
TIFFIN,ALLEGRO BAY,2022
TIFFIN,ALLEGRO OPEN ROAD,2021
TIFFIN,ALLEGRO OPEN ROAD,2022
TIFFIN,CAHABA,2021
TIFFIN,ALLEGRO,2023
TIFFIN,ALLEGRO RED,2023
TIFFIN,PHAETON,2023
TIFFIN,MIDAS,2022
TIFFIN,ALLEGRO BREEZE,2023
TIFFIN,ALLEGRO BUS,2023
TIFFIN,ALLEGRO BAY,2023
TIFFIN,RED 340,2023
TIFFIN,RED 360,2023
TIFFIN,RED 360,2022
TIFFIN,MIDAS,2023
TIFFIN,ZEPHYR,2023
TIFFIN,ALLEGRO BREEZE,2024
TIFFIN,PHAETON,2024
TIFFIN,ALLEGRO RED,2024
TIFFIN,ALLEGRO BAY,2024
TIFFIN,BUS,2012
TIFFIN,ALLEGRO,2024
TIFFIN,MIDAS,2024
TIFFIN,ZEPHYR,2024
TIFFIN,ALLEGRO BUS,2024
TIFFIN,ALLEGRO BUS,2016
FREIGHTLINER,CASCADIA FIFTH GEN,2026
KIA,EV6,2025
REVOLUTION MIXERS,BRIDGEMASTER 14 YARD,2024
MAZDA,CX-50,2025
MAZDA,RX-8,2011
MAZDA,RX-8,2005
MAZDA,RX-8,2004
MAZDA,RX-8,2006
MAZDA,RX-8,2007
MAZDA,RX-8,2008
MAZDA,RX-8,2009
MAZDA,RX-8,2010
FORD,F-350,2021
FORD,F-250,2021
KENWORTH,W900,2025
KENWORTH,W900,2024
BMW,X6 M,2020
BMW,M8,2020
BMW,750E,2024
HONDA,ACCORD HYBRID,2017
HONDA,PILOT,2015
HONDA,PILOT,2013
HONDA,PILOT,2014
HONDA,ODYSSEY,2015
HONDA,ODYSSEY,2013
HONDA,ODYSSEY,2016
HONDA,ODYSSEY,2014
ALFA ROMEO,TONALE,2026
JEEP,GRAND CHEROKEE 4XE,2026
JEEP,GRAND CHEROKEE L,2026
JEEP,GRAND CHEROKEE,2026
DODGE,CHARGER,2026
JEEP,WAGONEER S,2026
JEEP,RECON,2026
VERMEER,CSGT,2020
VERMEER,CSSK,2021
VERMEER,CSSK,2025
VERMEER,CVGT,2020
VERMEER,CVSGSK,2025
VERMEER,CVGT,2025
VERMEER,CVGTLC,2020
VERMEER,CVSGSK,2021
VERMEER,MINICOMBO,2020
VERMEER,LPXDT,2020
VERMEER,LPSDT,2020
VERMEER,LPSDSK,2025
VERMEER,LPSDSK,2021
VERMEER,LPMINISK,2020
VERMEER,JTV873PTO,2025
VERMEER,HTV873PTO,2025
VERMEER,CVSGT,2020
HARLEY-DAVIDSON,SE OHLINS INVERTED FORKS,9999
TESLA,MODEL Y,2025
TESLA,MODEL S,2015
TESLA,MODEL S,2012
TESLA,MODEL S,2013
TESLA,MODEL S,2014
TESLA,MODEL S,2016
TESLA,MODEL S,2017
TESLA,MODEL S,2018
TESLA,MODEL S,2019
TESLA,MODEL S,2020
TESLA,MODEL X,2019
TESLA,MODEL X,2020
TESLA,SEMI,2022
TESLA,SEMI,2025
TESLA,MODEL 3,2017
TESLA,MODEL Y,2020
TESLA,MODEL 3,2025
TESLA,MODEL 3,2021
TESLA,MODEL 3,2023
TESLA,MODEL 3,2022
TESLA,MODEL 3,2020
TESLA,MODEL 3,2019
TESLA,MODEL 3,2018
ROSENBAUER,AERIAL,2024
ROSENBAUER,AERIAL,2023
ROSENBAUER,AERIAL,2022
LAMBORGHINI,URUS,2020
LAMBORGHINI,URUS,2019
FORD,MUSTANG,2015
FORD,MUSTANG,2016
FORD,MUSTANG,2017
FCCC,S2RV,2021
FCCC,S2,2021
FCCC,S2RV,2025
FCCC,S2RV,2024
FCCC,S2,2025
FCCC,S2,2024
FCCC,S2,2023
FCCC,S2RV,2023
FCCC,S2RV,2022
FCCC,S2,2022
FCCC,S2RV,2020
FCCC,S2,2020
WESTERN STAR,6900,2021
WESTERN STAR,6900,2023
AUDI,RS 3,2026
INTERNATIONAL,CV,2024
BENTLEY,FLYING SPUR,2026
MCI,D45CRT,2025
MCI,D4020ISTV,2025
MCI,D4520,2024
MCI,D4020ISTV,2024
MCI,D45CRTLE,2024
MCI,J4500,2026
MCI,D4520,2025
MCI,D45CRTLE,2025
MCI,D4500,2024
MCI,D45CRT,2024
VOLVO,XC40BEV,2024
VOLVO,C40BEV,2022
VOLVO,C40BEV,2023
VOLVO,C40BEV,2024
VOLVO,C40BEV,2025
VOLVO,XC90PHEV,2026
VOLVO,XC90MHEV,2026
VOLVO,V60CCMHEV,2026
VOLVO,V90CCMHEV,2026
VOLVO,XC40MHEV,2026
VOLVO,XC60MHEV,2026
VOLVO,S90MHEV,2026
VOLVO,EX90,2026
PLEASURE WAY,EXCEL,2003
VOLVO,XC60PHEV,2026
VOLVO,V60PHEV,2026
VOLVO,S90PHEV,2026
VOLVO,V60MHEV,2026
VOLVO,EX30,2026
VOLVO,EC40,2026
VOLVO,XC40BEV,2026
VOLVO,V60CCPHEV,2026
POLESTAR,POLESTAR 2,2026
POLESTAR,POLESTAR 3,2026
POLESTAR,POLESTAR 1,2021
POLESTAR,POLESTAR 4,2025
POLESTAR,POLESTAR 4,2026
POLESTAR,POLESTAR 1,2020
HONDA,PILOT,2020
HONDA,PILOT,2021
HONDA,RIDGELINE,2021
HONDA,PILOT,2016
HONDA,RIDGELINE,2020
HONDA,PASSPORT,2020
HONDA,PASSPORT,2021
HONDA,PASSPORT,2019
KIA,FORTE KOUP,2011
KIA,FORTE KOUP,2010
KIA,SORENTO PHEV,2021
TOYOTA,BZ,2026
TOYOTA,YARIS,2026
EMBER,E-SERIES,2026
NEW FLYER,XD35,2021
NEW FLYER,XD35,2020
NEW FLYER,XD35,2023
NEW FLYER,XDE35,2024
THOR MOTOR COACH,CHALLENGER,2022
THOR MOTOR COACH,HURRICANE,2016
THOR MOTOR COACH,MIRAMAR,2016
THOR MOTOR COACH,WINDSPORT,2017
THOR MOTOR COACH,HURRICANE,2017
FIAT,500,2017
FIAT,500X,2015
FIAT,500,2012
FIAT,500,2013
FIAT,500,2014
FIAT,500,2016
FIAT,500,2018
FIAT,500,2015
FIAT,500L,2019
FIAT,500L,2018
FIAT,500,2019
FIAT,500L,2020
CHEVROLET,TRAVERSE,2026
CHEVROLET,M/L,2002
CHEVROLET,M/L,2001
CHEVROLET,MALIBU MAXX,2004
CHEVROLET,MALIBU CLASSIC,2002
CHEVROLET,MALIBU CLASSIC,2001
BUICK,RAINIER,2003
CHEVROLET,ALERO EXPORT,2002
CHEVROLET,ALERO EXPORT,2001
CADILLAC,XLR,2003
CADILLAC,STS,2004
CADILLAC,STS,2003
CADILLAC,STS,2002
CADILLAC,SLS,2004
CADILLAC,SLS,2002
CHEVROLET,C6500,2003
CHEVROLET,C6500,2004
CHEVROLET,C7500,2003
CHEVROLET,C7500,2004
CHEVROLET,C8500,2003
CHEVROLET,C8500,2004
CHEVROLET,C SERIES,2003
CHEVROLET,C SERIES,2004
CHEVROLET,F SERIES,2004
CHEVROLET,G VAN BUS,2001
CHEVROLET,G VAN BUS,2002
CHEVROLET,G VAN BUS,2003
CHEVROLET,G VAN BUS,2004
CHEVROLET,MOTOR HOME,2002
CHEVROLET,ROADTREK,2002
CHEVROLET,T6500,2001
CHEVROLET,T6500,2002
CHEVROLET,T6500,2004
CHEVROLET,T7500,2004
CHEVROLET,T8500,2004
CHEVROLET,T SERIES,2003
CHEVROLET,T SERIES,2004
CHEVROLET,C7500,2002
CHEVROLET,CAPRICE,2003
CHEVROLET,CAPRICE,2004
CHEVROLET,CHEVY VAN,2003
CHEVROLET,CLASSIC,2004
CHEVROLET,COBALT,2002
CHEVROLET,CONVENTIONAL,2003
CHEVROLET,DENALI,2002
CHEVROLET,DENALI,2003
CHEVROLET,DENALI,2004
CHEVROLET,EXPLORER,2002
GMC,W5500,2004
GMC,W5500,2003
GMC,TOPKICK,2002
GMC,TOPKICK,2001
GMC,T8500,2004
GMC,T7500,2004
GMC,T6500,2004
GMC,G VAN BUS,2004
GMC,G VAN BUS,2003
GMC,G VAN BUS,2002
GMC,G VAN BUS,2001
GMC,F SERIES,2004
GMC,C SERIES,2004
GMC,C SERIES,2003
GMC,C SERIES,2002
GMC,C SERIES,2001
GMC,C8500,2004
GMC,C8500,2003
GMC,C7500,2004
GMC,C7500,2003
GMC,C6500,2004
GMC,C6500,2003
CHEVROLET,W5500,2004
CHEVROLET,G1500,2003
CHEVROLET,G1500,2004
CHEVROLET,G25,2002
CHEVROLET,G2500,2003
CHEVROLET,G2500,2004
CHEVROLET,G30,2002
CHEVROLET,G35,2002
CHEVROLET,G3500,2003
CHEVROLET,G3500,2004
CHEVROLET,G SERIES,2002
CHEVROLET,G SERIES,2003
CHEVROLET,G VAN,2001
CHEVROLET,G VAN,2002
CHEVROLET,H SERIES,2001
CHEVROLET,INCOMPLETE/CUTAWAY C3,2001
CHEVROLET,INCOMPLETE/CUTAWAY C3,2002
CHEVROLET,INCOMPLETE/CUTAWAY C3,2003
CHEVROLET,INCOMPLETE/CUTAWAY C3,2004
CHEVROLET,L SERIES,2001
CHEVROLET,L SERIES,2002
CHEVROLET,LUMINA,2002
CHEVROLET,LUMINA APV,2001
CHEVROLET,L VAN,2001
CHEVROLET,C7500,2001
CHEVROLET,F SERIES,2001
CHEVROLET,DENALI,2001
BUICK,RENDEZVOUS,2001
CHEVROLET,F7,2001
CHEVROLET,F6,2001
CHEVROLET,B SERIES,2001
CADILLAC,STS,2001
CHEVROLET,CONVENTIONAL,2001
CHEVROLET,CHEVY VAN,2001
CHEVROLET,G35,2001
CHEVROLET,G30,2001
CHEVROLET,G25,2001
CHEVROLET,G SERIES,2001
CHEVROLET,C6500,2001
CHEVROLET,B7,2001
CHEVROLET,C10,2001
CADILLAC,ESCALADE EXT 1500,2002
CADILLAC,ESCALADE EXT 1500,2003
CADILLAC,ESCALADE EXT 1500,2004
CHEVROLET,L VAN,2002
CADILLAC,DTS,2004
CADILLAC,CTS-V,2004
CADILLAC,CATERA,2003
CADILLAC,CATERA,2002
CADILLAC,CATERA,2001
CHEVROLET,C6500,2002
CHEVROLET,BERETTA,2002
CHEVROLET,B7,2002
CHEVROLET,AVEO,2004
CHEVROLET,P SERIES,2002
CHEVROLET,P SERIES,2001
CHEVROLET,OPTRA,2004
CHEVROLET,M VAN,2002
CHEVROLET,M VAN,2001
CHEVROLET,M SERIES,2002
CHEVROLET,M SERIES,2001
CHEVROLET,SONOMA,2001
CHEVROLET,SONOMA,2002
CHEVROLET,SONOMA,2003
CHEVROLET,S/T BLAZER,2001
CHEVROLET,S/T BLAZER,2002
CHEVROLET,S/T BLAZER,2003
CHEVROLET,S/T BLAZER,2004
CHEVROLET,TOPKICK,2002
CHEVROLET,TRAILBLAZER,2001
CHEVROLET,TRAILBLAZER 360,2002
CHEVROLET,TRAILBLAZER 360,2003
CHEVROLET,TRAILBLAZER 360,2004
CHEVROLET,TRAILBLAZER EXT,2002
CHEVROLET,TRAILBLAZER EXT,2003
CHEVROLET,TRAILBLAZER EXT,2004
CHEVROLET,TRAILBLAZER EXT 370,2002
CHEVROLET,TRAILBLAZER EXT 370,2003
CHEVROLET,TRAILBLAZER EXT 370,2004
CHEVROLET,TRANS SPORT,2001
CHEVROLET,TRANS SPORT,2002
CHEVROLET,VAN,2001
CHEVROLET,VAN,2002
CHEVROLET,V SERIES,2001
CHEVROLET,W3500,2001
CHEVROLET,W3500,2003
CHEVROLET,W3500,2004
CHEVROLET,W4500,2001
CHEVROLET,W4500,2003
CHEVROLET,W4500,2004
CHEVROLET,W5500,2001
CHEVROLET,W5500,2002
CHEVROLET,W-SERIES,2001
CHEVROLET,W-SERIES,2002
CHEVROLET,W-SERIES,2003
CHEVROLET,W-SERIES,2004
CHEVROLET,YUKON,2001
CHEVROLET,YUKON,2002
CHEVROLET,YUKON,2003
GMC,B7,2001
GMC,B7,2002
GMC,B SERIES,2001
GMC,C6500,2001
GMC,C6500,2002
GMC,C7500,2001
GMC,C7500,2002
GMC,CONVENTIONAL,2001
GMC,CONVENTIONAL,2003
GMC,DENALI,2001
GMC,DENALI,2002
GMC,DENALI,2003
GMC,DIAMOND EDITION,2001
GMC,ENVOY 360,2002
GMC,ENVOY 360,2003
GMC,ENVOY 360,2004
GMC,ENVOY XL,2002
GMC,ENVOY XL,2003
GMC,ENVOY XL,2004
GMC,ENVOY XL 370,2002
GMC,ENVOY XL 370,2003
GMC,ENVOY XL 370,2004
GMC,ENVOY XUV,2003
GMC,ENVOY XUV,2004
GMC,EXPRESS SAVANNAH,2001
GMC,F6,2001
GMC,F7,2001
GMC,F SERIES,2001
GMC,G1500,2003
GMC,G1500,2004
GMC,G25,2001
GMC,G25,2002
GMC,G2500,2003
GMC,G2500,2004
GMC,G35,2001
GMC,G35,2002
GMC,G3500,2003
GMC,G3500,2004
GMC,GM,2001
GMC,GM,2002
GMC,G SERIES,2001
GMC,G SERIES,2002
GMC,G SERIES,2003
GMC,G VAN,2001
GMC,G VAN,2002
GMC,INCOMPLETE/CUTAWAY C3,2001
GMC,INCOMPLETE/CUTAWAY C3,2002
GMC,INCOMPLETE/CUTAWAY C3,2003
GMC,INCOMPLETE/CUTAWAY C3,2004
GMC,JIMMY,2002
GMC,JIMMY,2003
GMC,JIMMY,2004
GMC,L SERIES,2001
GMC,L SERIES,2002
GMC,L SERIES,2003
GMC,L VAN,2001
GMC,L VAN,2002
GMC,M/L SERIES,2001
GMC,M/L SERIES,2002
GMC,M/L VAN,2001
GMC,M SERIES,2001
GMC,M SERIES,2002
GMC,M VAN,2001
GMC,M VAN,2002
GMC,P SERIES,2001
GMC,P SERIES,2002
GMC,S15,2001
GMC,S15,2002
GMC,SAFARI (GMC),2001
GMC,SAFARI (GMC),2002
GMC,SAFARI (GMC),2003
GMC,SAFARI (GMC),2004
GMC,SONOMA,2001
GMC,SONOMA,2002
GMC,SONOMA,2003
GMC,SONOMA,2004
GMC,SONOMA CREW,2001
GMC,SONOMA CREW,2002
GMC,SONOMA CREW,2003
GMC,SONOMA CREW,2004
GMC,S/T JIMMY,2001
GMC,SUBURBAN,2002
GMC,TAHOE,2001
GMC,TAHOE,2002
GMC,TOPKICK,2003
GMC,TOPKICK,2004
GMC,W3500,2001
GMC,W3500,2003
GMC,W3500,2004
GMC,W4500,2001
GMC,W4500,2003
GMC,W4500,2004
GMC,W5500,2001
GMC,W5500,2002
GMC,W-SERIES,2001
GMC,W-SERIES,2002
GMC,W-SERIES,2003
GMC,W-SERIES,2004
GMC,YUKON,2001
GMC,YUKON,2002
GMC,YUKON DENALI,2001
GMC,YUKON DENALI,2002
HUMMER,H1,2003
HUMMER,H3,2003
HUMMER,H3,2004
OLDSMOBILE,CUTLASS,2001
OPEL,VECTRA,2003
PONTIAC,G6,2003
PONTIAC,G6,2004
PONTIAC,GTO,2004
PONTIAC,TRANS AM,2001
PONTIAC,TRANS AM,2002
PONTIAC,TRANS SPORT,2001
PONTIAC,TRANS SPORT,2002
PONTIAC,TRANS SPORT,2003
PONTIAC,VIBE,2001
PONTIAC,VIBE,2002
SAAB,9-3,2001
SAAB,9-3,2002
SAAB,9-3,2003
SAAB,9-3,2004
SAAB,9-5,2001
SAAB,9-5,2002
SAAB,9-5,2003
SAAB,9-5,2004
SATURN,L200,2003
SATURN,L200,2004
SATURN,L300,2003
SATURN,L300,2004
SATURN,LS,2001
SATURN,LS,2002
SATURN,LS,2003
SATURN,LW200,2001
SATURN,LW200,2002
SATURN,LW200,2003
SATURN,LW200,2004
SATURN,LW300,2003
SATURN,SC,2001
SATURN,SC,2002
SATURN,SL,2001
SATURN,SL,2002
SATURN,SW,2001
CHEVROLET,MALIBU CLASSIC,2004
CHEVROLET,MALIBU CLASSIC,2003
FORD,F-750 SD,2021
FORD,F-650 SD,2021
GRAND DESIGN,LINEAGE,2025
GRAND DESIGN,LINEAGE,2026
ALTEC,AH SERIES,2024
ALTEC,AH SERIES,2022
ALTEC,AH SERIES,2023
ALTEC,AH SERIES,2020
ALTEC,AH SERIES,2021
ALTEC,AH SERIES,2025
BMW,760I,2025
BMW,230I,2020
MINI,COUNTRYMAN,2020
MINI,COOPER,2020
MINI,CLUBMAN,2020
BMW,640I,2020
BMW,8 SERIES,2023
BENTLEY,CONTINENTAL GTC,2026
BENTLEY,CONTINENTAL GT,2026
BLUE BIRD,VISION SCHOOL BUS,2024
BLUE BIRD,VISION SCHOOL BUS,2026
BLUE BIRD,VISION SCHOOL BUS,2022
BLUE BIRD,VISION SCHOOL BUS,2021
BLUE BIRD,VISION SCHOOL BUS,2025
BLUE BIRD,VISION SCHOOL BUS,2023
FORD,E-TRANSIT,2022
BENTLEY,BENTAYGA HYBRID,2026
BENTLEY,BENTAYGA,2026
CHRYSLER,VOYAGER,2026
CHRYSLER,PACIFICA PLUG-IN HYBRID,2026
CHRYSLER,PACIFICA,2026
DODGE,DURANGO,2026
RAM,3500,2026
RAM,5500,2026
RAM,2500,2026
RAM,4500,2026
TIFFIN,GH1,2026
MERCEDES-BENZ,CLA 250,2025
BMW,R 1300 RT,2026
BMW,R 1300 RS,2026
BMW,R 1300 R,2026
BMW,X1,2017
BMW,X1,2016
BMW,750LI,2020
BMW,M850I,2019
MINI,CLUBMAN,2016
MINI,COUNTRYMAN,2018
MINI,COUNTRYMAN,2017
MINI,COOPER,2016
MINI,COOPER,2015
MINI,COOPER,2014
MINI,COOPER,2017
MINI,CLUBMAN,2017
PURPLE LINE,OPUS CAMPER,2020
ALTEC,AT SERIES,2025
ALTEC,AT SERIES,2024
BMW,M 1000 R,2023
BMW,M 1000 RR,2022
BMW,S 1000 R,2023
BMW,S 1000 XR,2023
TIFFIN,GH2,2026
TIFFIN,GH1,2024
JERR-DAN,MEDUIM DUTY CARRIER,2024
JERR-DAN,LIGHT DUTY CARRIER,2024
FORD,E-TRANSIT CHASSIS,2025
FORD,E-TRANSIT CHASSIS,2024
HARLEY-DAVIDSON,FLHCS ANV,2019
HARLEY-DAVIDSON,FLHCS ANV,2022
HARLEY-DAVIDSON,FLHCS ANV,2021
HARLEY-DAVIDSON,FLHCS ANV,2020
FORD,F-150 HYBRID,2022
FORD,F-150 HYBRID,2021
FORD,F-150 HYBRID,2023
FREIGHTLINER,ECONIC SD,2023
FREIGHTLINER,ECONIC SD,2025
FCCC,MBC,2022
NITEHAWK,RAPTOR II,2023
NITEHAWK,RAPTOR II,2022
NITEHAWK,RAPTOR II,2025
NITEHAWK,RAPTOR II,2021
NITEHAWK,RAPTOR II,2024
WINNEBAGO,THRIVE,2026
VOLVO,VN,2003
VOLVO,VHD,2001
VOLVO,VHD,2002
VOLVO,VHD,2003
VOLVO,VT,2007
VOLVO,VT,2008
VOLVO,VT,2006
VOLVO,VT,2009
VOLVO,VT,2010
VOLVO,VN,2001
VOLVO,VN,2002
VOLVO,VN,2004
VOLVO,VN,2005
VOLVO,VN,2006
MACK,CHN,2002
MACK,CH,2001
MACK,CH,2003
MACK,CH,2002
MACK,CHN,2006
MACK,CV,2004
MACK,CL,2002
MACK,RD,2002
MACK,CX,2004
MACK,CX,2003
MACK,CX,2002
MACK,MRU,2010
MACK,RD,2003
MACK,RB,2003
MACK,MRU,2009
MACK,MRU,2007
MACK,CL,2008
MACK,MRU,2008
MACK,RB,2005
MACK,RB,2004
MACK,CV,2008
MACK,CT,2008
MACK,CX,2006
MACK,CX,2007
MACK,CL,2007
MACK,MR,2007
MACK,CV,2007
MACK,CT,2007
MACK,MR,2006
MACK,CV,2006
MACK,CL,2006
MACK,RD,2004
MACK,RD,2005
MACK,MR,2005
MACK,CV,2005
MACK,CT,2006
MACK,CT,2005
MACK,CT,2004
MACK,CX,2005
MACK,MR,2004
MACK,MR,2003
MACK,CV,2002
MACK,CX,2001
MACK,CV,2001
MACK,RB,2002
MACK,CL,2001
MACK,RD,2001
MACK,RB,2001
MACK,MR,2001
MACK,CHN,2008
MACK,CH,2005
MACK,CH,2004
MACK,CL,2003
MACK,CL,2004
MACK,CL,2005
MACK,CH,2006
MACK,CHU,2006
MACK,PINNACLE (PI/PN),2025
MACK,CHN,2007
MACK,LE,2007
MACK,LE,2006
MACK,LE,2005
MACK,LE,2004
MACK,LE,2003
MACK,LE,2002
MACK,LE,2001
MACK,CH,2007
MACK,CHN,2005
MACK,CHN,2004
MACK,CHN,2003
VOLKSWAGEN,ID. BUZZ,2026
KENWORTH,L770,2025
KENWORTH,W990,2023
KENWORTH,T880,2023
KENWORTH,L770,2024
PETERBILT,567,2026
PETERBILT,589,2026
MCLAREN,600LT,2021
MCLAREN,600LT,2025
MCLAREN,600LT,2022
MCLAREN,600LT,2024
MCLAREN,600LT,2023
KZRV,SIENNA,2026
KZRV,SPORTSMEN,2026
AUDI,SQ6 E-TRON,2025
AUDI,S8 PLUS,2017
FOREST RIVER,BERKSHIRE,2016
FOREST RIVER,BERKSHIRE,2009
FOREST RIVER,BERKSHIRE,2015
FOREST RIVER,BERKSHIRE,2018
MAZDA,MAZDA3,2026
APRILIA,RS 457,2026
APRILIA,RS 457,2025
FORETRAVEL,REALM PRESIDENTIAL,2024
FORETRAVEL,REALM PRESIDENTIAL,2026
LAND ROVER,RANGE ROVER EVOQUE,2025
PORSCHE,TAYCAN,2026
PORSCHE,PANAMERA 4 E-HYBRID,2026
PORSCHE,CAYENNE COUPE,2026
PORSCHE,CAYENNE,2026
PORSCHE,CAYENNE E-HYBRID,2026
PORSCHE,911,2026
PORSCHE,MACAN,2026
ALLISON,2000 SERIES TRANSMISSION,9999
ALLISON,1000 SERIES TRANSMISSION,9999
TOYOTA,GR86,2025
LEXUS,IS,2008
LEXUS,IS,2009
HONDA,HR-V,2026
MITSUBISHI,MIRAGE,2014
MITSUBISHI,MIRAGE,2015
MITSUBISHI,MIRAGE,2017
MITSUBISHI,MIRAGE,2018
MITSUBISHI,MIRAGE,2019
MITSUBISHI,MIRAGE,2020
MITSUBISHI,MIRAGE,2021
MITSUBISHI,MIRAGE,2022
MITSUBISHI,MIRAGE,2023
MITSUBISHI,MIRAGE G4,2017
MITSUBISHI,MIRAGE G4,2018
MITSUBISHI,MIRAGE G4,2019
MITSUBISHI,MIRAGE G4,2020
MITSUBISHI,MIRAGE G4,2021
MITSUBISHI,MIRAGE G4,2022
MITSUBISHI,MIRAGE G4,2023
HONDA,ACCORD,2026
HONDA,CIVIC,2018
HONDA,CIVIC,2017
HONDA,CIVIC,2016
HONDA,CIVIC,2020
HONDA,CIVIC,2026
HONDA,CIVIC,2021
HONDA,CIVIC,2019
HONDA,CR-V,2018
HONDA,CR-V,2017
HONDA,CR-V,2019
HONDA,CR-V,2020
HONDA,CR-V,2021
HONDA,CR-V,2022
HONDA,CR-V,2026
HONDA,RIDGELINE,2022
PLEASURE WAY,EXCEL,2013
ALTEC,AC65,2024
ALTEC,AC65,2025
ENTEGRA,EXPANSE,2024
ENTEGRA,CONDOR,2024
ENTEGRA,EXPANSE,2023
ENTEGRA,ACCOLADE,2024
CADILLAC,CT6 PLUG-IN HYBRID,2017
CADILLAC,CT6 PLUG-IN HYBRID,2018
BMW,328D,2018
BMW,328D,2016
BMW,328D,2015
BMW,X3,2015
BMW,X3,2016
BMW,328D,2014
BMW,328D,2017
BENDIX,TABS-6 TRAILER ABS STANDA,9999
BMW,535D,2014
BMW,535D,2016
BMW,X5,2015
BMW,535D,2015
BMW,740LD,2015
BENDIX,ECOCOMPRESSOR,9999
FIAT,500E,2025
KTM,390 DUKE,2025
KTM,390 ENDURO R,2025
KTM,390 ADVENTURE R,2025
KTM,390 ADVENTURE X,2025
KTM,390 SMC R,2025
COTTRELL,2-CAR DU,2024
COTTRELL,2-CAR DUXL,2024
COTTRELL,2-CAR DUXL,2023
COTTRELL,2-CAR DU,2022
COTTRELL,2-CAR DU,2021
COTTRELL,2-CAR DU,2020
COTTRELL,2-CAR DU,2023
COTTRELL,CX5308LS,2024
COTTRELL,CX5308LS,2023
COTTRELL,1-CAR,2021
COTTRELL,1-CAR,2019
COTTRELL,1-CAR CARRIER,9999
COTTRELL,1-CAR,2020
COTTRELL,CX9ENCFA,2026
COTTRELL,CX09LSFA3,2026
COTTRELL,CX09LSFASD3,2026
COTTRELL,4-CAR CSFA,9999
ZERO,DSR/X,2024
ZERO,DS,2024
ZERO,DSRP,2024
ZERO,DSR,2024
MERCEDES-BENZ,GLA 250 4MATIC,2024
HONDA,CIVIC HYBRID,2026
HONDA,CR-V HYBRID,2026
HONDA,PASSPORT,2026
ACURA,MDX,2026
ACURA,ADX,2025
HONDA,NPS50,2020
HONDA,NPS50,2023
HONDA,NPS50,2021
HONDA,NPS50,2017
HONDA,NPS50,2024
HONDA,NPS50,2022
HONDA,NPS50,2018
HONDA,NPS50,2019
HONDA,GROM125,2025
HONDA,GROM125,2023
HONDA,GROM125,2020
HONDA,GROM125,2024
HONDA,GROM125,2022
HONDA,GROM125,2026
COACHMEN,BEYOND,2022
FOREST RIVER BUS,MOBILITY TRANS SAFETBUS,2025
FOREST RIVER BUS,MOBILITY TRANS SAFETBUS,2023
FOREST RIVER BUS,MAGELLAN SCHOOL BUS,2025
FOREST RIVER BUS,ELDORADO,2023
FOREST RIVER BUS,GLAVAL ENTOURAGE,2024
FOREST RIVER BUS,COLLINS BUS,2024
FOREST RIVER BUS,COLLINS SCHOOL BUS,2025
FOREST RIVER BUS,SENATOR II,2023
FOREST RIVER BUS,SENATOR II,2025
ALFA ROMEO,4C,2015
ALFA ROMEO,4C,2016
ALFA ROMEO,4C,2017
ALFA ROMEO,4C,2018
ALFA ROMEO,4C,2019
ALFA ROMEO,4C,2020
FIAT,124 SPIDER,2017
FIAT,124 SPIDER,2018
FIAT,124 SPIDER,2019
FIAT,124 SPIDER,2020
DODGE,VIPER,2017
DODGE,VIPER,2016
DODGE,VIPER,2015
DODGE,VIPER,2014
DODGE,VIPER,2013
DODGE,DART,2015
DODGE,DART,2014
DODGE,DART,2013
DODGE,CHALLENGER,2014
DODGE,CHALLENGER,2013
JEEP,GRAND CHEROKEE,2007
JEEP,GRAND CHEROKEE,2006
JEEP,GRAND CHEROKEE,2010
JEEP,PATRIOT,2006
JEEP,COMPASS,2006
DODGE,DURANGO,2010
DODGE,DURANGO,2006
DODGE,DURANGO,2005
DODGE,DURANGO,2004
DODGE,DURANGO,2003
DODGE,DURANGO,2002
DODGE,DURANGO,2001
JEEP,GRAND CHEROKEE,2009
JEEP,GRAND CHEROKEE,2001
JEEP,GRAND CHEROKEE,2002
JEEP,GRAND CHEROKEE,2003
JEEP,GRAND CHEROKEE,2004
JEEP,GRAND CHEROKEE,2005
JEEP,GRAND CHEROKEE,2008
CHRYSLER,200,2008
CHRYSLER,200,2009
HONDA,CIVIC HATCHBACK,2025
HONDA,CIVIC TYPE R,2019
HONDA,CIVIC TYPE R,2018
HONDA,CIVIC TYPE R,2020
HONDA,CIVIC TYPE R,2021
HONDA,CIVIC TYPE R,2017
BMW,M4,2021
BMW,M2,2022
BMW,M2,2020
BMW,430I,2022
BMW,M2,2021
BMW,M2,2023
BMW,M3,2021
BMW,840I,2022
BMW,840I,2023
BMW,840I,2021
THOR MOTOR COACH,FREEDOM ELITE VAN,2026
THOR MOTOR COACH,FREEDOM ELITE VAN,2025
THOR MOTOR COACH,COLEMAN VAN,2025
THOR MOTOR COACH,COLEMAN VAN,2026
FONTAINE,MAGNITUDE,2025
FONTAINE,MAGNITUDE,2024
FONTAINE,MAGNITUDE,2022
FONTAINE,MAGNITUDE,2023
ALTEC,AT SERIES,2021
ALTEC,T40P,2021
ALTEC,AT SERIES,2023
ALTEC,AT SERIES,2022
ALTEC,T40P,2024
ALTEC,T40P,2023
ALTEC,T40P,2022
NEW FLYER,XHE40,2017
NEW FLYER,XHE60,2021
NEW FLYER,XHE40,2021
NEW FLYER,XHE40,2022
NEW FLYER,XHE40,2019
NEW FLYER,XHE60,2015
NEW FLYER,XHE40,2018
NEW FLYER,XHE40,2020
NEW FLYER,XHE60,2020
NEW FLYER,XHE60,2016
NEW FLYER,XHE60,2017
NEW FLYER,XHE40,2016
KOENIGSEGG,REGERA,2021
KOENIGSEGG,REGERA,2019
KOENIGSEGG,REGERA,2020
FORD,F-250 SD,2026
FORD,F-350 SD,2026
FORD,F-450 SD,2026
FORD,F-550 SD,2026
VOLVO,VHD,2026
VOLVO,VAH,2026
VOLVO,VNRE (ELECTRIC),2026
MACK,ANTHEM AN (4),2026
MACK,TERRAPRO (TE),2026
MACK,PINNACLE (PI/PN),2026
MACK,PIONEER PR (4),2026
MACK,LR,2026
MACK,LRBE (ELECTRIC),2026
IC BUS,TC,2019
IC BUS,TC,2020
IC BUS,TC,2023
IC BUS,TC,2024
IC BUS,CECB,2024
IC BUS,TC,2018
IC BUS,TC,2025
FCCC,XC CHASSIS,2022
FCCC,XC CHASSIS,2017
FCCC,XC CHASSIS,2018
FCCC,XC CHASSIS,2019
FCCC,XC CHASSIS,2020
FCCC,XC CHASSIS,2021
FCCC,XC CHASSIS,2026
FORD,F-550 SD,2018
FORD,F-450 SD,2016
FORD,F-550 SD,2015
FORD,F-450 SD,2015
FORD,F-350 SD,2019
FORD,F-350 SD,2018
FORD,F-550 SD,2017
FORD,F-450 SD,2017
FORD,F-550 SD,2016
FORD,F-550 SD,2014
FORD,F-550 SD,2013
FORD,F-550 SD,2012
FORD,F-450 SD,2014
FORD,F-250 SD,2011
FORD,F-350 SD,2011
FORD,F-450 SD,2011
FORD,F-450 SD,2013
FORD,F-450 SD,2012
FORD,F-550 SD,2011
FORD,F-250 SD,2017
FORD,F-350 SD,2016
FORD,F-250 SD,2016
FORD,F-350 SD,2015
FORD,F-250 SD,2015
FORD,F-350 SD,2014
FORD,F-250 SD,2014
FORD,F-350 SD,2013
FORD,F-250 SD,2013
FORD,F-350 SD,2012
FORD,F-250 SD,2019
FORD,F-250 SD,2012
FORD,F-550 SD,2019
FORD,F-450 SD,2018
FORD,F-450 SD,2019
FORD,F-250 SD,2018
FORD,F-350 SD,2017
BMW,IX XDRIVE45,2026
MIDWEST FIRE,ALL-POLY SERIES,2024
MIDWEST FIRE,ALL-POLY SERIES,2025
MERCEDES-BENZ,AMG GLC43 4MATIC COUPE,2024
MERCEDES-BENZ,AMG GLC43 4MATIC COUPE,2025
LINCOLN,CONTINENTAL,2017
LINCOLN,MKX,2016
LINCOLN,MKZ,2017
FORD,EDGE,2017
LINCOLN,MKX,2017
FORD,FUSION,2017
FORD,EDGE,2016
FORD,EDGE,2015
WINNEBAGO,JOURNEY,2023
WINNEBAGO,JOURNEY,2024
WINNEBAGO,JOURNEY,2022
STOUGHTON,REFRIGERATED TRAILER,2026
MERCEDES-BENZ,EQE 350+,2025
VERMEER,AX17,2022
VERMEER,AX17,2019
VERMEER,AX17,2025
VERMEER,AX17,2024
PACCAR,MX-13,2018
KENWORTH,T680,2018
KENWORTH,K370,2024
KENWORTH,K370,2022
KENWORTH,K270,2023
KENWORTH,K270,2022
KENWORTH,K370,2025
KENWORTH,K370,2023
KENWORTH,W990,2026
PETERBILT,579,2026
KENWORTH,L770,2026
KENWORTH,T680,2026
KENWORTH,T880,2026
PETERBILT,520,2026
FOREST RIVER,BERKSHIRE,2021
FOREST RIVER,BERKSHIRE,2017
PETERBILT,367,2020
PACCAR,MX-13,2019
KENWORTH,T800,2020
KENWORTH,T800,2019
KENWORTH,T680,2020
KENWORTH,T680,2019
KENWORTH,T800,2021
KENWORTH,T800,2022
KENWORTH,T880,2019
KENWORTH,T880,2020
KENWORTH,T880,2021
KENWORTH,T880,2022
KENWORTH,W900,2019
KENWORTH,W900,2020
KENWORTH,W900,2021
KENWORTH,W900,2022
PETERBILT,367,2019
PLEASURE WAY,ASCENT,2020
PLEASURE WAY,PLATEAU,2023
PLEASURE WAY,EXCEL,2009
TEREX,C5000,2022
MAZDA,CX-70,2026
MAZDA,CX-90,2026
AUDI,Q7,2016
MAZDA,CX-30,2026
MAZDA,CX-50,2026
MAZDA,CX-70 PLUG-IN HYBRID,2026
MAZDA,CX-90 PLUG-IN HYBRID,2026
MAZDA,MX-5,2026
MAZDA,CX-50 HYBRID,2026
VOLKSWAGEN,TIGUAN,2026
MAZDA,CX-5,2026
CUMMINS,C1000D6RE,9999
GMC,HUMMER EV SUV,2025
TRW,MASTER BRAKE CYLINDER,9999
MERCEDES-BENZ,GLC 300 4MATIC,2026
MERCEDES-BENZ,GLC 300,2026
MERCEDES-BENZ,GLC 300 4MATIC COUPE,2025
MERCEDES-BENZ,GLC 300 4MATIC COUPE,2024
MERCEDES-BENZ,GLC 300 4MATIC COUPE,2026
MCLAREN,GT,2025
MCLAREN,720S SPIDER,2024
MCLAREN,720S SPIDER,2025
MCLAREN,GTS,2020
MCLAREN,GTS,2021
MCLAREN,GTS,2022
MCLAREN,GTS,2023
BMW,K 1600 GT,2025
BMW,K 1600 GTL,2025
BMW,M 1000 RR,2025
BMW,K 1600 B,2025
ROLLS-ROYCE,CULLINAN,2020
ROLLS-ROYCE,CULLINAN,2025
ROLLS-ROYCE,CULLINAN,2022
ROLLS-ROYCE,CULLINAN,2021
BMW,XM,2025
BMW,M 1000 XR,2025
BMW,S 1000 XR,2025
APRILIA,RSV4 1100 E5+ FACTORY,2026
APRILIA,TUONO 1100 E5+ F,2026
APRILIA,RSV4 1100 E5+,2026
APRILIA,TUONO 1100 E5+,2026
SUTPHEN,SAI 110,2003
SUTPHEN,SPH 100,2002
SUTPHEN,SPH 100,2001
SUTPHEN,SPH 100,2013
SUTPHEN,SP 110,2009
SUTPHEN,SP 110,2008
SUTPHEN,SP 110,2007
SUTPHEN,SP 110,2006
SUTPHEN,SAI 110,2009
SUTPHEN,SAI 110,2008
SUTPHEN,SAI 110,2007
SUTPHEN,SAI 110,2006
SUTPHEN,SAI 110,2005
SUTPHEN,SPH 100,2014
SUTPHEN,SAI 110,2004
SUTPHEN,MINITOWER,2013
SUTPHEN,SP 110,2005
SUTPHEN,SPI 112,2002
SUTPHEN,SPI 112,2001
SUTPHEN,SAI 110,2002
SUTPHEN,SAI 110,2001
SUTPHEN,SAI 110,2012
SUTPHEN,SAI 110,2013
SUTPHEN,SAI 110,2014
SUTPHEN,FIRE TRUCK,2019
SUTPHEN,FIRE TRUCK,2020
SUTPHEN,FIRE TRUCK,2018
SUTPHEN,FIRE TRUCK,2017
SUTPHEN,FIRE TRUCK,2021
SUTPHEN,FIRE TRUCK,2014
SUTPHEN,FIRE TRUCK,2015
SUTPHEN,FIRE TRUCK,2016
SUTPHEN,SP 110,2010
SUTPHEN,SP 110,2011
SUTPHEN,SP 110,2012
SUTPHEN,SP 110,2013
SUTPHEN,SP 110,2014
SUTPHEN,SPI 112,2012
SUTPHEN,SPI 112,2013
SUTPHEN,SPI 112,2014
SUTPHEN,SPH 100,2006
SUTPHEN,SPH 100,2011
SUTPHEN,SPH 100,2012
SUTPHEN,SPH100,2013
SUTPHEN,SPH 100,2003
SUTPHEN,SP 110,2001
SUTPHEN,SP 110,2002
SUTPHEN,SP 110,2003
SUTPHEN,SP 110,2004
SUTPHEN,SPI 112,2003
SUTPHEN,SPI 112,2004
SUTPHEN,SPI 112,2005
SUTPHEN,SPI 112,2006
SUTPHEN,SPI 112,2007
SUTPHEN,SPI 112,2008
SUTPHEN,SPI 112,2009
SUTPHEN,SPI 112,2010
SUTPHEN,SPI 112,2011
SUTPHEN,SAI 110,2011
SUTPHEN,SAI 110,2010
SUTPHEN,SPH 100,2004
SUTPHEN,SPH 100,2007
SUTPHEN,SPH 100,2008
SUTPHEN,SPH 100,2005
SUTPHEN,SPH 100,2009
SUTPHEN,SPH 100,2010
FORD,E-350,2026
FORD,F-650,2026
MERCEDES-BENZ,AMG GLA 35 4MATIC,2024
HARLEY-DAVIDSON,XL883L,2013
HARLEY-DAVIDSON,VRSCF,2012
HARLEY-DAVIDSON,VRSCDX,2014
HARLEY-DAVIDSON,XG500,2015
HARLEY-DAVIDSON,XG750,2015
HARLEY-DAVIDSON,VRSCDX,2015
HARLEY-DAVIDSON,VRSCF,2013
HARLEY-DAVIDSON,VRSCDX,2016
HARLEY-DAVIDSON,XG500,2016
HARLEY-DAVIDSON,XG750,2016
HARLEY-DAVIDSON,XL1200X,2015
HARLEY-DAVIDSON,XL1200CX,2016
HARLEY-DAVIDSON,VRSCF,2014
HARLEY-DAVIDSON,VRSCF,2015
HARLEY-DAVIDSON,VRSCF,2016
HARLEY-DAVIDSON,VRSCF,2017
HARLEY-DAVIDSON,XL1200L,2011
HARLEY-DAVIDSON,XL1200N,2011
HARLEY-DAVIDSON,XL1200X,2011
HARLEY-DAVIDSON,XL883L,2011
HARLEY-DAVIDSON,XL883N,2011
HARLEY-DAVIDSON,XL883R,2011
HARLEY-DAVIDSON,XR1200X,2011
HARLEY-DAVIDSON,VRSCF,2011
HARLEY-DAVIDSON,XL1200CP,2011
HARLEY-DAVIDSON,VRSCDX,2012
HARLEY-DAVIDSON,XL883N,2012
HARLEY-DAVIDSON,VRSCDX,2013
HARLEY-DAVIDSON,XL883L,2012
HARLEY-DAVIDSON,XL1200X,2012
HARLEY-DAVIDSON,XL1200V,2012
HARLEY-DAVIDSON,XR1200X,2012
HARLEY-DAVIDSON,FXDWG,2012
HARLEY-DAVIDSON,XL1200X,2016
HARLEY-DAVIDSON,XL1200C,2014
HARLEY-DAVIDSON,XL1200T,2015
HARLEY-DAVIDSON,XL1200T,2016
HARLEY-DAVIDSON,XL1200C,2015
HARLEY-DAVIDSON,XL883L,2010
HARLEY-DAVIDSON,XL1200N,2010
HARLEY-DAVIDSON,VRSCAW,2010
HARLEY-DAVIDSON,VRSCDX,2010
HARLEY-DAVIDSON,VRSCF,2010
HARLEY-DAVIDSON,XL1200X,2010
HARLEY-DAVIDSON,XL883C,2010
HARLEY-DAVIDSON,XL883N,2010
HARLEY-DAVIDSON,XL1200C,2010
HARLEY-DAVIDSON,XL1200L,2010
HARLEY-DAVIDSON,XL883R,2010
HARLEY-DAVIDSON,XR1200,2010
HARLEY-DAVIDSON,XR1200X,2010
HARLEY-DAVIDSON,VRSCDX,2011
HARLEY-DAVIDSON,FLSTFI,2025
HARLEY-DAVIDSON,FLHXSE,2025
HARLEY-DAVIDSON,VRSCDX,2017
HARLEY-DAVIDSON,XL883L,2016
HARLEY-DAVIDSON,XL1200V,2016
HARLEY-DAVIDSON,XL1200C,2016
HARLEY-DAVIDSON,XL883N,2015
HARLEY-DAVIDSON,XL883L,2015
HARLEY-DAVIDSON,XL1200V,2015
HARLEY-DAVIDSON,XL883N,2014
HARLEY-DAVIDSON,XL883L,2014
HARLEY-DAVIDSON,XL1200X,2014
HARLEY-DAVIDSON,XL1200V,2014
HARLEY-DAVIDSON,XL1200T,2014
HARLEY-DAVIDSON,XL883N,2016
HARLEY-DAVIDSON,FLSTN,2005
HARLEY-DAVIDSON,FLSTNI,2005
HARLEY-DAVIDSON,FLHPI,2005
HARLEY-DAVIDSON,FLHPEI,2005
HARLEY-DAVIDSON,FLHX,2006
HARLEY-DAVIDSON,FLHXI,2006
HARLEY-DAVIDSON,FLHTCUSE,2006
HARLEY-DAVIDSON,FLHTCSE2,2005
HARLEY-DAVIDSON,FLHPEI,2001
HARLEY-DAVIDSON,FLHPEI,2002
HARLEY-DAVIDSON,FLHPEI,2003
HARLEY-DAVIDSON,FLHPEI,2004
HARLEY-DAVIDSON,FLHPI,2001
HARLEY-DAVIDSON,FLHPI,2002
HARLEY-DAVIDSON,FLHPI,2003
HARLEY-DAVIDSON,FLHPI,2004
HARLEY-DAVIDSON,FLHR,2001
HARLEY-DAVIDSON,FLHR,2002
HARLEY-DAVIDSON,FLHR,2003
HARLEY-DAVIDSON,FLHR,2004
HARLEY-DAVIDSON,FLHR,2005
HARLEY-DAVIDSON,FLHRCI,2001
HARLEY-DAVIDSON,FLHRCI,2002
HARLEY-DAVIDSON,FLHRCI,2003
HARLEY-DAVIDSON,FLHRCI,2004
HARLEY-DAVIDSON,FLHRCI,2005
HARLEY-DAVIDSON,FLHRI,2001
HARLEY-DAVIDSON,FLHRI,2002
HARLEY-DAVIDSON,FLHRI,2003
HARLEY-DAVIDSON,FLHRI,2004
HARLEY-DAVIDSON,FLHRI,2005
HARLEY-DAVIDSON,FLHRS,2004
HARLEY-DAVIDSON,FLHRS,2005
HARLEY-DAVIDSON,FLHRSEI,2002
HARLEY-DAVIDSON,FLHRSEI2,2003
HARLEY-DAVIDSON,FLHRSI,2004
HARLEY-DAVIDSON,FLHRSI,2005
HARLEY-DAVIDSON,FLHT,2001
HARLEY-DAVIDSON,FLHT,2002
HARLEY-DAVIDSON,FLHT,2003
HARLEY-DAVIDSON,FLHT,2004
HARLEY-DAVIDSON,FLHTC,2001
HARLEY-DAVIDSON,FLHTC,2002
HARLEY-DAVIDSON,FLHTC,2003
HARLEY-DAVIDSON,FLHTC,2004
HARLEY-DAVIDSON,FLHTC,2005
HARLEY-DAVIDSON,FLHTCI,2001
HARLEY-DAVIDSON,FLHTCI,2002
HARLEY-DAVIDSON,FLHTCI,2003
HARLEY-DAVIDSON,FLHTCI,2004
HARLEY-DAVIDSON,FLHTCI,2005
HARLEY-DAVIDSON,FLHTCSE,2004
HARLEY-DAVIDSON,FLHTCUI,2001
HARLEY-DAVIDSON,FLHTCUI,2002
HARLEY-DAVIDSON,FLHTCUI,2003
HARLEY-DAVIDSON,FLHTCUI,2004
HARLEY-DAVIDSON,FLHTCUI,2005
HARLEY-DAVIDSON,FLHTI,2003
HARLEY-DAVIDSON,FLHTI,2004
HARLEY-DAVIDSON,FLHTI,2005
HARLEY-DAVIDSON,FLHTPI,2001
HARLEY-DAVIDSON,FLHTPI,2002
HARLEY-DAVIDSON,FLHTPI,2003
HARLEY-DAVIDSON,FLSTC,2001
HARLEY-DAVIDSON,FLSTC,2002
HARLEY-DAVIDSON,FLSTCI,2001
HARLEY-DAVIDSON,FLSTCI,2002
HARLEY-DAVIDSON,FLSTF,2001
HARLEY-DAVIDSON,FLSTF,2002
HARLEY-DAVIDSON,FLSTFI,2001
HARLEY-DAVIDSON,FLSTFI,2002
HARLEY-DAVIDSON,FLSTFSE,2005
HARLEY-DAVIDSON,FLSTS,2001
HARLEY-DAVIDSON,FLSTS,2002
HARLEY-DAVIDSON,FLSTS,2003
HARLEY-DAVIDSON,FLSTS,2005
HARLEY-DAVIDSON,FLSTSC,2005
HARLEY-DAVIDSON,FLSTSCI,2005
HARLEY-DAVIDSON,FLSTSI,2001
HARLEY-DAVIDSON,FLSTSI,2002
HARLEY-DAVIDSON,FLSTSI,2003
HARLEY-DAVIDSON,FLTR,2001
HARLEY-DAVIDSON,FLTR,2002
HARLEY-DAVIDSON,FLTR,2003
HARLEY-DAVIDSON,FLTRI,2001
HARLEY-DAVIDSON,FLTRI,2002
HARLEY-DAVIDSON,FLTRI,2003
HARLEY-DAVIDSON,FLTRI,2004
HARLEY-DAVIDSON,FLTRI,2005
HARLEY-DAVIDSON,FLTRSEI2,2001
HARLEY-DAVIDSON,FLHT,2005
HARLEY-DAVIDSON,FLSTSC,2006
HARLEY-DAVIDSON,FLSTSCI,2006
HARLEY-DAVIDSON,FLTRI,2006
HARLEY-DAVIDSON,FLSTCI,2006
HARLEY-DAVIDSON,FLSTI,2006
HARLEY-DAVIDSON,FLHPI,2006
HARLEY-DAVIDSON,FLHR,2006
HARLEY-DAVIDSON,FLHRCI,2006
HARLEY-DAVIDSON,FLHRI,2006
HARLEY-DAVIDSON,FLHT,2006
HARLEY-DAVIDSON,FLHTCI,2006
HARLEY-DAVIDSON,FLHTCUI,2006
HARLEY-DAVIDSON,FLHTPI,2006
HARLEY-DAVIDSON,FLST,2006
HARLEY-DAVIDSON,FLHRS,2006
HARLEY-DAVIDSON,FLHRSI,2006
HARLEY-DAVIDSON,FLHTI,2006
HARLEY-DAVIDSON,FLSTC,2006
HARLEY-DAVIDSON,FLSTN,2006
HARLEY-DAVIDSON,FLSTNI,2006
HARLEY-DAVIDSON,FLSTF,2006
HARLEY-DAVIDSON,FLSTFI-ANN,2005
HARLEY-DAVIDSON,FLSTFSE2,2006
HARLEY-DAVIDSON,FLHPEI,2006
BUELL,1125,2009
BUELL,1125R,2009
BUELL,1125CR,2009
BUELL,1125R,2008
HARLEY-DAVIDSON,XL1200,2002
HARLEY-DAVIDSON,XL1200,2003
HARLEY-DAVIDSON,XL1200C,2001
HARLEY-DAVIDSON,XL1200C,2002
HARLEY-DAVIDSON,XL1200C,2003
HARLEY-DAVIDSON,XL1200C,2004
HARLEY-DAVIDSON,XL1200C,2005
HARLEY-DAVIDSON,XL1200R,2004
HARLEY-DAVIDSON,XL1200R,2005
HARLEY-DAVIDSON,XL1200S,2001
HARLEY-DAVIDSON,XL1200S,2002
HARLEY-DAVIDSON,XL1200S,2003
HARLEY-DAVIDSON,XL1200S,2004
HARLEY-DAVIDSON,XL1200C,2006
HARLEY-DAVIDSON,XL1200R,2006
HARLEY-DAVIDSON,XL1200L,2006
HARLEY-DAVIDSON,XL1200C,2007
HARLEY-DAVIDSON,XL1200R,2007
HARLEY-DAVIDSON,XL1200L,2007
HARLEY-DAVIDSON,XL1200N,2007
HARLEY-DAVIDSON,XL1200L,2008
HARLEY-DAVIDSON,XL1200R,2008
HARLEY-DAVIDSON,XL1200C,2008
HARLEY-DAVIDSON,XL1200N,2009
HARLEY-DAVIDSON,XL1200C,2009
HARLEY-DAVIDSON,XL1200L,2009
HARLEY-DAVIDSON,XL1200R,2009
HARLEY-DAVIDSON,XL1200N,2008
HARLEY-DAVIDSON,XL883,2001
HARLEY-DAVIDSON,XL883,2002
HARLEY-DAVIDSON,XL883,2003
HARLEY-DAVIDSON,XL883,2004
HARLEY-DAVIDSON,XL883,2005
HARLEY-DAVIDSON,XL883C,2001
HARLEY-DAVIDSON,XL883C,2002
HARLEY-DAVIDSON,XL883C,2003
HARLEY-DAVIDSON,XL883C,2004
HARLEY-DAVIDSON,XL883C,2005
HARLEY-DAVIDSON,XL883HUG,2001
HARLEY-DAVIDSON,XL883HUG,2002
HARLEY-DAVIDSON,XL883HUG,2003
HARLEY-DAVIDSON,XL883L,2005
HARLEY-DAVIDSON,XL883R,2002
HARLEY-DAVIDSON,XL883R,2003
HARLEY-DAVIDSON,XL883,2006
HARLEY-DAVIDSON,XL883L,2006
HARLEY-DAVIDSON,XL883R,2005
HARLEY-DAVIDSON,XL883C,2006
HARLEY-DAVIDSON,XL883R,2006
HARLEY-DAVIDSON,XL883,2007
HARLEY-DAVIDSON,XL883C,2007
HARLEY-DAVIDSON,XL883L,2007
HARLEY-DAVIDSON,XL883R,2007
HARLEY-DAVIDSON,XL883L,2008
HARLEY-DAVIDSON,XL883,2008
HARLEY-DAVIDSON,XL883C,2008
HARLEY-DAVIDSON,XL883,2009
HARLEY-DAVIDSON,XL883C,2009
HARLEY-DAVIDSON,XL883R,2009
HARLEY-DAVIDSON,XL883L,2009
HARLEY-DAVIDSON,XL883N,2009
HARLEY-DAVIDSON,XL883R,2008
HARLEY-DAVIDSON,FXDI,2004
HARLEY-DAVIDSON,FXDLI,2004
HARLEY-DAVIDSON,FXDP,2004
HARLEY-DAVIDSON,FXDWGI,2004
HARLEY-DAVIDSON,FXDXI,2004
HARLEY-DAVIDSON,FXD,2001
HARLEY-DAVIDSON,FXD,2002
HARLEY-DAVIDSON,FXD,2003
HARLEY-DAVIDSON,FXD,2004
HARLEY-DAVIDSON,FXD,2005
HARLEY-DAVIDSON,FXDCI,2005
HARLEY-DAVIDSON,FXDI,2005
HARLEY-DAVIDSON,FXDL,2001
HARLEY-DAVIDSON,FXDL,2002
HARLEY-DAVIDSON,FXDL,2003
HARLEY-DAVIDSON,FXDL,2004
HARLEY-DAVIDSON,FXDL,2005
HARLEY-DAVIDSON,FXDLI,2005
HARLEY-DAVIDSON,FXDP,2001
HARLEY-DAVIDSON,FXDP,2002
HARLEY-DAVIDSON,FXDP,2003
HARLEY-DAVIDSON,FXDWG,2001
HARLEY-DAVIDSON,FXDWG,2002
HARLEY-DAVIDSON,FXDWG,2003
HARLEY-DAVIDSON,FXDWG,2004
HARLEY-DAVIDSON,FXDWG,2005
HARLEY-DAVIDSON,FXDWG2,2001
HARLEY-DAVIDSON,FXDWG3,2002
HARLEY-DAVIDSON,FXDWGI,2005
HARLEY-DAVIDSON,FXDX,2001
HARLEY-DAVIDSON,FXDX,2002
HARLEY-DAVIDSON,FXDX,2003
HARLEY-DAVIDSON,FXDX,2004
HARLEY-DAVIDSON,FXDX,2005
HARLEY-DAVIDSON,FXDXI,2005
HARLEY-DAVIDSON,FXDXT,2001
HARLEY-DAVIDSON,FXDXT,2002
HARLEY-DAVIDSON,FXDXT,2003
HARLEY-DAVIDSON,FXDXT,2004
HARLEY-DAVIDSON,FXST,2001
HARLEY-DAVIDSON,FXST,2002
HARLEY-DAVIDSON,FXST,2003
HARLEY-DAVIDSON,FXST,2004
HARLEY-DAVIDSON,FXST,2005
HARLEY-DAVIDSON,FXSTB,2001
HARLEY-DAVIDSON,FXSTB,2002
HARLEY-DAVIDSON,FXSTB,2003
HARLEY-DAVIDSON,FXSTB,2004
HARLEY-DAVIDSON,FXSTBI,2001
HARLEY-DAVIDSON,FXSTBI,2002
HARLEY-DAVIDSON,FXSTBI,2003
HARLEY-DAVIDSON,FXSTBI,2004
HARLEY-DAVIDSON,FXSTBI,2005
HARLEY-DAVIDSON,FXSTD,2001
HARLEY-DAVIDSON,FXSTD,2002
HARLEY-DAVIDSON,FXSTD,2003
HARLEY-DAVIDSON,FXSTD,2004
HARLEY-DAVIDSON,FXSTD,2005
HARLEY-DAVIDSON,FXSTDI,2001
HARLEY-DAVIDSON,FXSTDI,2002
HARLEY-DAVIDSON,FXSTDI,2003
HARLEY-DAVIDSON,FXSTDI,2004
HARLEY-DAVIDSON,FXSTDI,2005
HARLEY-DAVIDSON,FXSTDSE,2003
HARLEY-DAVIDSON,FXSTDSE2,2004
HARLEY-DAVIDSON,FXSTI,2001
HARLEY-DAVIDSON,FXSTI,2002
HARLEY-DAVIDSON,FXSTI,2003
HARLEY-DAVIDSON,FXSTI,2004
HARLEY-DAVIDSON,FXSTI,2005
HARLEY-DAVIDSON,FXSTS,2001
HARLEY-DAVIDSON,FXSTS,2002
HARLEY-DAVIDSON,FXSTS,2003
HARLEY-DAVIDSON,FXSTS,2004
HARLEY-DAVIDSON,FXSTS,2005
HARLEY-DAVIDSON,FXSTSI,2001
HARLEY-DAVIDSON,FXSTSI,2002
HARLEY-DAVIDSON,FXSTSI,2003
HARLEY-DAVIDSON,FXSTSI,2004
HARLEY-DAVIDSON,FXSTSI,2005
HARLEY-DAVIDSON,FXDC,2005
HARLEY-DAVIDSON,FXSTB,2005
HARLEY-DAVIDSON,FXSTDI,2006
HARLEY-DAVIDSON,FXSTI,2006
HARLEY-DAVIDSON,FXST,2006
HARLEY-DAVIDSON,FXSTBI,2006
HARLEY-DAVIDSON,FXSTD,2006
HARLEY-DAVIDSON,FXSTS,2006
HARLEY-DAVIDSON,FXSTSI,2006
HARLEY-DAVIDSON,FXSTB,2006
HARLEY-DAVIDSON,FLHTPI,2005
HARLEY-DAVIDSON,FLHTPI,2004
HARLEY-DAVIDSON,FLSTC,2003
HARLEY-DAVIDSON,FLSTCI,2003
HARLEY-DAVIDSON,FLSTF,2003
HARLEY-DAVIDSON,FLSTFI,2003
HARLEY-DAVIDSON,FLSTC,2004
HARLEY-DAVIDSON,FLSTCI,2004
HARLEY-DAVIDSON,FLSTF,2004
HARLEY-DAVIDSON,FLSTFI,2004
HARLEY-DAVIDSON,FLSTC,2005
HARLEY-DAVIDSON,FLSTCI,2005
HARLEY-DAVIDSON,FLSTF,2005
LIVEWIRE,S2 DEL MAR,2025
LIVEWIRE,S2 ALPINISTA,2025
LIVEWIRE,S2 MULHOLLAND,2025
NEWMAR,KING AIRE,2022
NEWMAR,KING AIRE,2016
NEWMAR,KING AIRE,2017
NEWMAR,KING AIRE,2018
NEWMAR,KING AIRE,2019
NEWMAR,KING AIRE,2020
NEWMAR,KING AIRE,2021
MITSUBISHI,OUTLANDER SPORT,2026
MITSUBISHI,OUTLANDER,2026
MITSUBISHI,ECLIPSE CROSS,2026
CHEVROLET,CORVETTE CONVERTIBLE E-RAY,2026
CHEVROLET,CORVETTE COUPE E-RAY,2026
ENTEGRA,ANTHEM,2023
ENTEGRA,CORNERSTONE,2023
FOREST RIVER,LEPRECHAUN,2026
FOREST RIVER,FREELANDER,2026
COACHMEN,LEPRECHAUN,2022
COACHMEN,FREELANDER,2022
KIA,K5,2026
KIA,CARNIVAL,2026
KIA,CARNIVAL HYBRID,2026
MERCEDES-BENZ,GLS 580,2025
ALTEC,AC SERIES CRANE,2025
HYUNDAI,TUCSON,2026
NISSAN,FRONTIER,2025
THOR MOTOR COACH,ARIA,2025
THOR MOTOR COACH,RIVIERA,2025
ENTEGRA,redundant ASPIRE,2025
ENTEGRA,ASPIRE,2026
ENTEGRA,CORNERSTONE,2026
ENTEGRA,CORNERSTONE,2025
ENTEGRA,CORNERSTONE RESERVE,2026
ENTEGRA,ANTHEM,2025
ENTEGRA,ANTHEM,2026
MERCEDES-BENZ,AMG GT63,2026
JAYCO FIFTH WHEEL,SEISMIC,2024
KTM,390 ADVENTURE,2023
KTM,390 ADVENTURE,2024
KTM,390 ADVENTURE,2022
HUSQVARNA,VITPILEN 401,2022
HUSQVARNA,SVARTPILEN 401,2023
HUSQVARNA,SVARTPILEN 401,2022
HUSQVARNA,VITPILEN 401,2023
BMW,X7,2026
BMW,X5,2026
BMW,X1,2026
BMW,X2,2026
MINI,COOPER CONVERTIBLE,2026
MINI,JCW COUNTRYMAN ALL4,2026
MINI,COOPER S,2026
MINI,COOPER,2026
MINI,COUNTRYMAN S ALL4,2026
MINI,COUNTRYMAN SE ALL4,2026
HONDA,CIVIC TYPE R,2026
HONDA,CIVIC TYPE R,2022
ACURA,RDX,2026
ACURA,INTEGRA TYPE S,2026
ACURA,INTEGRA TYPE S,2025
ACURA,INTEGRA TYPE S,2024
KIA,EV9,2026
KIA,SPORTAGE,2026
KIA,SPORTAGE PHEV,2026
KIA,SPORTAGE HYBRID,2026
ALTEC,LS SERIES,2025
MERCEDES-BENZ,CLA 250+ (EV),2026
MERCEDES-BENZ,AMG GT55,2025
FOREST RIVER,FLAGSTAFF,2026
FOREST RIVER,ROCKWOOD,2026
FOREST RIVER BUS,STARCRAFT ALLSTAR,2023
FOREST RIVER BUS,STARCRAFT ALLSTAR,2022
FOREST RIVER BUS,SENATOR II HD,2022
FOREST RIVER BUS,GOSHEN COACH,2022
FOREST RIVER BUS,CHAMPION BUS,2023
FOREST RIVER BUS,GLAVAL ENTOURAGE,2022
FOREST RIVER BUS,CHAMPION BUS,2024
FOREST RIVER BUS,STARCRAFT STARLITE,2023
FOREST RIVER BUS,STARTRANS CANDIDATE II,2024
FOREST RIVER BUS,GLAVAL COMMUTE,2023
FOREST RIVER BUS,GLAVAL COMMUTE,2024
FOREST RIVER BUS,SENATOR II,2022
COACHMEN,CROSS TREK,2021
COACHMEN,CROSS TRAIL,2022
FOREST RIVER,ENTOURAGE,2024
CAN-AM,PULSE,2025
MACK,GRANITE (GR),2026
GRAND DESIGN,IMAGINE,2023
GRAND DESIGN,IMAGINE,2022
GRAND DESIGN,IMAGINE,2021
BRIDGESTONE,EXEDRA G721F,9999
SUBARU,SOLTERRA,2025
THOR MOTOR COACH,FREEDOM TRAVELER,2026
THOR MOTOR COACH,SCOPE,2026
THOR MOTOR COACH,EDDIE BAUER VAN,2026
THOR MOTOR COACH,RIZE,2026
THOR MOTOR COACH,GENEVA,2026
THOR MOTOR COACH,AXIS,2026
THOR MOTOR COACH,VEGAS,2026
MASERATI,MC20 PURA,2026
MASERATI,MC20,2026
LINCOLN,NAUTILUS HYBRID,2024
LINCOLN,NAUTILUS HYBRID,2025
DODGE,NITRO,2007
DODGE,NITRO,2010
DODGE,NITRO,2009
DODGE,NITRO,2008
JEEP,LIBERTY,2012
JEEP,LIBERTY,2011
JEEP,LIBERTY,2010
JEEP,LIBERTY,2009
JEEP,LIBERTY,2008
DODGE,NITRO,2011
DETROIT DIESEL,DD8,9999
DETROIT DIESEL,DD5,9999
FCCC,XC CHASSIS,2025
THOMAS BUILT BUSES,SAF-T-LINER HDX2,2026
THOMAS BUILT BUSES,SAF-T-LINER EFX,2026
FREIGHTLINER,EM2,2027
FREIGHTLINER,BUSINESS CLASS M2,2027
FREIGHTLINER,ARGOSY,2020
FREIGHTLINER,ARGOSY,2019
FREIGHTLINER,ARGOSY,2018
FREIGHTLINER,ARGOSY,2017
FREIGHTLINER,ARGOSY,2016
FREIGHTLINER,CENTURY CLASS,2019
FREIGHTLINER,CENTURY CLASS,2018
FREIGHTLINER,CENTURY CLASS,2017
FREIGHTLINER,CENTURY CLASS,2016
FREIGHTLINER,CENTURY CLASS,2015
FREIGHTLINER,COLUMBIA,2021
FREIGHTLINER,COLUMBIA,2020
FREIGHTLINER,COLUMBIA,2019
FREIGHTLINER,COLUMBIA,2018
FREIGHTLINER,COLUMBIA,2017
VOLKSWAGEN,ATLAS,2026
VOLKSWAGEN,ATLAS CROSS SPORT,2026
VOLKSWAGEN,GOLF R,2014
VIRNIG,TR-RHDD-1409,2025
VIRNIG,TR-HDD-1414,2025
FORD,F-250,2018
FORD,F-250,2017
FORD,F-350,2016
FORD,F-250,2016
FORD,F-350,2015
FORD,F-250,2015
FORD,F-350,2014
FORD,F-250,2014
FORD,F-350,2013
FORD,F-250,2013
FORD,F-350,2012
FORD,F-250,2012
FORD,F-350,2011
FORD,F-250,2011
FORD,F-350 SD,2002
FORD,F-350 SD,2001
FORD,F-350,2020
FORD,F-250,2020
FORD,F-350,2019
FORD,F-250,2019
FORD,F-350,2018
FORD,ECOSPORT,2019
POLAR TANK,MC 331 TANK TRAILER,2017
BENDIX,AIR DISC BRAKE ACTUATOR 2,9999
BENDIX,AIR DISC BRAKE ACTUATOR,9999
HEIL,FRONT END LOADER GARBAGE,2025
HEIL,SIDE LOADER GARBAGE TRUCK,2025
ENTEGRA,ESTEEM XL,2026
DYNAMAX,DX3,2025
FOREST RIVER,BERKSHIRE,2026
FOREST RIVER,BERKSHIRE,2025
DYNAMAX,GRAND SPORT GT,2025
DYNAMAX,EUROPA,2025
FOREST RIVER,CHARLESTON,2025
DYNAMAX,DYNAQUEST XL,2026
DYNAMAX,EUROPA,2026
DYNAMAX,DYNAQUEST XL,2025
DYNAMAX,DX3,2026
YOKOHAMA,709ZL,9999
YOKOHAMA,TY517 MC2,9999
YOKOHAMA,RY617,9999
YOKOHAMA,108R,9999
YOKOHAMA,109L,9999
PORSCHE,PANAMERA,2025
LAMBORGHINI,URUS,2024
LINCOLN,AVIATOR PHEV,2020
LEXUS,ES HYBRID,2026
LOTUS,ELETRE,2025
STOUGHTON,VAN TRAILER,2026
BMW,740LE,2017
BMW,I8,2019
BMW,740LE,2019
BMW,330E,2017
BMW,330E,2016
BMW,740LE,2018
BMW,330E,2018
BMW,B7 ALPINA,2021
BMW,M550I,2021
BMW,M8 GRAN COUPE,2020
BMW,B7 ALPINA,2020
BMW,M4,2026
BMW,430I,2026
BMW,M2,2018
BMW,Z4,2006
BMW,M3,2006
JAYCO,SENECA XT,2025
ENTEGRA,ACCOLADE XT,2024
JAYCO,SENECA XT,2024
ENTEGRA,ACCOLADE XT,2025
GRAND DESIGN,REFLECTION,2014
GRAND DESIGN,REFLECTION,2021
GRAND DESIGN,REFLECTION,2015
GRAND DESIGN,SOLITUDE,2021
GRAND DESIGN,SOLITUDE,2020
GRAND DESIGN,SOLITUDE,2019
GRAND DESIGN,SOLITUDE,2018
GRAND DESIGN,SOLITUDE,2017
GRAND DESIGN,REFLECTION,2016
GRAND DESIGN,REFLECTION,2017
GRAND DESIGN,REFLECTION,2018
GRAND DESIGN,REFLECTION,2019
GRAND DESIGN,REFLECTION,2020
ZERO,DS,2025
ZERO,DSR,2025
ZERO,DSR/X,2023
ZERO,DSR/X,2025
ACURA,ADX,2026
ACURA,INTEGRA,2026
HONDA,CRF300L,2021
HONDA,CRF300L,2022
HONDA,CRF300L,2024
HONDA,CRF300L,2025
HONDA,CRF300L,2023
HONDA,GROM125,2021
LINCOLN,AVIATOR PHEV,2022
LINCOLN,AVIATOR PHEV,2021
LINCOLN,AVIATOR PHEV,2023
MERCEDES-BENZ,CLA 350 4MATIC (EV),2026
GMC,HUMMER EV SUV,2024
ALTEC,DT65-E,2022
ALTEC,DT65-H,2022
ALTEC,DT65-H,2021
ALTEC,DT65-E,2023
ALTEC,DT65-E,2020
ALTEC,DT65-H,2023
ALTEC,DT65-H,2020
ALTEC,DT65-E,2021
MINI,COOPER CONVERTIBLE,2025
TERBERG BENSCHOP B.V.,YT SERIES,2023
TERBERG BENSCHOP B.V.,YT SERIES,2024
NISSAN,LEAF,2026
THOR MOTOR COACH,MAGNITUDE,2026
MERCEDES-BENZ,AMG CLA35 4MATIC,2026
MERCEDES-BENZ,AMG GLA 35 4MATIC,2026
MERCEDES-BENZ,AMG GLB35 4MATIC,2026
MERCEDES-BENZ,CLA 250,2026
MERCEDES-BENZ,CLA 250 4MATIC,2026
MERCEDES-BENZ,AMG CLA45S 4MATIC+,2026
MERCEDES-BENZ,GLA 250,2026
MERCEDES-BENZ,GLA 250 4MATIC,2026
MERCEDES-BENZ,GLB 250,2026
MERCEDES-BENZ,GLB 250 4MATIC,2026
FORD,E-TRANSIT,2026
BUICK,ENCORE,2026
CHEVROLET,BOLT EV,2027
MCI,D4505,2024
HIGHLAND RIDGE FW,OPEN RANGE 3X,2026
HIGHLAND RIDGE FW,OPEN RANGE 3X,2025
GENESIS,GV80,2026
GENESIS,GV80 Coupe,2026
HYUNDAI,SONATA,2026
FORD,F-750 SD,2026
LINCOLN,CORSAIR PHEV,2026
FORD,ESCAPE,2026
LINCOLN,CORSAIR PHEV,2025
COTTRELL,3-CAR CSFALW,9999
COTTRELL,3-CAR FADC,9999
COTTRELL,3-CAR CS,9999
COTTRELL,3.5 CAR CSFA,9999
COTTRELL,3-CAR CSFA,9999
HYUNDAI,SONATA HYBRID,2026
CRUISER,SHADOW CRUISER,2025
CRUISER,MPG,2025
CRUISER,EMBRACE,2025
HEARTLAND,EDDIE BAUER,2025
HEARTLAND,CORTERRA,2025
HEARTLAND,PROWLER,2025
HEARTLAND,MALLARD,2025
MOTIV,F-59 BEV CHASSIS,2019
MOTIV,E-450 BEV CHASSIS SCHOOL BUS,2019
MOTIV,F-59 BEV CHASSIS SCHOOL BUS,2022
MOTIV,F-59 SCHOOL BUS,2021
MOTIV,F-59 BEV CHASSIS,2023
MOTIV,F-53 BEV CHASSIS,2020
MOTIV,F-53 BEV CHASSIS SCHOOL BUS,2022
MOTIV,E-450 BEV CHASSIS,2022
MOTIV,F-59 BEV CHASSIS SCHOOL BUS,2024
MOTIV,F-53 BEV CHASSIS,2023
MOTIV,F-53 BEV CHASSIS,2022
MOTIV,F-59 BEV CHASSIS,2024
MOTIV,F-59 BEV CHASSIS,2020
MOTIV,F-59 BEV CHASSIS SCHOOL BUS,2020
MOTIV,F-59 BEV CHASSIS SCHOOL BUS,2025
MOTIV,F-53 BEV CHASSIS,2021
MOTIV,F-53 BEV CHASSIS SCHOOL BUS,2023
MOTIV,F-59 BEV CHASSIS SCHOOL BUS,2019
MOTIV,F-59 BEV CHASSIS SCHOOL BUS,2023
MOTIV,E-450 BEV CHASSIS,2023
MOTIV,F-59 BEV CHASSIS,2022
MOTIV,E-450 BEV CHASSIS SCHOOL BUS,2025
MOTIV,E-450 BEV CHASSIS,2024
MOTIV,F-53 BEV CHASSIS,2019
MOTIV,F-53 SCHOOL BUS,2020
MOTIV,E-450 BEV CHASSIS,2021
MOTIV,E-450 BEV CHASSIS,2019
MOTIV,F-59 BEV CHASSIS,2025
MOTIV,F-53 BEV CHASSIS,2024
MOTIV,F-59 BEV CHASSIS,2021
MOTIV,E-450 BEV CHASSIS SCHOOL BUS,2020
MOTIV,F-53 BEV CHASSIS SCHOOL BUS,2021
MOTIV,E-450 BEV CHASSIS,2020
GRAND DESIGN,SOLITUDE,2026
GRAND DESIGN,SOLITUDE,2025
GRAND DESIGN,SOLITUDE,2024
GRAND DESIGN,SOLITUDE,2023
FORD,FUSION,2016
FORD,FUSION,2014
FORD,FUSION,2015
LINCOLN,MKX,2018
BMW,750E,2025
BMW,550E,2025
BMW,R 1250 RT,2024
MINI,CLUBMAN,2022
MINI,COUNTRYMAN,2022
MINI,COOPER,2022
BMW,G 310 R,2025
BMW,G 310 GS,2025
RING-O-MATIC,JET VAC 550,2022
RING-O-MATIC,JET VAC 550,2021
RING-O-MATIC,JET VAC 550,2023
RING-O-MATIC,JET VAC 550,2024
HYUNDAI,SANTA CRUZ,2026
KZRV,SPORTSMEN CLASSIC,2026
KZRV,DURANGO GOLD,2026
KZRV,DURANGO,2026
KZRV,DOMANI,2026
KZRV,SPORTSTER X,2026
KZRV,CONNECT SE,2026
KZRV,SPORTSMEN SE,2026
KZRV,SPORTSMEN SELECT,2026
KZRV,SPORTSTER,2026
KZRV,CONNECT MINI,2026
KZRV,DURANGO HALF-TON,2026
KZRV,CONNECT,2026
KZRV,RIDGEWAY,2026
TIFFIN,MIDAS,2026
PREVOST,X3-45 VIP,2026
PREVOST,X3-45 VIP ENTERTAINER,2025
PREVOST,X3-45,2026
PREVOST,X3-45 VIP ENTERTAINER,2026
PREVOST,H3-45 VIP,2026
PREVOST,H3-45 VIP,2025
PREVOST,X3-45,2025
PREVOST,X3-45 VIP,2025
VESPA,GTV 300,2021
VESPA,GTV 300 HPE,2022
VESPA,GTV 300 HPE,2021
VESPA,GTV 300,2025
VESPA,GTV 310,2026
VESPA,GTV 300 HPE,2024
FORD,F-59,2024
FORD,F-59,2023
FORD,F-59,2022
FORD,F-59,2021
FORD,E-450,2026
HONDA,Metropolitan,2023
HONDA,Metropolitan,2016
HONDA,Metropolitan,2020
HONDA,Metropolitan,2025
HONDA,Metropolitan,2024
HONDA,Metropolitan,2019
HONDA,Metropolitan,2026
HONDA,Metropolitan,2021
HONDA,Metropolitan,2022
HONDA,Metropolitan,2018
HONDA,Metropolitan,2017
HONDA,C125,2022
HONDA,C125,2019
HONDA,C125,2021
HONDA,C125,2020
HONDA,C125,2024
HONDA,C125,2023
MCNEILUS,ZERO RADIUS,2018
MCNEILUS,ZERO RADIUS,2023
MCNEILUS,ZERO RADIUS,2019
MERCEDES-BENZ,SPRINTER 1500,2025
MERCEDES-BENZ,SPRINTER 3500,2025
MERCEDES-BENZ,SPRINTER 2500,2025
INDIAN,FTR1200,2021
INDIAN,FTR1200,2024
PACCAR,MX-11,2017
PACCAR,MX-13,2017
KENWORTH,T480,2022
KENWORTH,T470,2018
KENWORTH,T470,2019
KENWORTH,T470,2023
KENWORTH,T480,2021
KENWORTH,C500,2019
KENWORTH,C500,2018
KENWORTH,C500,2017
KENWORTH,C500,2021
KENWORTH,C500,2020
KENWORTH,C500,2024
KENWORTH,C500,2023
KENWORTH,C500,2022
KENWORTH,W900,2023
KENWORTH,W900,2018
KENWORTH,W900,2017
KENWORTH,T880,2018
KENWORTH,T880,2017
KENWORTH,T660,2020
KENWORTH,T660,2019
KENWORTH,T660,2018
KENWORTH,T660,2017
KENWORTH,T370,2017
KENWORTH,T370,2019
KENWORTH,T370,2018
KENWORTH,T370,2020
KENWORTH,T370,2021
KENWORTH,T370,2022
KENWORTH,T370,2023
KENWORTH,T440,2018
KENWORTH,T440,2019
KENWORTH,T440,2020
KENWORTH,T440,2022
KENWORTH,T440,2021
KENWORTH,T440,2023
KENWORTH,T470,2017
KENWORTH,T470,2020
KENWORTH,T470,2022
KENWORTH,T470,2021
WESTERN STAR,4900,2024
WESTERN STAR,4700,2024
FREIGHTLINER,ECONIC SD,2022
FREIGHTLINER,ECONIC SD,2021
FREIGHTLINER,ECONIC SD,2020
FREIGHTLINER,122SD,2026
KEYSTONE,ZINGER,2026
KEYSTONE,COLORADO,2026
KEYSTONE,ASPEN TRAIL,2026
KEYSTONE,FUN TIME,2026
LAND ROVER,RANGE ROVER EVOQUE,2026
RIVIAN,EDV,2023
RIVIAN,RCV,2024
RIVIAN,EDV,2025
RIVIAN,RCV,2025
RIVIAN,EDV,2024
RIVIAN,EDV,2022
MERCEDES-BENZ,AMG GT43,2025
MERCEDES-BENZ,AMG GT63,2025
MERCEDES-BENZ,AMG SL63,2025
HINO,CONVENTIONAL MODELS,2018
HINO,CAB-OVER,2018
HINO,CAB-OVER,2020
HINO,CONVENTIONAL MODELS,2020
HINO,CONVENTIONAL MODELS,2021
HINO,CAB-OVER,2019
HINO,CONVENTIONAL MODELS,2019
HINO,195,2020
HINO,195,2019
HINO,195,2018
MCI,J4500E,2020
MCI,J4500E,2021
BUELL,XB12SCG,2010
BUELL,XB12SS,2010
BUELL,XB12X,2010
BUELL,XB12R,2010
BUELL,XB12XP,2010
BUELL,XB12XT,2010
BUELL,XB9SX,2010
HARLEY-DAVIDSON,LWZX350RA,2025
KME,PREDATOR,2024
KME,PANTHER,2023
ZF GROUP,8 SPEED TRANSMISSION,9999
ZF GROUP,PLUG-IN HYBRID AUTOMATIC TRANSMISSION,9999
LUCID,AIR,2026
PLEASURE WAY,ASCENT,2022
PLEASURE WAY,EXCEL,2011
MITSUBISHI,OUTLANDER,2017
MITSUBISHI,OUTLANDER,2018
MITSUBISHI,OUTLANDER,2019
MITSUBISHI,OUTLANDER,2016
MITSUBISHI,OUTLANDER,2015
MITSUBISHI,OUTLANDER,2014
PUROLATOR,PUROLATOR,9999
PURALATOR,PURALATOR,9999
VOLKSWAGEN,JETTA,2026
VOLKSWAGEN,TAOS,2026
HYUNDAI,ELANTRA COUPE,2014
HYUNDAI,ELANTRA COUPE,2015
HYUNDAI,ELANTRA COUPE,2013
HYUNDAI,XCIENT,2023
HYUNDAI,TUCSON,2008
HYUNDAI,VERACRUZ,2008
HYUNDAI,AZERA,2008
HYUNDAI,SANTA FE,2008
HYUNDAI,ACCENT,2008
HYUNDAI,ELANTRA,2008
HYUNDAI,EXPRESSWAY 996,9999
HYUNDAI,EXPRESSWAY 995,9999
HYUNDAI,TIBURON,2008
HYUNDAI,ENTOURAGE,2008
HYUNDAI,SONATA,2009
HYUNDAI,TUCSON,2009
HYUNDAI,AZERA,2009
HYUNDAI,GENESIS,2009
HYUNDAI,SANTA FE,2009
HYUNDAI,ACCENT,2009
HYUNDAI,VERACRUZ,2009
HYUNDAI,ELANTRA,2009
HYUNDAI,ENTOURAGE,2006
HYUNDAI,XG300,2004
HYUNDAI,ENTOURAGE,2009
HYUNDAI,ELANTRA TOURING,2009
HYUNDAI,GENESIS COUPE,2010
HYUNDAI,SONATA,2010
HYUNDAI,AZERA,2005
HYUNDAI,AZERA,2010
HYUNDAI,ACCENT,2010
HYUNDAI,ELANTRA,2010
HYUNDAI,VERACRUZ,2010
HYUNDAI,ELANTRA TOURING,2010
HYUNDAI,GENESIS,2010
HYUNDAI,ELANTRA TOURING,2008
HYUNDAI,TUCSON,2010
HYUNDAI,SANTA FE,2010
HYUNDAI,SONATA,2011
HYUNDAI,ELANTRA TOURING,2013
HYUNDAI,SONATA HYBRID,2012
HYUNDAI,GENESIS,2008
HYUNDAI,SONATA HYBRID,2011
HYUNDAI,SONATA HYBRID,2013
HYUNDAI,SONATA HYBRID,2014
HYUNDAI,XG350,2006
HYUNDAI,SONATA HYBRID,2015
HYUNDAI,EQUUS,2010
HYUNDAI,EQUUS,2009
HYUNDAI,EQUUS,2017
HYUNDAI,VELOSTER,2011
HYUNDAI,VELOSTER,2018
HYUNDAI,TUCSON,2011
HYUNDAI,ACCENT,2011
HYUNDAI,AZERA,2011
HYUNDAI,ELANTRA TOURING,2011
HYUNDAI,GENESIS COUPE,2011
HYUNDAI,GENESIS,2011
HYUNDAI,VERACRUZ,2011
HYUNDAI,ELANTRA,2011
HYUNDAI,EQUUS,2011
HYUNDAI,SANTA FE,2011
HYUNDAI,SONATA,2012
HYUNDAI,TUCSON,2012
HYUNDAI,ACCENT,2012
HYUNDAI,ELANTRA,2012
HYUNDAI,GENESIS,2012
HYUNDAI,GENESIS COUPE,2012
HYUNDAI,VELOSTER,2012
HYUNDAI,ELANTRA TOURING,2012
HYUNDAI,SANTA FE,2012
HYUNDAI,AZERA,2012
HYUNDAI,EQUUS,2012
HYUNDAI,VERACRUZ,2012
HYUNDAI,GENESIS COUPE,2013
HYUNDAI,ELANTRA,2013
HYUNDAI,TUCSON,2013
HYUNDAI,VELOSTER,2013
HYUNDAI,XCIENT,2019
HYUNDAI,ACCENT,2013
HYUNDAI,ELANTRA GT,2013
HYUNDAI,EQUUS,2013
HYUNDAI,SONATA,2013
HYUNDAI,GENESIS,2013
HYUNDAI,SANTA FE SPORT,2013
HYUNDAI,AZERA,2013
HYUNDAI,ACCENT,2014
HYUNDAI,EQUUS,2014
HYUNDAI,SANTA FE SPORT,2014
HYUNDAI,ELANTRA GT,2014
HYUNDAI,GENESIS,2014
HYUNDAI,GENESIS COUPE,2014
HYUNDAI,SONATA,2014
HYUNDAI,AZERA,2014
HYUNDAI,ELANTRA,2014
HYUNDAI,VELOSTER,2014
HYUNDAI,VELOSTER,2015
HYUNDAI,ELANTRA GT,2015
HYUNDAI,EQUUS,2015
HYUNDAI,GENESIS COUPE,2015
HYUNDAI,SANTA FE SPORT,2015
HYUNDAI,ACCENT,2015
HYUNDAI,AZERA,2015
HYUNDAI,ELANTRA GT,2016
HYUNDAI,ELANTRA TOURING,2007
HYUNDAI,ENTOURAGE,2007
HYUNDAI,EQUUS,2016
HYUNDAI,VELOSTER,2016
HYUNDAI,AZERA,2016
HYUNDAI,SANTA FE SPORT,2016
HYUNDAI,ACCENT,2016
HYUNDAI,GENESIS COUPE,2016
HYUNDAI,ELANTRA GT,2017
HYUNDAI,ACCENT,2017
HYUNDAI,AZERA,2017
HYUNDAI,VELOSTER,2017
HYUNDAI,TUCSON FUEL CELL,2015
HYUNDAI,TUCSON FUEL CELL,2017
HYUNDAI,TUCSON FUEL CELL,2016
HYUNDAI,VELOSTER,2022
HYUNDAI,ELANTRA,2006
HYUNDAI,PAVISE,2021
HYUNDAI,SANTA FE PLUG-IN HYBRID,2021
GENESIS,G90,2026
HYUNDAI,KONA,2026
HYUNDAI,PALISADE,2026
HYUNDAI,SANTA FE,2026
HYUNDAI,PORTER,2025
HYUNDAI,PORTER,2024
HYUNDAI,PORTER,2023
HYUNDAI,PORTER,2022
HYUNDAI,PORTER,2021
HYUNDAI,PORTER,2020
HYUNDAI,AZERA,2007
HYUNDAI,ELANTRA,2007
HYUNDAI,TIBURON,2007
HYUNDAI,VERACRUZ,2007
HYUNDAI,SONATA,2008
HYUNDAI,ACCENT,2007
HYUNDAI,SONATA,2007
HYUNDAI,TUCSON,2007
HYUNDAI,SANTA FE,2007
HYUNDAI,TUCSON,2004
HYUNDAI,AZERA,2006
HYUNDAI,ACCENT,2006
HYUNDAI,TUCSON,2006
HYUNDAI,XG350,2004
HYUNDAI,TIBURON,2006
HYUNDAI,SANTA FE,2006
HYUNDAI,SONATA,2006
HYUNDAI,TIBURON,2005
HYUNDAI,XG350,2005
HYUNDAI,ELANTRA,2005
HYUNDAI,ACCENT,2005
HYUNDAI,SANTA FE,2005
HYUNDAI,TUCSON,2005
HYUNDAI,XG350,2003
HYUNDAI,XG350,2002
HYUNDAI,XG300,2001
HYUNDAI,TIBURON,2004
HYUNDAI,TIBURON,2003
HYUNDAI,TIBURON,2002
HYUNDAI,TIBURON,2001
HYUNDAI,SONATA,2005
HYUNDAI,SONATA,2004
HYUNDAI,SONATA,2003
HYUNDAI,SONATA,2002
HYUNDAI,SONATA,2001
HYUNDAI,SANTA FE,2004
HYUNDAI,SANTA FE,2003
HYUNDAI,SANTA FE,2001
HYUNDAI,ELANTRA,2004
HYUNDAI,ELANTRA,2003
HYUNDAI,ELANTRA,2002
HYUNDAI,ELANTRA,2001
HYUNDAI,ACCENT,2004
HYUNDAI,ACCENT,2003
HYUNDAI,ACCENT,2002
HYUNDAI,ACCENT,2001
HYUNDAI,SANTA FE,2002
HYUNDAI,XG,2002
HYUNDAI,XG,2001
HYUNDAI,TRAJET,2001
HYUNDAI,XG300,2003
HYUNDAI,XG350,2001
HYUNDAI,XG300L,2002
HYUNDAI,XG300,2002
HYUNDAI,XG300L,2001
HYUNDAI,EXCEL,2001
HYUNDAI,PAVISE,2025
EAST TO WEST,ENTRADA,2021
EAST TO WEST,ENTRADA,2022
EAST TO WEST,ENTRADA,2026
EAST TO WEST,ENTRADA,2025
FOREST RIVER,CEDAR CREEK,2026
FOREST RIVER,SUNSEEKER,2026
FOREST RIVER,FORESTER,2026
FOREST RIVER,SOLERA,2026
DODGE,HORNET,2026
FORD,F-750,2022
LINCOLN,CORSAIR,2026
KTM,250 DUKE,2024
KTM,990 DUKE,2024
KTM,390 DUKE,2024
HUSQVARNA,VITPILEN 401,2024
HUSQVARNA,SVARTPILEN 401,2024
MERCEDES-BENZ,AMG C63 S E 4MATIC+,2025
MERCEDES-BENZ,C 300 4MATIC,2025
MERCEDES-BENZ,C 300 4MATIC,2024
MERCEDES-BENZ,C 300 4MATIC,2023
MERCEDES-BENZ,AMG C63 S E 4MATIC+,2024
MERCEDES-BENZ,AMG C43 4MATIC,2025
MERCEDES-BENZ,AMG C43 4MATIC,2024
MERCEDES-BENZ,AMG SL55,2025
MERCEDES-BENZ,AMG SL43,2025
MERCEDES-BENZ,EQE 500 4MATIC,2025
MERCEDES-BENZ,EQE 500,2025
MERCEDES-BENZ,CLE 300 4MATIC CABRIOLET,2025
MERCEDES-BENZ,CLE 300 4MATIC CABRIOLET,2024
MERCEDES-BENZ,CLE 300 4MATIC,2025
MERCEDES-BENZ,CLE 300 4MATIC,2024
MERCEDES-BENZ,AMG EQE,2025
MERCEDES-BENZ,AMG GLC63 S E 4MATIC+,2025
MERCEDES-BENZ,EQS 580 4MATIC,2025
MERCEDES-BENZ,EQS 580 4MATIC,2024
MERCEDES-BENZ,EQS 450 4MATIC,2025
MERCEDES-BENZ,EQS 450+,2025
KEYSTONE,MONTANA,2025
ENTEGRA,REATTA XL,2025
ENTEGRA,REATTA,2025
JAYCO,EMBARK,2024
HYUNDAI,SANTA FE HYBRID,2026
GENESIS,GV60,2026
ENDERA,SHUTTLE,2026
ENDERA,SHUTTLE,2024
ENDERA,SHUTTLE,2025
ENTEGRA,ACCOLADE XT,2026
JAYCO,SENECA XT,2023
ENTEGRA,ACCOLADE XT,2023
JAYCO,SENECA XT,2026
FORD,FLEX,2017
FORD,C-MAX,2017
LINCOLN,NAVIGATOR,2017
FORD,EXPEDITION,2017
FORD,ESCAPE,2017
LINCOLN,MKT,2016
LINCOLN,MKS,2016
FORD,TAURUS,2016
FORD,FLEX,2016
LINCOLN,NAVIGATOR,2016
LINCOLN,MKZ,2016
FORD,FIESTA,2016
FORD,EXPEDITION,2016
FORD,ESCAPE,2016
FORD,C-MAX,2016
LINCOLN,MKT,2015
LINCOLN,MKS,2015
FORD,FLEX,2015
FORD,ESCAPE,2015
FORD,C-MAX,2015
FORD,FIESTA,2015
FORD,F-150,2015
FORD,TAURUS,2015
FORD,EXPLORER,2015
FORD,EXPEDITION,2015
LINCOLN,NAVIGATOR,2015
LINCOLN,MKZ,2015
FORD,TRANSIT CONNECT,2017
FORD,TRANSIT CONNECT,2016
FORD,TRANSIT CONNECT,2015
FORD,TAURUS,2019
FORD,FIESTA,2019
FORD,ESCAPE,2019
LINCOLN,MKT,2019
FORD,FLEX,2019
FORD,FIESTA,2018
LINCOLN,MKZ,2018
LINCOLN,MKT,2018
FORD,FUSION,2018
LINCOLN,CONTINENTAL,2018
FORD,TAURUS,2018
FORD,ESCAPE,2018
FORD,C-MAX,2018
FORD,FLEX,2018
FORD,FIESTA,2017
LINCOLN,MKT,2017
FORD,TAURUS,2017
NEW FLYER,XHE60,2025
MCI,D45CRTLE,2023
MCI,D45CRTLE,2022
MCI,D45CRTLE,2021
MERCEDES-BENZ,AMG CLE53 4MATIC+ CABRIOLET,2025
MERCEDES-BENZ,AMG CLE53 4MATIC+,2025
MERCEDES-BENZ,CLE 450 4MATIC CABRIOLET,2024
MERCEDES-BENZ,CLE 450 4MATIC CABRIOLET,2025
MERCEDES-BENZ,CLE 450 4MATIC,2025
MERCEDES-BENZ,CLE 450 4MATIC,2024
MERCEDES-BENZ,AMG EQE 4MATIC+,2023
MERCEDES-BENZ,AMG EQE 4MATIC+,2024
MERCEDES-BENZ,AMG EQE 4MATIC+,2025
MERCEDES-BENZ,AMG GLC43 4MATIC,2025
TERBERG BENSCHOP B.V.,TERMINAL TRACTOR,2021
TERBERG BENSCHOP B.V.,TERMINAL TRACTOR,2022
TERBERG BENSCHOP B.V.,YT SERIES,2025
TERBERG TAYLOR AMERICAS,YT SERIES,2025
EAST TO WEST,ALITA,2024
EAST TO WEST,ALITA,2025
COACHMEN,BEYOND,2025
COACHMEN,CROSS TRAIL,2026
FOREST RIVER,ROCKPORT,2026
COACHMEN,BEYOND,2026
EAST TO WEST,ALITA,2026
FOREST RIVER BUS,SENATOR II HD,2025
FOREST RIVER BUS,STARTRANS CANDIDATE II,2025
FOREST RIVER BUS,STARCRAFT STARLITE,2025
FOREST RIVER BUS,SENATOR II HD,2023
FOREST RIVER BUS,SENATOR II HD,2024
FOREST RIVER BUS,FOREST RIVER VAN,2025
BMW,I4 EDRIVE35,2025
BMW,I4 EDRIVE40,2025
BMW,X6,2026
BMW,X3,2026
BMW,XM LABEL,2026
BMW,X4,2026
FOREST RIVER BUS,CHAMPION BUS,2025
FOREST RIVER BUS,LONE STAR VAN,2021
FOREST RIVER BUS,LONE STAR VAN,2022
FOREST RIVER BUS,LONE STAR VAN,2019
FOREST RIVER BUS,LONE STAR VAN,2020
COACHMEN,NOVA,2021
COACHMEN,NOVA,2022
FOREST RIVER,ENTOURAGE,2026
JEEP,CHEROKEE,2026
CHRYSLER,300,2011
CHRYSLER,300,2010
CHRYSLER,300,2009
CHRYSLER,300,2008
CHRYSLER,300,2007
CHRYSLER,TOWN AND COUNTRY,2014
CHRYSLER,TOWN AND COUNTRY,2013
CHRYSLER,TOWN AND COUNTRY,2012
CHRYSLER,TOWN AND COUNTRY,2011
CHRYSLER,TOWN AND COUNTRY,2010
CHRYSLER,TOWN AND COUNTRY,2009
CHRYSLER,TOWN AND COUNTRY,2008
DODGE,CARAVAN,2010
DODGE,CHARGER,2011
DODGE,CARAVAN,2009
DODGE,CARAVAN,2008
CHRYSLER,300,2006
CHRYSLER,300,2004
CHRYSLER,300,2005
NEW FLYER,XD40,2025
NEW FLYER,XDE40,2025
CHEVROLET,SILVERADO 6500,2020
SUBARU,SOLTERRA,2026
SUBARU,FORESTER,2026
SUBARU,ASCENT,2026
SUBARU,FORESTER HYBRID,2026
SUBARU,CROSSTREK,2026
SUBARU,IMPREZA,2026
SUBARU,CROSSTREK HYBRID,2026
SUBARU,BRZ,2026
SUBARU,OUTBACK,2026
WINNEBAGO,REVEL,2026
FORD,E-TRANSIT,2025
FORD,E-TRANSIT,2024
PJ TRAILERS,LY1,2026
LINCOLN,NAUTILUS,2026
BMW,M 1000 R,2026
BMW,S 1000 R US,2026
BMW,S 1000 XR,2026
BMW,I4 M60,2026
BMW,I4 XDRIVE40,2026
BMW,I4 EDRIVE40,2026
BMW,I4 M50 XDRIVE,2025
BMW,I4 XDRIVE40,2025
BMW,I4 M50,2024
BMW,330I,2026
BMW,530I,2026
BMW,740I,2026
BMW,230I,2026
MINI,COOPER,2001
MINI,COOPER S,2001
BMW,528I,2012
BMW,640I,2012
TESLA,CYBERTRUCK,2026
DETROIT DIESEL,EFILL,9999
THOMAS BUILT BUSES,MINOTOUR DRW,2026
THOMAS BUILT BUSES,MINOTOUR SRW,2026
INDIAN,CHIEF VINTAGE,2020
TIFFIN,OPEN TRAIL,2026
LUXFER GAS CYLINDERS,TYPE 4 CNG CYLINDER,9999
ENTEGRA,ACCOLADE XL,2026
JAYCO,SENECA,2026
VOLVO,VNR (4),2026
VOLVO,VNR (4),2025
FORD,FIESTA,2014
FORD,ESCAPE,2014
FORD,FUSION,2013
FORD,F-150,2013
FORD,MUSTANG,2013
FORD,F-150,2012
LINCOLN,NAVIGATOR,2012
FORD,EXPEDITION,2012
FORD,MUSTANG,2012
FORD,F-150,2011
FORD,F-150,2014
FORD,TRANSIT CONNECT,2014
TIFFIN,ALLEGRO BAY,2026
MERCEDES-BENZ,ESPRINTER,2025
HINO,XL-SERIES,2025
ZERO,S,2024
ZERO,SR/F,2021
ZERO,S,2025
ZERO,SR/F,2023
ZERO,SR/F,2022
ZERO,SR/F,2025
ZERO,SR,2024
ZERO,SR/S,2024
ZERO,SR,2023
ZERO,SR/S,2023
ZERO,SR/S,2025
ZERO,SR/F,2020
ZERO,SR/S,2020
ZERO,SR/S,2022
ZERO,SR,2022
ZERO,SR/S,2021
ZERO,SR/F,2024
TRIUMPH,TRIDENT 800,2026
TRIUMPH,TRIDENT 660,2026
TRIUMPH,TIGER 900 ALPINE EDITION,2026
TRIUMPH,TIGER 900 DESERT EDITION,2026
TRIUMPH,TIGER 1200 DESERT EDITION,2026
TRIUMPH,TIGER 1200 ALPINE EDITION,2026
TRIUMPH,THRUXTON 400,2026
TRIUMPH,STREET TRIPLE 765 RX,2026
TRIUMPH,STREET TRACKER 400,2026
TRIUMPH,SCRAMBLER 400 XC,2026
TRIUMPH,SCRAMBLER 1200 XE,2026
TRIUMPH,DAYTONA 660,2026
TRIUMPH,BONNEVILLE SPEEDMASTER,2026
TRIUMPH,BONNEVILLE BOBBER,2026
TRIUMPH,TIGER SPORT 800,2026
TRIUMPH,STREET TRIPLE 765 RS,2026
TRIUMPH,SPEED TWIN 900,2026
TRIUMPH,SPEED TWIN 1200 RS,2026
TRIUMPH,SPEED TWIN 1200,2026
TRIUMPH,SPEED TRIPLE 1200 RX,2026
TRIUMPH,SPEED TRIPLE 1200 RS,2026
TRIUMPH,SPEED 400,2026
TRIUMPH,SCRAMBLER 400 X,2026
TRIUMPH,SCRAMBLER 1200 X,2026
TRIUMPH,ROCKET 3 STORM R,2026
TRIUMPH,ROCKET 3 STORM GT,2026
TRIUMPH,TRIDENT 660 TRIPLE TRIB,2026
TEREX,GENERAL,9999
ALTEC,AT40-G,2023
ALTEC,AT40-G,2024
HONDA,CRF300LDA,2024
HONDA,CRF300LR,2024
RIVIAN,R1T,2026
RIVIAN,R1S,2026
MERCEDES-BENZ,AMG CLE53 4MATIC+,2024
MERCEDES-BENZ,C 300 4MATIC,2021
MERCEDES-BENZ,E 450 4MATIC ALL-TERRAIN,2024
ROSENBAUER,AVENGER,2022
ROSENBAUER,AERIAL,2019
ROSENBAUER,AERIAL,2020
ROSENBAUER,AERIAL,2021
IC BUS,CESB,2027
IC BUS,CECB,2026
IC BUS,RESB,2018
HARLEY-DAVIDSON,FLHC,2026
HARLEY-DAVIDSON,FLFB,2026
HARLEY-DAVIDSON,FXLRST,2026
HARLEY-DAVIDSON,FXLRS,2026
HARLEY-DAVIDSON,FXBB,2026
HARLEY-DAVIDSON,FXBR,2026
TOYOTA,C-HR,2026
TOYOTA,redundant LAND CRUISER,2026
TOYOTA,LAND CRUISER HYBRID,2024
TOYOTA,redundant LAND CRUISER,2025
KENWORTH,T380,2021
KENWORTH,T280,2021
KENWORTH,W990,2022
KENWORTH,T380,2022
KENWORTH,T280,2022
KENWORTH,T180,2021
KENWORTH,T180,2022
PLEASURE WAY,ONTOUR,2020
MITSUBISHI,OUTLANDER SPORT,2015
MITSUBISHI,LANCER,2014
MITSUBISHI,OUTLANDER SPORT,2023
MITSUBISHI,OUTLANDER SPORT,2019
MITSUBISHI,OUTLANDER SPORT,2018
MITSUBISHI,OUTLANDER SPORT,2017
MITSUBISHI,OUTLANDER SPORT,2016
MITSUBISHI,OUTLANDER SPORT,2014
MITSUBISHI,OUTLANDER SPORT,2013
MITSUBISHI,OUTLANDER SPORT,2012
MITSUBISHI,OUTLANDER SPORT,2011
MITSUBISHI,OUTLANDER,2013
MITSUBISHI,OUTLANDER,2012
MITSUBISHI,OUTLANDER,2011
MITSUBISHI,OUTLANDER,2010
MITSUBISHI,OUTLANDER,2009
MITSUBISHI,OUTLANDER,2008
MITSUBISHI,OUTLANDER,2007
MITSUBISHI,LANCER,2017
MITSUBISHI,LANCER,2016
MITSUBISHI,LANCER,2015
MITSUBISHI,LANCER,2013
MITSUBISHI,LANCER,2012
MITSUBISHI,LANCER,2011
MITSUBISHI,LANCER,2010
MITSUBISHI,LANCER,2009
FORETRAVEL,REALM,2020
FORETRAVEL,FS450,2022
FORETRAVEL,REALM,2021
Atmus,Diesel Fuel Filter FH2237101MX,9999
FORD,EXPLORER HYBRID,2020
FORD,EXPLORER HYBRID,2022
FORD,EXPLORER HYBRID,2025
FORD,EXPLORER HYBRID,2023
FORD,EXPLORER HYBRID,2021
LINCOLN,AVIATOR,2026
CHEVROLET,LOW CAB FORWARD 4500,2025
CHEVROLET,LOW CAB FORWARD 3500,2025
ALFA ROMEO,STELVIO,2026
ALFA ROMEO,GIULIA,2026
MERCEDES-BENZ,AMG EQS 4MATIC+,2023
MERCEDES-BENZ,AMG EQS 4MATIC+,2024
MERCEDES-BENZ,AMG EQS 4MATIC+,2025
MERCEDES-BENZ,AMG GLC43 4MATIC,2024
MERCEDES-BENZ,AMG GLS63,2026
CHEVROLET,LOW CAB FORWARD 5500,2025
CHEVROLET,LOW CAB FORWARD 6500,2025
CHEVROLET,LOW CAB FORWARD 7500,2025
CHEVROLET,LOW CAB FORWARD 3500,2024
CHEVROLET,LOW CAB FORWARD 4500,2024
CHEVROLET,LOW CAB FORWARD 5500,2024
CHEVROLET,LOW CAB FORWARD 6500,2024
CHEVROLET,LOW CAB FORWARD 7500,2024
CHEVROLET,LOW CAB FORWARD 4500,2026
CHEVROLET,LOW CAB FORWARD 7500,2026
CHEVROLET,LOW CAB FORWARD 3500,2023
CHEVROLET,LOW CAB FORWARD 4500,2023
CHEVROLET,LOW CAB FORWARD 5500,2023
CHEVROLET,LOW CAB FORWARD 6500,2023
CHEVROLET,LOW CAB FORWARD 7500,2023
MERCEDES-BENZ,C 300 4MATIC,2022
MERCEDES-BENZ,S 500 4MATIC,2025
MERCEDES-BENZ,S 580 4MATIC,2025
MERCEDES-MAYBACH,S 580 4MATIC,2025
MERCEDES-MAYBACH,S 680 4MATIC,2025
MERCEDES-BENZ,GLA 250 4MATIC,2021
MERCEDES-BENZ,A 220 4MATIC,2021
MERCEDES-BENZ,A 220 4MATIC,2020
MERCEDES-BENZ,AMG A35 4MATIC,2020
MERCEDES-BENZ,AMG CLA45 4MATIC,2020
MERCEDES-BENZ,CLA 250 4MATIC,2020
MERCEDES-BENZ,CLA 250 4MATIC,2021
MERCEDES-BENZ,AMG CLA35 4MATIC,2020
MERCEDES-BENZ,GLB 250 4MATIC,2021
MERCEDES-BENZ,GLB 250 4MATIC,2020
GRAND DESIGN,MOMENTUM,2021
GRAND DESIGN,MOMENTUM,2023
GRAND DESIGN,MOMENTUM,2020
GRAND DESIGN,MOMENTUM,2022
GRAND DESIGN,SOLITUDE,2022
HONDA,ODYSSEY,2026
NEW FLYER,XDE40,2023
NEW FLYER,XDE40,2022
KIA,SORENTO,2026
KIA,NIRO EV,2026
KIA,SELTOS,2026
KIA,SORENTO PHEV,2026
KIA,SORENTO,2010
KIA,SORENTO HYBRID,2026
KIA,NIRO PHEV,2026
KIA,SOUL EV,2020
KIA,SOUL EV,2014
JAYCO TRAVEL TRAILER,EAGLE HT,2026
JAYCO FIFTH WHEEL,EAGLE,2025
JAYCO TRAVEL TRAILER,EAGLE HT,2025
JAYCO FIFTH WHEEL,EAGLE,2026
JAYCO TRAVEL TRAILER,EAGLE,2024
JAYCO TRAVEL TRAILER,EAGLE HT,2024
JAYCO FIFTH WHEEL,EAGLE,2024
JAYCO FIFTH WHEEL,EAGLE HT,2026
JAYCO FIFTH WHEEL,EAGLE HT,2025
KEYSTONE,OUTBACK,2024
KEYSTONE,OUTBACK,2026
KEYSTONE,OUTBACK,2025
VOLVO,EX30CC,2026
ENTEGRA,ASPIRE,2024
ENTEGRA,ANTHEM,2024
ENTEGRA,CORNERSTONE,2024
ENTEGRA,ASPIRE,2025
ENTEGRA,ASPIRE,2023
MERCEDES-BENZ,GLC 350 E 4MATIC,2026
MERCEDES-BENZ,C 300 4MATIC,2026
MERCEDES-BENZ,AMG C43 4MATIC,2026
MERCEDES-BENZ,AMG GLC43 4MATIC,2026
MERCEDES-BENZ,GLC43 4MATIC COUPE,2026
MERCEDES-BENZ,GLE 450 4MATIC,2026
MERCEDES-BENZ,AMG SL63 4MATIC+,2026
MERCEDES-BENZ,GLE 350 4MATIC,2026
MERCEDES-BENZ,AMG SL63 S E PERFORMANCE 4MATIC+,2025
MERCEDES-BENZ,AMG GT63 4MATIC+,2025
MERCEDES-BENZ,AMG GT63 S E PERFORMANCE 4MATIC+,2026
MERCEDES-BENZ,AMG SL63 S E PERFORMANCE 4MATIC+,2024
MERCEDES-BENZ,AMG GT43,2026
MERCEDES-BENZ,AMG GT63 S E PERFORMANCE,2024
MERCEDES-BENZ,AMG GT63 S E PERFORMANCE 4MATIC+,2025
MERCEDES-BENZ,AMG GT63 PRO 4MATIC+,2025
MERCEDES-BENZ,AMG GT63 PRO 4MATIC+,2026
MERCEDES-BENZ,AMG GT63 4MATIC+,2026
MERCEDES-BENZ,AMG SL63 4MATIC+,2024
MERCEDES-BENZ,E 450 4MATIC,2026
MERCEDES-BENZ,E 350 4MATIC,2026
MERCEDES-BENZ,E 350 4MATIC,2024
MERCEDES-BENZ,AMG SL63 4MATIC+,2025
MERCEDES-BENZ,E 350,2026
MERCEDES-BENZ,E 450 4MATIC,2024
MERCEDES-BENZ,AMG SL63 S E PERFORMANCE 4MATIC+,2026
MERCEDES-BENZ,C 300,2026
MERCEDES-BENZ,AMG C63 S E PERFORMANCE 4MATIC+,2026
MERCEDES-BENZ,E53 E 4MATIC+,2025
MERCEDES-BENZ,E 450 4MATIC ALL-TERRAIN,2026
MERCEDES-BENZ,AMG GLC63 S E 4MATIC+,2026
MERCEDES-BENZ,AMG GLC63 S E 4MATIC+ COUPE,2026
MERCEDES-BENZ,E53 E 4MATIC+ ALL-TERRAIN,2026
TESLA,MODEL Y,2026
FORD,F-600 SD,2026
FORD,F-600 SD,2025
FORD,F-150 LIGHTNING BEV,2026
FORD,F-150,2026
KAWASAKI,NINJA ZX-6R,2025
KAWASAKI,NINJA ZX-6R,2024
MAZDA,PROTEGE 5,2003
MAZDA,PROTEGE 5,2002
FORD,ECONOLINE,2019
FORD,ECONOLINE,2018
FORD,ECONOLINE,2017
MAZDA,CX-7,2013
FORD,GT,2020
FORD,GT,2022
FORD,GT,2021
FORD,EXPLORER,2026
TRIUMPH,TIGER SPORT 800 TOUR,2026
POLARIS,SLINGSHOT GRAND TOURING,2026
POLARIS,SLINGSHOT SL,2026
POLARIS,SLINGSHOT SLR,2026
POLARIS,SLINGSHOT R,2026
POLARIS,SLINGSHOT S,2026
BMW,M3,2026
BMW,M5,2026
BMW,430I XDRIVE,2024
BMW,430I XDRIVE,2026
BMW,Z4 M40I,2026
BMW,430I XDRIVE,2025
BMW,X6,2017
HONDA,PROLOGUE,2026
ALLISON,H 50 EP TRANSMISSION,9999
ALLISON,H 40 EP TRANSMISSION,9999
MERCEDES-BENZ,CLE 300 4MATIC,2026
MERCEDES-BENZ,CLE 300 4MATIC CABRIOLET,2026
MERCEDES-BENZ,AMG CLE53 4MATIC,2026
MERCEDES-BENZ,AMG CLE53 4MATIC CABRIOLET,2026
MERCEDES-BENZ,CLE 450 4MATIC CABRIOLET,2026
MERCEDES-BENZ,CLE 450 4MATIC,2026
KIA,FORTE KOUP,2013
KIA,FORTE KOUP,2012
BMW,K 1600 GTL,2024
BMW,K 1600 B,2024
BMW,K 1600 GT,2023
BMW,K 1600 GT,2024
BMW,K 1600 GTL,2023
BMW,K 1600 B,2023
FOREST RIVER,AURORA,2026
COACHMEN,CATALINA,2026
PORSCHE,TAYCAN TURBO GT,2026
GREAT DANE,CHAMPION,2024
GREAT DANE,EVEREST SS,2024
GREAT DANE,EVEREST,2024
GREAT DANE,EVEREST SS,2026
GREAT DANE,EVEREST,2025
GREAT DANE,EVEREST,2026
GREAT DANE,EVEREST SS,2025
GREAT DANE,CHAMPION,2025
KENWORTH,W900B,2021
KENWORTH,W900B,2022
KENWORTH,W900B,2023
KENWORTH,W900B,2024
KENWORTH,W900B,2025
KENWORTH,T380,2020
KENWORTH,T480,2020
KENWORTH,T270,2023
KENWORTH,T270,2022
KENWORTH,T270,2021
KENWORTH,T270,2020
PETERBILT,320,2022
SUBARU,WRX,2025
SUBARU,WRX,2026
SUBARU,BRZ,2025
LOTUS,EMIRA,2026
HINO,CONVENTIONAL MODELS,2016
HINO,CONVENTIONAL MODELS,2011
HINO,CONVENTIONAL MODELS,2017
HINO,CONVENTIONAL MODELS,2014
HINO,CONVENTIONAL MODELS,2013
HINO,CONVENTIONAL MODELS,2012
HINO,CONVENTIONAL MODELS,2015
HINO,CAB-OVER,2017
HINO,CAB-OVER,2016
HINO,CAB-OVER,2014
HINO,CAB-OVER,2015
HINO,CAB-OVER,2013
FORD,EXPEDITION,2026
FCCC,XC CHASSIS,2024
FCCC,XC CHASSIS,2023
FIRESTONE,740,9999
LAMBORGHINI,TEMERARIO,2026
PORSCHE,TAYCAN 4 CROSS TURISMO,2025
PORSCHE,TAYCAN 4S,2025
PORSCHE,TAYCAN 4S CROSS TURISMO,2025
PORSCHE,TAYCAN GTS SPORT TURISMO,2025
PORSCHE,MACAN ELECTRIC,2026
PORSCHE,MACAN TURBO ELECTRIC,2026
PORSCHE,MACAN 4 ELECTRIC,2026
PORSCHE,911 GT3,2026
PORSCHE,911 CARRERA,2026
PORSCHE,PANAMERA TURBO S E-HYBRID,2026
PORSCHE,PANAMERA 4S E-HYBRID,2026
PORSCHE,PANAMERA TURBO E-HYBRID,2026
AUDI,RS E-TRON GT,2025
AUDI,S8 PLUS,2016
AUDI,A6 SPORTBACK E-TRON,2027
AUDI,S6 SPORTBACK E-TRON,2027
AUDI,Q6 E-TRON,2027
AUDI,SQ6 E-TRON,2027
AUDI,Q6 SPORTBACK E-TRON,2027
AUDI,SQ6 SPORTBACK E-TRON,2027
TIMPTE,TIMPTE,2023
TIMPTE,TIMPTE,2025
TIMPTE,TIMPTE,2022
TIMPTE,TIMPTE,2024
JAGUAR,F-PACE,2026
LUCID,GRAVITY,2026
KME,PANTHER,2026
KME,PANTHER,2022
SPARTAN FIRE,METROSTAR-X,2014
SPARTAN FIRE,METROSTAR-X,2015
SPARTAN FIRE,METROSTAR-X,2016
SPARTAN FIRE,METROSTAR RT,2019
SPARTAN FIRE,METROSTAR RT,2017
SPARTAN FIRE,METROSTAR RT,2014
SPARTAN FIRE,METROSTAR RT,2013
SPARTAN FIRE,METROSTAR RT,2012
SPARTAN FIRE,FC-94,2026
SPARTAN FIRE,GLADIATOR,2026
KME,PREDATOR,2023
KME,PREDATOR,2025
SPARTAN FIRE,METROSTAR-X,2017
SPARTAN FIRE,FC-94,2023
SPARTAN FIRE,FC-94,2022
SPARTAN FIRE,FC-94,2021
SPARTAN FIRE,METROSTAR-X,2013
SPARTAN FIRE,METROSTAR-X,2018
SPARTAN FIRE,METROSTAR,2010
SPARTAN FIRE,GLADIATOR,2010
VERMEER,VACUUM EXCAVATOR,2021
VERMEER,VACUUM EXCAVATOR,2022
MCLAUGHLIN,VACUUM EXCAVATOR,2020
MCLAUGHLIN,VACUUM EXCAVATOR,2010
MCLAUGHLIN,VACUUM EXCAVATOR,2011
MCLAUGHLIN,VACUUM EXCAVATOR,2013
MCLAUGHLIN,VACUUM EXCAVATOR,2012
MCLAUGHLIN,VACUUM EXCAVATOR,2014
VERMEER,VACUUM EXCAVATOR,2023
VERMEER,VACUUM EXCAVATOR,2024
MCLAUGHLIN,VACUUM EXCAVATOR,2015
MCLAUGHLIN,VACUUM EXCAVATOR,2016
MCLAUGHLIN,VACUUM EXCAVATOR,2017
MCLAUGHLIN,VACUUM EXCAVATOR,2018
MCLAUGHLIN,VACUUM EXCAVATOR,2019
VERMEER,VACUUM EXCAVATOR,2025
VERMEER,VACUUM EXCAVATOR,2026
PLEASURE WAY,EXCEL,2010
PLEASURE WAY,PLATEAU,2020
LEXUS,RX HYBRID,2007
LEXUS,SC,2006
LEXUS,RX,2005
LEXUS,RX,2006
LEXUS,RX,2007
LEXUS,RX,2008
LEXUS,RX,2009
LEXUS,RX HYBRID,2006
LEXUS,LX,2005
LEXUS,LX,2006
LEXUS,LX,2007
LEXUS,LX,2008
LEXUS,LX,2009
LEXUS,RX HYBRID,2008
LEXUS,ES,2005
LEXUS,ES,2006
LEXUS,ES,2007
LEXUS,ES,2008
LEXUS,ES,2009
LEXUS,GS,2005
LEXUS,GS,2006
LEXUS,GS,2007
LEXUS,GS,2008
LEXUS,GS,2009
LEXUS,GS HYBRID,2007
LEXUS,GS HYBRID,2008
LEXUS,GS HYBRID,2009
LEXUS,GX,2005
LEXUS,GX,2006
LEXUS,GX,2007
LEXUS,GX,2008
LEXUS,GX,2009
LEXUS,SC,2009
LEXUS,SC,2008
LEXUS,SC,2005
LEXUS,HS,2010
LEXUS,HS,2011
LEXUS,HS,2012
LEXUS,IS,2005
LEXUS,IS,2006
LEXUS,IS,2007
LEXUS,LS,2005
LEXUS,LS,2006
LEXUS,LS,2007
LEXUS,LS,2008
LEXUS,LS,2009
LEXUS,SC,2007
LEXUS,LS HYBRID,2008
LEXUS,LS HYBRID,2009
LEXUS,LS HYBRID,2010
LEXUS,LS HYBRID,2011
LEXUS,LS HYBRID,2012
MERCEDES-MAYBACH,SL 680 4MATIC+,2026
MERCEDES-BENZ,AMG SL43,2026
KT PACER,AT35,2024
KT PACER,AT35,2021
KT PACER,AT35,2025
KT PACER,AT35,2023
KT PACER,AT35,2022
ALTEC,DT85 SERIES,2025
ALTEC,DT85 SERIES,2022
ALTEC,DT85 SERIES,2023
ALTEC,DT85 SERIES,2024
ALTEC,DT85 SERIES,2021
ALTEC,DT85 SERIES,2020
MERCEDES-BENZ,E 53 4MATIC+,2026
CHEVROLET,LOW CAB FORWARD 3500,2020
CHEVROLET,LOW CAB FORWARD 4500,2020
CHEVROLET,LOW CAB FORWARD 5500,2020
CHEVROLET,LOW CAB FORWARD 6500,2020
CHEVROLET,LOW CAB FORWARD 4500,2018
CHEVROLET,LOW CAB FORWARD 5500,2018
CHEVROLET,LOW CAB FORWARD 4500,2019
CHEVROLET,LOW CAB FORWARD 5500,2019
CHEVROLET,LOW CAB FORWARD 6500,2019
CHEVROLET,LOW CAB FORWARD 6500,2017
CHEVROLET,LOW CAB FORWARD 6500,2016
CHEVROLET,LOW CAB FORWARD 7500,2022
CHEVROLET,LOW CAB FORWARD 6500,2022
CHEVROLET,LOW CAB FORWARD 5500,2022
CHEVROLET,LOW CAB FORWARD 4500,2022
CHEVROLET,LOW CAB FORWARD 3500,2022
CHEVROLET,LOW CAB FORWARD 7500,2021
CHEVROLET,LOW CAB FORWARD 6500,2021
CHEVROLET,LOW CAB FORWARD 5500,2021
CHEVROLET,LOW CAB FORWARD 4500,2021
CHEVROLET,LOW CAB FORWARD 3500,2021
MERCEDES-BENZ,AMG GT55 4MATIC+,2024
MERCEDES-BENZ,AMG SL55 4MATIC+,2024
MERCEDES-BENZ,AMG SL55 4MATIC+,2025
MERCEDES-BENZ,AMG SL55 4MATIC+,2026
MERCEDES-BENZ,AMG GT55 4MATIC+,2026
MERCEDES-BENZ,AMG GT55 4MATIC+,2025
NEW FLYER,XDE40,2017
NEW FLYER,XT40,2018
NEW FLYER,XT60,2018
NEW FLYER,XT60,2014
NEW FLYER,XT60,2017
NEW FLYER,XT40,2017
LINCOLN,NAVIGATOR,2026
BMW,228I,2022
HONDA,CIVIC SI,2024
HONDA,CIVIC SI,2022
HONDA,CIVIC SI,2025
HONDA,CIVIC SI,2026
HONDA,CIVIC SI,2023
ACURA,MDX TYPE S,2025
KIA,EV6,2026
KIA,K4,2026
KIA,NIRO,2026
GRADALL,XL5100V,2018
GRADALL,XL3100IV,2011
GRADALL,XL3100IV,2012
GRADALL,XL5100V,2023
GRADALL,XL3100V,2024
GRADALL,XL3100IV,2013
GRADALL,XL3100IV,2014
GRADALL,XL3100IV,2015
GRADALL,XL3100IV,2016
GRADALL,XL3100IV,2017
GRADALL,XL3100IV,2018
GRADALL,XL3100IV,2019
GRADALL,XL3100IV,2020
GRADALL,XL3100IV,2021
GRADALL,XL3100IV,2022
GRADALL,XL3100IV,2023
GRADALL,XL3100IV,2024
GRADALL,XL4100IV,2011
GRADALL,XL4100IV,2012
GRADALL,XL4100IV,2013
GRADALL,XL4100IV,2014
GRADALL,XL4100IV,2015
GRADALL,XL4100IV,2016
GRADALL,XL4100IV,2017
GRADALL,XL4100IV,2018
GRADALL,XL4100IV,2019
GRADALL,XL4100IV,2020
GRADALL,XL4100IV,2021
GRADALL,XL4100IV,2022
GRADALL,XL4100IV,2023
GRADALL,XL4100IV,2024
GRADALL,XL4100IV,2025
GRADALL,XL5100IV,2011
GRADALL,XL5100IV,2012
GRADALL,XL5100IV,2013
GRADALL,XL5100IV,2014
GRADALL,XL5100IV,2015
GRADALL,XL5100IV,2016
GRADALL,XL5100IV,2017
GRADALL,XL5100IV,2018
GRADALL,XL5100IV,2019
GRADALL,XL5100IV,2020
GRADALL,XL5100IV,2021
GRADALL,XL5100IV,2022
GRADALL,XL5100IV,2023
GRADALL,XL5100IV,2024
GRADALL,XL5100IV,2025
GRADALL,XL5100V,2011
GRADALL,XL5100V,2012
GRADALL,XL5100V,2013
GRADALL,XL3100IV,2025
GRADALL,XL4100V,2024
GRADALL,XL4100V,2025
GRADALL,XL5100V,2024
GRADALL,XL3100V,2023
GRADALL,XL3100V,2022
GRADALL,XL3100V,2021
GRADALL,XL4100V,2022
GRADALL,XL4100V,2021
GRADALL,XL4100V,2020
GRADALL,XL4100V,2019
GRADALL,XL4100V,2018
GRADALL,XL4100V,2017
GRADALL,XL4100V,2016
GRADALL,XL4100V,2015
GRADALL,XL4100V,2014
GRADALL,XL4100V,2013
GRADALL,XL4100V,2012
GRADALL,XL4100V,2011
GRADALL,XL5100V,2025
GRADALL,XL5100V,2022
GRADALL,XL5100V,2021
GRADALL,XL5100V,2020
GRADALL,XL5100V,2019
GRADALL,XL5100V,2017
GRADALL,XL3100V,2020
GRADALL,XL5100V,2016
GRADALL,XL5100V,2014
GRADALL,XL5100V,2015
GRADALL,XL3100V,2019
GRADALL,XL3100V,2018
GRADALL,XL3100V,2017
GRADALL,XL3100V,2016
GRADALL,XL3100V,2015
GRADALL,XL3100V,2014
GRADALL,XL3100V,2013
GRADALL,XL3100V,2012
GRADALL,XL3100V,2011
GRADALL,XL4100V,2023
KTM,1390 SUPER DUKE R EVO,2024
VERMEER,AX17,2026
VERMEER,TR626,2026
VERMEER,TG7000,2026
VERMEER,TG5000,2026
VERMEER,SC802,2026
VERMEER,BC700XL,2025
VERMEER,BC1800XL,2026
VERMEER,BC1800XL,2025
VERMEER,BC700XL,2026
VERMEER,DT6,2026
VERMEER,BC1500,2026
VERMEER,BC1200XL,2026
VERMEER,BC1200XL,2025
VERMEER,AX19,2026
VERMEER,HG4000G2,2026
VERMEER,TR5300,2026
MERCEDES-BENZ,GLE 580 4MATIC,2025
KOENIGSEGG,CC850,2025
KOENIGSEGG,JESKO,2025
BENDIX,ATR-6 TRACTION RELAY VALV,9999
BENDIX,TRAILER SPRING BRAKE,9999
BENDIX,MASTER CYLINDER,9999
BENDIX,TRAILER SYSTEM GUARD,9999
BENDIX,SR-2,9999
BENDIX,SR-4,9999
BENDIX,SR-5,9999
BENDIX,SC-3 CHECK VALVE,9999
BENDIX,AUTOMATIC SLACK ADJUSTER,9999
BENDIX,PARKER SCV,9999
BENDIX,SR-7,9999
BENDIX,SL4 STOP LIGHT SWITCH,9999
BENDIX,AD-2 AIR DRYER,9999
BENDIX,TRAILER CONTROL VALVE,9999
BENDIX,PURAGUARD DL,9999
BENDIX,DASH CONTROL VALVE,9999
BENDIX,MV-3,9999
BENDIX,PRESSURE SWITCH,9999
BENDIX,E-6,9999
BENDIX,E-10PR,9999
BENDIX,E-10,9999
BENDIX,TREADLE ASSEMBLY,9999
BENDIX,E-10R,9999
BENDIX,TU FLO 550,9999
BENDIX,750 AIR COMPRESSOR,9999
BENDIX,DRUM BRAKE,9999
BENDIX,VORAD VS-400,9999
BENDIX,AIR DISC BRAKE CHECKLIST,9999
BENDIX,TR-3 VALVE 101450,9999
BENDIX,LQ-5,9999
BENDIX,TC-7 TRAILER,9999
BMW,750I,2013
BMW,750I,2014
BMW,650I,2013
BMW,X6,2016
BMW,X6,2015
BMW,550I,2017
BMW,550I,2015
BMW,X6,2018
BMW,550I,2014
BMW,550I,2016
BMW,550I,2013
BMW,650I,2017
BMW,650I,2016
BMW,650I,2015
BMW,650I,2014
FREIGHTLINER,CASCADIA FIFTH GEN,2027
FCCC,MT55,2026
FCCC,S2RV,2026
THOMAS BUILT BUSES,SAF-T-LINER HDX2,2027
JAYCO,REDHAWK SE,2026
JAYCO,REDHAWK SE,2025
FOREST RIVER,BERKSHIRE,2014
FORD,BRONCO SPORT,2026
BMW,K 1600 GRAND AMERICA,2025
BMW,C 400 X,2019
MINI,COOPER S,2024
MINI,COOPER SE,2024
HINO,FA4J,2002
PETERBILT,367,2017
PETERBILT,367,2018
KENWORTH,T800B,2021
KENWORTH,T800B,2022
KENWORTH,T800B,2023
KENWORTH,T800B,2024
KENWORTH,T800B,2025
KENWORTH,T800,2023
KENWORTH,T680,2017
KENWORTH,C500 EXP,2025
KENWORTH,C500,2025
KENWORTH,C500B,2024
KENWORTH,C500B,2025
KENWORTH,T800,2017
KENWORTH,T800,2018
KENWORTH,W990,2021
CUMMINS,HGJBB,9999
CUMMINS,B6.7N,9999
PORSCHE,PANAMERA 4,2026
PORSCHE,718 BOXSTER,2026
PORSCHE,718 SPYDER,2026
PORSCHE,CAYENNE E-HYBRID COUPE,2026
PORSCHE,MACAN GTS,2026
PORSCHE,MACAN S,2026
PORSCHE,TAYCAN 4 CROSS TURISMO,2026
PORSCHE,TAYCAN 4S,2026
PORSCHE,TAYCAN 4S CROSS TURISMO,2026
PORSCHE,TAYCAN GTS SPORT TURISMO,2026
PORSCHE,TAYCAN TURBO,2025
PORSCHE,TAYCAN TURBO CROSS TURISM,2025
PORSCHE,TAYCAN TURBO CROSS TURISM,2026
PORSCHE,TAYCAN TURBO S CROSS TURI,2025
PORSCHE,TAYCAN TURBO S CROSS TURI,2026
PORSCHE,TAYCAN TURBO S,2025
PORSCHE,TAYCAN TURBO S,2026
PORSCHE,TAYCAN 4,2026
PORSCHE,PANAMERA 4S E-HYBRID,2025
PORSCHE,PANAMERA GTS,2026
PORSCHE,PANAMERA GTS,2025
PORSCHE,PANAMERA TURBO E-HYBRID,2025
PORSCHE,PANAMERA TURBO S E-HYBRID,2025
PORSCHE,CAYENNE TURBO E-HYBRID,2025
PORSCHE,CAYENNE TURBO E-HYBRID,2026
PORSCHE,CAYENNE TURBO E-HYBRID COUPE,2024
PORSCHE,CAYENNE TURBO E-HYBRID COUPE,2025
PORSCHE,CAYENNE TURBO E-HYBRID COUPE,2026
PORSCHE,CAYENNE S COUPE,2025
PORSCHE,CAYENNE S COUPE,2026
PORSCHE,CAYENNE GTS,2025
PORSCHE,CAYENNE GTS,2026
PORSCHE,CAYENNE GTS COUPE,2026
PORSCHE,CAYENNE GTS COUPE,2025
PORSCHE,CAYENNE GTS COUPE,2024
PORSCHE,CAYENNE TURBO GT COUPE,2025
INTERNATIONAL,7600,2016
VOLVO,V60MHEV,2023
HONDA,CIVIC,2010
HONDA,CIVIC,2011
HONDA,CIVIC SI,2011
HONDA,CIVIC,2009
HONDA,CIVIC,2008
HONDA,CIVIC,2007
HONDA,CIVIC,2006
HONDA,RIDGELINE,2012
HONDA,RIDGELINE,2013
HONDA,RIDGELINE,2014
HONDA,RIDGELINE,2008
HONDA,RIDGELINE,2010
HONDA,RIDGELINE,2011
HONDA,RIDGELINE,2007
HONDA,RIDGELINE,2009
HONDA,RIDGELINE,2006
LAND ROVER,RANGE ROVER SPORT,2026
LAND ROVER,RANGE ROVER,2026
LAND ROVER,DISCOVERY SPORT,2026
LAND ROVER,DISCOVERY,2026
LAND ROVER,DEFENDER,2026
LAND ROVER,RANGE ROVER SPORT PHEV,2025
HARLEY-DAVIDSON,FLHLTSE,2026
HARLEY-DAVIDSON,FLHXSE,2026
HARLEY-DAVIDSON,RA1250L,2026
HARLEY-DAVIDSON,RA1250S,2026
HARLEY-DAVIDSON,FLHLT,2026
HARLEY-DAVIDSON,RH975S,2026
HARLEY-DAVIDSON,RH975,2026
HARLEY-DAVIDSON,RA1250ST,2026
HARLEY-DAVIDSON,FLTRT,2026
HARLEY-DAVIDSON,FLTRXP,2026
HARLEY-DAVIDSON,FLTRXL,2026
HARLEY-DAVIDSON,FLTRX,2026
HARLEY-DAVIDSON,FLHXL,2026
HARLEY-DAVIDSON,FLHX,2026
HARLEY-DAVIDSON,FLHXLSE,2026
HARLEY-DAVIDSON,FLHXSTSE,2026
HARLEY-DAVIDSON,FLTRXSTSE,2026
HARLEY-DAVIDSON,RH1250S,2026
NEW FLYER,XDE40,2026
NEW FLYER,XDE35,2022
NEW FLYER,XDE35,2023
NEW FLYER,XDE35,2026
NEW FLYER,XDE35,2025
ALTEC,AC45,2019
ALTEC,AC45,2020
ALTEC,AC45,2017
ALTEC,AC45,2023
ALTEC,AC45,2024
ALTEC,AC45,2025
ALTEC,AC45,2018
ALTEC,AC45,2022
ALTEC,AC45,2021
PIERCE,ARROW XT,2025
PIERCE,ENFORCER,2025
PIERCE,SABER,2025
PIERCE,VELOCITY,2025
PIERCE,IMPEL,2025
MOTO GUZZI,V7 SPORT,2026
MOTO GUZZI,V7 STONE,2026
MOTO GUZZI,V7 SPECIAL,2026
ROYAL ENFIELD,SIGNALS 350,2023
ROYAL ENFIELD,CLASSIC 350,2025
ROYAL ENFIELD,CLASSIC 350,2023
ROYAL ENFIELD,CLASSIC 350,2022
ROYAL ENFIELD,BULLET 350,2024
ROYAL ENFIELD,CLASSIC 350,2024
ROYAL ENFIELD,BULLET 350,2025
ROYAL ENFIELD,SIGNALS 350,2022
ROYAL ENFIELD,METEOR 350,2025
ROYAL ENFIELD,METEOR 350,2024
ROYAL ENFIELD,METEOR 350,2023
ROYAL ENFIELD,METEOR 350,2022
ROYAL ENFIELD,METEOR 350,2021
ROYAL ENFIELD,HUNTER 350,2025
ROYAL ENFIELD,HUNTER 350,2024
ROYAL ENFIELD,HUNTER 350,2023
INFINITI,G35,2007
INFINITI,QX60,2026
INFINITI,QX80,2026
NISSAN,ARMADA,2026
NISSAN,ROGUE,2026
NISSAN,KICKS,2026
NISSAN,MURANO,2026
NISSAN,PATHFINDER,2026
APRILIA,RS 660 F,2026
APRILIA,RS 660,2026
STORYTELLER OVERLAND,CREW MODE XL,2026
STORYTELLER OVERLAND,CREW MODE XL,2025
EMBER,OVERLAND SERIES,2026
EMBER,E-SERIES,2023
EMBER,E-SERIES,2024
EMBER,OVERLAND SERIES,2025
EMBER,TOURING EDITION,2026
EMBER,TOURING EDITION,2027
ALTEC,SERVICE BODY,2017
ALTEC,SERVICE BODY,2016
